review_id,hotel_id,hotel_name,city,review_text,rating,language,sentiment_score,sentiment_label,topic_id,topic_name,trip_type,published_date
940920463,235516,AC Hotel Miami Wynwood,Miami,"AC Hotel was in the perfect location for us, sitting about halfway between the airport and the cruise terminals. We were able to get a ride share easily to and from the hotel's front door. Sharing a meal on the rooftop at night was spectacular as well as getting breakfast on the first floor in the morning. Yummy food! My favorite part of our stay was interacting with AC's friendly and helpful staff. Smiles and kindness overflows at this hotel.",5,en,0.9426252245903015,positive,-1,Unknown,FAMILY,2024-03-05
941788654,235516,AC Hotel Miami Wynwood,Miami,Sheryl at the front desk was so helpful; she had a long line and was by herself but when it came my turn she helped me out with kindness and patience. The room is clean; recommend ocean view room. The rooftop bar / pool / lounge area is lovely. It’s in the flight path so you will see many planes flying overhead.,5,en,0.7572851181030273,positive,-1,Unknown,COUPLES,2024-03-11
944421534,235516,AC Hotel Miami Wynwood,Miami,"This is one of the best Marriott properties I have visited. It is modern and clean like many of the newer ACs, Alofts, Residence Inns etc. However, added features really made a difference. There are 2 great hotels, including a cool rooftop bar. The restaurant in the lobby has a very nice breakfast offering both a la carte and buffet! The location is great, very walkable area for shopping, restaurants, bars etc. All of that said, my only reason I am writing this review is DIEGO and all the other great AC Hotel Wynwood staff at the reception desk! They were so awesome and accommodating; a real pleasure to interact with. Each one of them was quick to offer a smile and super helpful recommendations. Diego left a lasting impression with his professionalism and good nature. BIG BIG BIG BIG UP TO DIEGO! Thank you for making the stay for my friends and I very very enjoyable!!!!!!! Whenever we are in the area we will be staying at the AC Hotel Wynwood.",5,en,0.949654221534729,positive,-1,Unknown,FRIENDS,2024-03-29
944698332,235516,AC Hotel Miami Wynwood,Miami,We have titanium statues and Freddy was phenomenal. The staff was grade A and took care of our needs. The area the Hotel is located is excellent it has everything you need nearby from exclusive shops to large box stores. Plus for us the restaurants in the area are some of the most mouth watering establishments in all of Miami.,5,en,0.9702567458152771,positive,0,hotel,FAMILY,2024-03-31
945273189,235516,AC Hotel Miami Wynwood,Miami,"Nice hotel. Large rooms, nice view. Good breakfast, reasonably priced. Nice staff. The location is good, close to the airport, downtown and Miami Beach. The dinner menu is also ok. However, some things in our room were broken: The toilet seat, the roll curtain and some power outlets. Would come again.",5,en,0.8628197908401489,positive,0,hotel,FAMILY,2024-04-04
948041990,235516,AC Hotel Miami Wynwood,Miami,"We were offered this hotel when our flight canceled on 4/22/24 and glad we did. After my family and roughly 11 others arrived, we were greeted by a very patient front desk clerk, Sheryl. With everyone being frustrated with our unexpected canceled flight, rather than Sheryl herself be frustrated, she explained the process with the airline to the whole group and had everyone prepared to get the info needed to expedite the checkin process. I failed to say this was going on at 12:45am. Sheryl is exceptional and a committed employee. Please do what’s necessary to keep her on her staff. Outstanding work!",5,en,0.9613476395606995,positive,0,hotel,FAMILY,2024-04-24
948761410,235516,AC Hotel Miami Wynwood,Miami,"Everyone was great, but the Brazilian woman in the restaurant was one of the BEST and most memorable people I have met in my entire life. I teach customer service for a living and she could not have been warmer, kinder, and more attentive to everyone in the dining room. Even our kids adored her! I teach customer service for a living and this woman sets an example like none I’ve ever seen. My husband and I were there a year ago, and we actually remembered her for being so amazing! Please tell her that the families from Key West will always remember her! We’ll be back for sure ! Best, Elisa Levy",5,en,0.981113612651825,positive,3,jasmine,FRIENDS,2024-04-29
948799486,235516,AC Hotel Miami Wynwood,Miami,"It's always a great experience at this hotel. I stay here every few months for work. I appreciate the support from the staff, special acknowledgment to Sherly. She goes beyond the call and her professionalism is positively is contagious. Thanks again!",5,en,0.9682887196540833,positive,1,service,BUSINESS,2024-04-29
949089428,235516,AC Hotel Miami Wynwood,Miami,It was a wonderful experience being greeted by Shelly. She was kind professional and very pleasant.Roof top restaurant was amazing. All of the staff I encountered were awesome! Main restaurant has a pretty amazing cocktail menu for the “Elite”,5,en,0.9482646584510803,positive,1,service,BUSINESS,2024-05-01
952794465,235516,AC Hotel Miami Wynwood,Miami,"Shelly kicks butt!!! Yes the hotel is great, love the entire facility and my favorite is the rooftop/pool! Now back to Shelly, her service was amazing, it was great to see her in the waving when we returned, she checked us in and was so welcoming. She was calm under pressure, assisted guest quickly and always with a smile! We loved the property, location and we could not have asked for better service from Shelly and the rest of the staff!",5,en,0.9556611180305481,positive,-1,Unknown,COUPLES,2024-05-29
955121703,235516,AC Hotel Miami Wynwood,Miami,"Recommended for lovers of the beach nearby, far from the crowd and ideal for the pool on the top floor with beauty for the view looking at the Caribbean Sea, so this option is very valid to spend a weekend and several more days or a week romantic",5,en,0.909375011920929,positive,0,hotel,FAMILY,2024-06-14
955374925,235516,AC Hotel Miami Wynwood,Miami,"Newly renovated, so the interior is in great condition. Rooms are small, ocean front doesn't have a balcony but city view does. That makes little sense. Front desk staff was mildly ok, felt like they would have rather been somewhere else. Staff recognized status on check-in but nightly upgrade award was denied by corp. Daily destination fee is a rip, provides little to no value. On site restaurant was fine but M club was disappointing. No real snacks or drinks other than soda, coffee and tea. Nothing really fun to do close by but its ok to use as a jumping point for a night for a cruise.",4,en,0.420106440782547,negative,0,hotel,FAMILY,2024-06-16
960080717,235516,AC Hotel Miami Wynwood,Miami,"My family and I are enjoying an amazing experience here in Miami. The staff at AC hotel are the best, Freddy at the front desk is absolutely outstanding and having been to a lot of Marriot Hotels as a Bonvoy member, he takes the time to listen, explain and finds the best value solution. He made our stay a 15 over 10.",5,en,0.960561990737915,positive,0,hotel,FAMILY,2024-07-20
962852870,235516,AC Hotel Miami Wynwood,Miami,"Our group booked the AC Hotel Wynwood and it couldn't have been more perfect. This was a corporate trip, and the hotel had everything we needed. Between the rooftop dinner party to the last-minute meeting rooms. All of our expectations were met and exceeded. Shoutout to Daniel & Emely for all their help during our stay.",5,en,0.9520089030265808,positive,-1,Unknown,BUSINESS,2024-08-02
964001386,217397,Homewood Suites by Hilton Miami-Airport/Blue Lagoon,Miami,"The hotel was in the perfect location for me. My goal was to have a nice, clean hotel with an airport shuttle and not to far from downtown Miami. This hotel provided all of that plus great customer service! When I'm back in town I would definitely stay at this property again!",5,en,0.9243438243865967,positive,0,hotel,SOLO,2024-08-09
965544531,235516,AC Hotel Miami Wynwood,Miami,It is our five year anniversary and we were a little nervous to leave the kids at first. I have to say this has been the best anniversary staycation so far Freddy at the front desk and all the other staff at the front desk were so welcoming and thoughtful. They wished us well. Gave us complimentary drinks and we couldn’t be happier Felix at the bar mixed a wonderful drink had great stories to share and was incredibly attentive I loved the truffle fries The staff at the roof top bar always had a smile and were ready to serve Usually I find hotel rooms in Florida very warm and stuff The room was freezing cold! The bed was very comfortable and the shower had great hot water I also loved that there is a small fridge that kept our drinks very cold All in all would recommend,5,en,0.945022463798523,positive,-1,Unknown,COUPLES,2024-08-19
968614480,235516,AC Hotel Miami Wynwood,Miami,"“My time at AC Hotel Miami Wynwood was truly unforgettable! The sleek, modern design and vibrant energy of the hotel perfectly captured the essence of Wynwood. A special shoutout to Jamila at the front desk, whose warm welcome and genuine hospitality set the tone for my entire stay—she made me feel right at home. And a big thank you to Dixon, the security officer, who was always friendly and attentive, ensuring guests felt safe and well cared for. From the stunning rooftop pool with its breathtaking Miami skyline views to the exceptional service from every staff member, every detail of my stay was perfect. I can’t wait to return!”",5,en,0.9521201848983765,positive,-1,Unknown,FAMILY,2024-09-06
971466482,235516,AC Hotel Miami Wynwood,Miami,"I like to stay in this area, and this time decided to try a new hotel… and was better than I expected! From cleaning to breakfast and all the staff, all great! They are always available to help us anytime and i would like to highlight the wonderful work of Jamina at front desk and Daniella at breakfast.",5,en,0.9761449098587036,positive,-1,Unknown,FAMILY,2024-09-26
971745626,235516,AC Hotel Miami Wynwood,Miami,"Great hotel, Solomon at the reception was very kind with us. He was very attentive to our requests and the check in was very smooth. He also offered us water which is very appreciative since it’s hot outside. 100% recommand this hotel and you can have your Marriott points, since it’s part of the Marriott program.",5,en,0.9711947441101074,positive,-1,Unknown,COUPLES,2024-09-28
977156752,235516,AC Hotel Miami Wynwood,Miami,"I visited your motel and stayed one day prior to going on a cruise to the Bahamas. The day that I stayed, I met one of your workers who is very sweet, polite and helpful even though I did not speak Spanish, she showed me how to translate told me her name was Mary and showed me the way to the pool Area. I asked her where she was from. She said Columbia and told me her last name was Luz that evening I seen her again in the elevator and immediately opened my translator when she spoke and she was asking how my state was and if there was anything that I needed . I rate my time at your facility. With the highest mark! All the staff was wonderful and helpful, and I will be visiting again in the future.",5,en,0.9451597332954407,positive,-1,Unknown,FRIENDS,2024-10-29
978564373,235516,AC Hotel Miami Wynwood,Miami,"Love the customer service and front desk was very helpful s especially the front desk attendant Georgy ! Very knowledgeable and friendly, definitely will be coming back to this hotel again. The rooftop view was beautiful and the pina colda the bar made was delicious!",5,en,0.9593386650085449,positive,1,service,COUPLES,2024-11-03
982060106,235516,AC Hotel Miami Wynwood,Miami,"The woman who works in night shift, Sherly, has been the most helpful front desk person. I’ve been to many hotels but Sherly always provides the best customer service and the best service I have ever have. She has been so helpful throughout my stay",5,en,0.9880027770996094,positive,1,service,BUSINESS,2024-11-27
983291716,235516,AC Hotel Miami Wynwood,Miami,"I’ve returned to this establishment once more and felt compelled to write a review about my previous stay. I’ll be sure to add another review after my current trip. I had previously submitted a review, but it never got published. I’m not sure what happened, but I’m excited to share my positive feedback and experience about my stay now. There were so many moving parts and such an effortless group tandem that made my stay exceptional. Roneca, Shelly, and Alex were among the amazing crew members who welcomed me during my last stay. They made sure that all my accommodations and requests were met. They also provided expert advice, tips, and recommendations for good food and places to visit. I can’t thank them enough for making me feel welcome and appreciated. I definitely recommend this establishment and look forward to returning.",5,en,0.9547385573387146,positive,1,service,SOLO,2024-12-08
988293889,235516,AC Hotel Miami Wynwood,Miami,"The hotel is very good. Rooms are big and spacious, but have little closet spaces, which really did not bothered me. The service all around the hotel is really excellent. Patricia, on the front desk, Carla, at the restaurant, and the housekeeping team always have a smile and kind words to deal with the guests.",4,en,0.9460123181343079,positive,0,hotel,FAMILY,2025-01-09
988330061,85401,Rosen Inn at Pointe Orlando,Orlando,"I booked this last minute at a very good price for one. I had never stayed at a Rosen property before this and I was sceptical for the price. On arrival I had been allocated a room far from the reception area, this wasn't an issue to me but next to me was a large booking of 25 rooms all being put in the same area, the lady behind reception asked if I was okay with this to which I said I wouldn't mind. She must have seen the look of worry on my face. She then tapped away and said we have block c floor 4. This was perfect for me. I got to my room and was treated by a lovely cool, clean, spacious room. For the price I paid I was more then happy. The beds are soooooo comfortable, the pillows I need these in my own home. There was a fridge and microwave in the room with a coffee machine, some paper cups and coffee for the morning - this was restocked daily too. The towels was changed daily too. The room was dark, but this was more to do with the dark wood furniture but as I didn't spend too much time in the room it didn't bother me. The lite bites shop on site was a little pricey but nothing more then expected for an onside shop. It was well stocked, the pizza they do is lovely too. First night I just didn't want to wander to far. 3 pools, one was out of use due to works being completed when I was there but this wasn't an issue. The work started around 9am and I didn't hear anything in the evening when returning after a full day out. The hotel is a short walk from CVS, Wallgreens and a number of restaurants. There is loads to pick from. On the door step there is wonder works, and a short walk to icon park. The daily transport to universal was good too, pre book the previous day and just hop on. The way back was a little hit and miss to be fair but an user was around 6-8 $ I will definitely return to this hotel",5,en,0.4144839942455292,positive,0,hotel,SOLO,2025-01-09
991482308,15089284,Hyde Midtown Miami,Miami,"The hotel is well located, close to Wynwood and Design District: within walking distance, a Target and many food outlets are nearby. The view is correct. The bedding and pillows are soft and comfortable. On arrival we had a booking problem (because of our agency), Claire - the receptionist - was very responsive and kind. Our problem was quickly resolved. The downside would be that the street is a little too noisy, quite early in the morning. Sensitive to noise, arm yourself with earplugs. We recommend this hotel anyway.",4,en,0.8999481201171875,positive,-1,Unknown,FRIENDS,2025-01-29
991537085,87115,Sonesta Miami Airport,Miami,I’ve stayed at this hotel years ago but now it looks and feel like a complete different property. I can’t say enough good things not only about the elegant new tasteful decor but also the staff that made our stay so special. Susana Reyes on the sales team is a super star. She is not only extremely accommodating when it comes to clients requests but also thoughtful and extremely professional. So happy to see many familiar faces I knew still working here. Breakfast is great as well dinner if you don’t want to leave the hotel. Check out the stunning new bar. I would continue to come back here anytime I’m in the Miami area. Keep in mind the offer a phenomenal complementary shuttle service with live updates of where the shuttle is. Highly recommend this hotel.,5,en,0.870418131351471,positive,-1,Unknown,BUSINESS,2025-01-29
992668859,15089284,Hyde Midtown Miami,Miami,Great location for couples and if you want to get out and about to see things. Lots of restaurants etc on the doorstep. Pool was great and got lots of sun in the afternoon. The room wasn’t spotless on arrival but when we mentioned it they rectified straight away. Restaurant on the 7th floor was super and lovely 5-7 for sunset and drinks,4,en,0.8917357325553894,positive,0,hotel,COUPLES,2025-02-08
993002473,235516,AC Hotel Miami Wynwood,Miami,"The hotel is located at the beginning of the whynwood district, a bit decentralized 15 minutes by taxi to get to the coolest areas of downtown, but this also makes it very quiet to sleep at night, in the immediate vicinity 7/8 minutes walk there is a beautiful shopping center where you can find everything. The hotel is newly renovated very well run friendly and friendly staff. The rooms are very large and clean, very large bathroom with showers with huge cabin. On each floor there is a fresh water and ice dispenser. Absolutely recommended!!!",4,en,0.9210280776023865,positive,-1,Unknown,FAMILY,2025-02-11
993018241,15089284,Hyde Midtown Miami,Miami,"The hotel was clean, well decorated, and the staff were amazing. Will definitely book again when in Miami. The local area was filled with shopping, restaurants, grocery stores, and general shopping. Not a far taxi ride to local beaches. Very happy with all amenities.",5,en,0.8001266121864319,positive,0,hotel,FAMILY,2025-02-11
994354254,15089284,Hyde Midtown Miami,Miami,"What a guest experience! From the first meeting at reception to departure to the airport. Excellent recommendations for breakfast, at the French bakery Marie’s and dinner at the unbeatable Tap 42. It serves the world's best IPA, Jai Alai from Cigar City Brewing in Tampa. The rooms were amazing.",5,en,0.9683297872543335,positive,-1,Unknown,COUPLES,2025-02-17
994633910,235516,AC Hotel Miami Wynwood,Miami,"EXCELLENT hotel. Boutique feel, very nice rooms and ambience inside and out, plus a really nice rooftop bar/pool. They even have food there, up top and a very nice restaurant on the first floor. Breakfast buffet (pretty basic) but we ordered food from the kitchen and both breakfasts were absolutely great. Staff was excellent, location so convenient to local dining and shopping. We would DEFINITELY stay there again!",5,en,0.9544567465782166,positive,0,hotel,COUPLES,2025-02-19
994843700,15089284,Hyde Midtown Miami,Miami,"I enjoyed the ADA upgrade to a suite room. It felt like the planning of the space was well thought out. As a designer, these are things that I pay close attention to. Since I'm an early riser, I wanted to take advantage of the empty pool but I was disappointed that there weren't any towels for me to dry off. The location was perfect for the price and I think there was missing patio furniture. Which didn't make a ton of sense. I liked the art work in the lobby as they were from local artist. Some of which I know personally. I do wish they had regular complimentary water in my room.",5,en,0.8767680525779724,positive,-1,Unknown,BUSINESS,2025-02-21
994894220,15089284,Hyde Midtown Miami,Miami,"Room was nice, the shower was great, but street noise and noise from the elevator and people in the hall were a constant disruption until well after midnight both nights. SImple horns in the street echoes in the room and normal hallway conversation was clearly audible. You need better soundproofing.",3,en,0.6039008498191833,negative,0,hotel,BUSINESS,2025-02-22
995189376,15089284,Hyde Midtown Miami,Miami,"Wonderful, attentive staff. The room was large, modern, spacious, and clean. The room was as quiet as you can expect from a hotel in Miami--there was some noise from cars on the street and music from the clubs, but the hotel itself was quiet. The location was wonderful, within walking distance of everything the design district has to offer. Close to restaurants, clubs, target, anything you need. Would stay here again.",5,en,0.8080616593360901,positive,-1,Unknown,COUPLES,2025-02-24
995895375,10673726,Hampton Inn & Suites Miami Wynwood Design District,Miami,"Very comfortable stay. Enjoyed its proximity to public transport and getting to the beach. The breakfast staff were on top of everything. Had a great room overlooking the sea. Stayed for 4 nights. Though the pool was cleaned daily, a better job of having additional pool towels were needed.",5,en,0.7378054261207581,positive,0,hotel,SOLO,2025-02-26
996589255,235516,AC Hotel Miami Wynwood,Miami,I have stayed here multiple times and have worked with Daniela and her team to execute events. The hotel is great and Daniela and her team are wonderful and easy to work with. I highly recommend the AC Hotel Miami Wynwood! They take care of business!,5,en,0.9496481418609619,positive,-1,Unknown,BUSINESS,2025-03-04
996937650,235516,AC Hotel Miami Wynwood,Miami,"Cynthia, the rooftop bartender was very attentive and amazing with my group of friends, helping with tasty drinks and overall great experience for our first time in miami. Definitely this hotel will be our go too as it’s close to everything.",5,en,0.9687015414237976,positive,-1,Unknown,FRIENDS,2025-03-07
997186418,235516,AC Hotel Miami Wynwood,Miami,"Cynthia at the rooftop restaurant was AMAZING! She was so nice, knowledgeable and made great drinks! Attentive to all our needs! My hubby had the surf and turf (beef and shrimp skewers) that Cynthia recommended. They were so delicious he said he could have eaten two orders!!! Thanks again Cynthia for the great conversation, suggestions and impeccable service!",5,en,0.9766312837600708,positive,-1,Unknown,FAMILY,2025-03-09
997465080,15089284,Hyde Midtown Miami,Miami,"Staff is excellent! I met Billy at the front desk and he was very helpful and very accommodating. Housekeeping did a great job during my stay. The hotel is next to the design district and just 5 minute walking distance from wynwood, lot of restaurants and shops around. We will be back, thanks Billy for everything,",5,en,0.9588601589202881,positive,1,service,BUSINESS,2025-03-11
998278097,235516,AC Hotel Miami Wynwood,Miami,"The pool staff is AMAZING! They took care of us. 10 out of 10 experience! Any time we needed help, they would not hesitate to come over and take care of us. The drinks and food were both great. They continued to check on us the entire time we visited the pool.",5,en,0.9849023818969727,positive,-1,Unknown,FRIENDS,2025-03-15
999078756,235516,AC Hotel Miami Wynwood,Miami,"My experience with this hotel was very bad. I am a Bonvoy Platinum member and the treatment at the front desk was horrible. The 2 people, a guy and a girl, were very rude. I tried to speak to the manager Jorge and they wouldn't let me. It's incredible that this hotel is part of Bonvoy. Stay away from this hotel.",1,en,0.9908987879753113,negative,0,hotel,FAMILY,2025-03-26
999101247,235516,AC Hotel Miami Wynwood,Miami,"Cynthia is an exceptional bartender at the AC Hotel. She’s consistently welcoming, offering top-notch customer service with professionalism and friendliness. She remembers preferences, makes perfect recommendations, and handles busy shifts with ease. Her positive attitude and deep knowledge of the menu enhance every experience, making customers feel valued. Cynthia’s teamwork and efficiency are unmatched, and her dedication to hospitality truly stands out. She absolutely deserves recognition for her hard work and commitment.",5,en,0.973328173160553,positive,-1,Unknown,BUSINESS,2025-03-22
999181854,15089284,Hyde Midtown Miami,Miami,"I had an excellent stay at Hyde Midtown Miami. The room was spacious, comfortable, and beautifully designed—perfect for relaxing after a day in the city. A special shoutout to Renata, who was incredibly nice and helpful throughout my visit. Highly recommend!",5,en,0.8325115442276001,positive,0,hotel,COUPLES,2025-03-22
999877678,15089284,Hyde Midtown Miami,Miami,"I always stay a the Hyde , the hotel has great bed soft and firm, nice big pillows, great customer service at the front desk along with one of the best locations in Midtown Miami. I recommend the Hyde to anyone traveling fir business or for pleasure",5,en,0.9011018872261047,positive,0,hotel,FRIENDS,2025-03-26
1000591987,15089284,Hyde Midtown Miami,Miami,"Great location in the heart of Midtown that makes you feel the vibrant atmosphere of Miami. Cafes, restaurants and shopping centers a few steps away. The treatment by the staff is amazing and they make you feel at home.",5,en,0.9773024916648865,positive,0,hotel,FRIENDS,2025-03-31
1000890793,15089284,Hyde Midtown Miami,Miami,"Excellent location, close to restaurants and District Design. Receptionist Claire is very attentive and helped us a lot. Comfortable suite. Ample bathroom. The kitchen lacked dishes and cutlery, but we ordered and brought. I'll be back.",4,en,0.9585953950881958,positive,0,hotel,COUPLES,2025-04-03
1000981728,235516,AC Hotel Miami Wynwood,Miami,"I'm still staying at the hotel, but the first impression was terrible. Starting from the front desk, the attendant was grumpy and did not respond to questions asked (Amazon deliveries/parking) After we entered the room, they called us informing us that they had extra packages from Amazon, which my wife questioned at check-in, as well as asking 3 times about parking and said that I would have to pay every time I entered and left, which was denied when we went out for dinner. The room has good facilities, but the floor (wooden) is dirty enough to say disgusting. For the price, an average of 300 USD per night, I expected much more from this hotel. Room 317 (corner)",3,en,0.9894284009933472,negative,0,hotel,COUPLES,2025-04-04
1001199847,235516,AC Hotel Miami Wynwood,Miami,"During my stay at AC Marriott I had the pleasure of spending some time at the roof bar/resturaunt Elevar located on the rooftop of the hotel. I experienced exceptional service from Cynthia . She was friendly, and accommodating every time I decided tonmake a visit up top. An employee that represents the company like this deserves all the flowers from guest like myself who’s been staying here for 5 week on work related trip. 10/10 stars! Recommend spending time up here the service has been past impeccable. -Zoox",5,en,0.8919500112533569,positive,-1,Unknown,FRIENDS,2025-04-05
1001494365,15089284,Hyde Midtown Miami,Miami,"We have just had a wonderful 5 night stay in this stylish hotel and whilst checking in we were upgraded to a suite. The hotel is situated in a classy residential area, with lovely bakery's, restaurants and shops all very close by. The reception staff were all really lovely and helpful, Renata especially who we spoke with quite a lot and she helped us with all our questions. There is a beautiful rooftop pool and hot tub which we used every day. We would highly recommend this hotel and would definitely stay there again should we return to Miami.",5,en,0.5727233290672302,positive,0,hotel,COUPLES,2025-04-07
1006214248,235516,AC Hotel Miami Wynwood,Miami,"Fujam desse hotel. Fujam. I stayed in it from 11 to 16 April 2025. No day, I repeat, no day a cleaning team passed through my room. I was missing toilet paper, I was gonna take the garbage out of my room by myself at night, out of the undue collection of fees on my credit card that I'm still solving. The worst experience of my trip.",1,en,0.9943103194236755,negative,0,hotel,FAMILY,2025-05-07
1006265773,235516,AC Hotel Miami Wynwood,Miami,"Bad experience lived by my wife and daughters. They don't clean the rooms claiming a lack of staff. They didn't even repurpose toilet paper and make undue charges on the card during the morning. When questioned, they claimed to be a caution that had already been made at check-in. Evitem. They are malicious",1,en,0.99603271484375,negative,0,hotel,FAMILY,2025-05-07
1006478558,235516,AC Hotel Miami Wynwood,Miami,"I always enjoy coming here. This is my 9th time in Miami. I really enjoy going to the Sky Bar. Cynthia at the bar does a fantastic job. Since I'm from Germany and Cynthia speaks German, it's always nice to be able to speak a few words in German. And Cynthia's cocktails always taste excellent. I highly recommend the Sky Bar.",5,en,0.7326971292495728,positive,-1,Unknown,SOLO,2025-05-09
1006562959,15809999,Mr. C Miami Coconut Grove,Miami,"We stayed at Mr. C Coconut Grove last weekend and we loooved it! The place is gorgeous, the rooms are beautiful and super comfortable! Massive thanks to Tabata Delgado, she was so sweet and nice, made us feel right at home. Definitely booking a return trip, cant wait to go back!!",5,en,0.9437069296836853,positive,0,hotel,COUPLES,2025-05-09
1007499516,15809999,Mr. C Miami Coconut Grove,Miami,Excellent experience from the welcoming till the departure. All the staff was very friendly and ready to assist you for any matter. We had breakfast in room and a dinner at Bellini. A good experience of the Italian cuisine and an high quality food and beverage overall.,5,en,0.9382581114768982,positive,1,service,NONE,2025-05-14
1008036340,235516,AC Hotel Miami Wynwood,Miami,Cynthia was an amazing waitress. It is our 6 month anniversary and she made us feel so special tonight. She even got the cook to write “Happy 6 months” on our dessert. She went over and beyond. This was our first time visiting Elevar from out of town and we will definitely be here again.,5,en,0.9187929630279541,positive,-1,Unknown,COUPLES,2025-05-18
1008230529,235516,AC Hotel Miami Wynwood,Miami,Good hotel for a a night stop over before a cruise. Location is a good distance between the cruise port and airport so easy to get to both by taxi. Rooms were clean and spacious and staff were lovely and helpful. There is a small pool on the roof which is great to get over the jet lag check out was 12 noon which was a great,5,en,0.8278427124023438,positive,0,hotel,FAMILY,2025-05-19
1008324518,15809999,Mr. C Miami Coconut Grove,Miami,"This is the second time my wife and I stayed at Mr. C Coconut Grove. The first time was about 5 years ago for a wedding. Mr. C was relatively new at that time so we gave them a pass when it came to the mediocare service. We ended up staying here again for another wedding. Upon arrival we were greeted by friendly staff and the welcome drinks were a nice touch. Upon entering our room, we paid for an upgraded view room and it was just a view of the church across the street and the slightest view of the bay. The room also smelled awful like BO. The smell stayed in the room the entire time. The noise at night when trying to sleep was very loud, you could easily hear people walking around/coughing/throwing up in the other room. To top it off, we were trapped in the tiny elevator with about 15 or so people with no cell service for over 20 minutes! The front staff handled this very poorly. They never called the fire dept, we finally got through on our own dialing via SOS. You could clearly see on the cameras we were trapped and most of us are now traumatized by this experience. After the fire dept got us out, NO ONE, not one manager was there, no one with waters or apologizing to us. In fact they made us go down the service staff stairs in order to not disrupt the event going on at the time. Just atrocious response to a very scary situation. It was finally asknowledged by the front desk during check out and eventually they gave us a $200 credit towards our bill. To me this does not suffice the damage this has caused both me and my wife along with the other guests. There was never a follow up phone call or a personal management staff apologizing to us upon check out. It just seemed considering the severity, we were just simply brushed off and no one showed they cared. Overall, for such a reputable brand, this was a huge let down and I have lost my faith in the Mr. C brand.",1,en,0.550614058971405,negative,0,hotel,NONE,2025-05-19
1008746795,15089284,Hyde Midtown Miami,Miami,"All very well. It is not a luxury hotel because for example it has no breakfast, but it is super well located to walk around the place. It has many places for breakfast (like Marie) where you can also eat rich savoury things, the Italian restaurant Salumeria and another Italian ,Pasta e basta and many more. There are also many places to shop, cheap, medium and very expensive(for all tastes). The hotel rooms are very comfortable, clean and the services like swimming pool and so on are perfect. At the reception is CLAIRE who we found a charm. Very attentive, polite and well with Spanish (she is French).",5,en,0.9104592204093933,positive,0,hotel,FAMILY,2025-05-22
1009104321,12451425,Universal Aventura Hotel,Orlando,"I've just come back from 10 days at the Aventura and would return! It's great base for exploring. You can walk through the pool area to the entrance of Volcano Bay which takes less than 5 minutes and City Walk, Universal and IOA are a short walk, bus or water taxi shuttle away (walk across the road to Sapphire Falls for the water taxi they are so frequent and easy with an amazing view along the way and you also go through a security check here so miss all that at Universal.) We ended up using this more often than not! The food at Bar 17 is really good and the views are beautiful. You can catch the sun set and then fireworks from Magic Kingdom and Epcot in the distance. We enjoyed the pizza in the Urban Pantry and the only other things we ate there was breakfast which we didn't enjoy, but easy enough to jump over to city walk and grab a yummy breakfast from Cinnabon etc/or order something from Uber on those days with late starts 🙂 City Walk also has some great options for food in the evenings if you don't want to go too far. The staff at reception were lovely and the room was more than decent for the two of us, the bed was comfortable and we had a great view. If you miss the cleaner (we had a DND sign on the door shortly whilst we got ready) you miss them for that day and they are scheduled every other day so bare this in mind. We also found the hotel so peaceful after a day at the parks which we really appreciated! An Uber to a base Disney park was always a reasonable price and we then tended to use the free Disney transport to go between parks and disney springs. Heads up, if heading to MK to watch the fireworks you cannot get an Uber directly from the park and need to get the monorail or boat to the transportation center which has crazy ques after the fireworks, so worth hanging around and getting some rides in untill those die down.",5,en,0.44854655861854553,positive,0,hotel,COUPLES,2025-05-25
1013147571,235516,AC Hotel Miami Wynwood,Miami,"Nice place where it is quiet and where you can enjoy nice eateries within walking distance. Rather, it feels European. Hotel was fine, we arrived early but could enjoy the poolside sunbed to process the long flight. The food at the pool was also fine and the breakfast was fortunately not American 😉... so no plastic wrapped cookies but a decent buffet with a very welcoming host. Highly recommended! Unfortunately, Trump no longer makes it pleasant to travel to USA... You feel the tense atmosphere at the airport... you no longer feel welcome there...",5,en,0.7207774519920349,positive,-1,Unknown,COUPLES,2025-06-15
1013310389,15809999,Mr. C Miami Coconut Grove,Miami,"Beautiful hotel, amazing pool w/ fantastic views, great service (including nightly turn down service, valet, pool service, front desk), excellent location. Can't wait to return!",5,en,0.8351044058799744,positive,0,hotel,NONE,2025-06-16
1013367035,15089284,Hyde Midtown Miami,Miami,"Beautiful place, and Kimberly and Claire at the front desk helping me made the stay perfect. Returning soon. Can't wait.",5,en,0.9442595839500427,positive,0,hotel,SOLO,2025-06-17
1014291945,3932244,Universal Cabana Bay Beach Resort,Orlando,"This is a retro themed resort with 2 large pools, a lazy river, hot tubs, bowling alley, amazing gym, sandy ‘beach’, Starbucks, ice cream shop, and a couple of cafeteria like restaurants. Shuttle service runs every 10-15 minutes to the Universal parks/City Walk. The room we stayed in was a standard 2 queen. The beds were very comfortable. Only downside - 2 pillows per bed. I like 2 pillows just for me, and since each bed was fully occupied with family, I had to just deal with having only 1 pillow. The check in line was a bit long - even though I had checked in on line prior to arrival. Checking out was easier - quick email or text confirmation. There’s only a small refrigerator and packet style coffee maker in the room - no microwave. However, there’s 4 microwaves down in the dining area that were available (just a tad inconvenient imo). There’s a $26/night self parking charge, and the room keys allow for in/out privileges - however the gates seemed kind of glitchy (wouldn’t quickly read the room keys - and so the line leaving the parking lot was slow). They charge $14 for a ‘souvenir’ float for the lazy river. However, there’s an air station so we bought inexpensive floats from Walmart and just inflated them onsite. The place is pretty big - and very busy (the pool and lazy river was almost like bumper cars occasionally) It’s fairly well maintained and the staff were friendly. They offer Florida resident or military discounts. We thoroughly enjoyed our stay.",5,en,0.4375148117542267,positive,0,hotel,FAMILY,2025-06-23
1014836445,25150899,The Elser Hotel Miami,Miami,The front desk lady was really nice she welcomed us with a smile and recommended us many places I think her name was Deneb thank you for the nice experience🤗🤗🤗🤗🤗🤗🤗🤗🤗😝🤗🤗🤗🤗🤗🤗🤗🤗🤗🤗🤗🤗🤗🤗🤗🤗🤗🤗🤗🤗🤗🤗🤗🤗🤗🤗🤗🤗🤗🤗😝🤗😝😝🤗🤗🤗🤗🤗🤗🤗🤗🤗🤗🤗🤗🤗🤗🤗🤗🤗🤗🤗🤗🤗🤗🤗🤗🤗🤗🤗🤗🤗🤗🤗,5,en,0.7491251230239868,positive,1,service,FAMILY,2025-06-24
1015051468,15809999,Mr. C Miami Coconut Grove,Miami,"Top notch service, incredibly clean, impeccable features from years past when human interaction was priority! Classy, almost a throwback in terms of how well they treat the customer.",5,en,0.9655322432518005,positive,1,service,NONE,2025-06-25
1015111051,15809999,Mr. C Miami Coconut Grove,Miami,"Lovely room, beautiful hotel. The hotel is not only beautiful, but we never heard other guests, so great quality of sleep. Staff was professional and knowledgeable. Perfect location for our needs on this visit. We'll definitely return!",5,en,0.9542251229286194,positive,0,hotel,NONE,2025-06-25
1015573940,15809999,Mr. C Miami Coconut Grove,Miami,"Some of the best service I have ever experienced. They let us check in early, always checked if we needed water before we headed out, helped us with reservations, ect. Would highly recommend!!",5,en,0.9721340537071228,positive,-1,Unknown,COUPLES,2025-06-28
1015583762,15809999,Mr. C Miami Coconut Grove,Miami,"One of the best hotel experiences we have every had! Miami. Mr. C in Coconut Grove is stylish and modern. The location is perfect for a quiet getaway from the busy city and we loved that it is walkable to several shops and restaurants. The service was warm and personal, and the welcome Bellini was a great touch. Our room was amazing, the style and comfort were more than expected. The room is full of all the necessary amenities and more? The mini bar was well stocked with a variety of alcoholic and non-alcoholic beverages, it also included snacks and even Mr. C branded merchandise. The staff even provided us with a hand written thank you note which included complementary gourmet chocolates. The rooftop restaurant has beautiful views of the bay and our breakfast was delicious. Mr. C Coconut Grove is a must try hotel and now one of our favorites in Miami.",5,en,0.9424417614936829,positive,-1,Unknown,NONE,2025-06-28
1015732074,15809999,Mr. C Miami Coconut Grove,Miami,Beautiful hotel in a beautiful location. The staff is fabulous and the views from the rooftop pool and bar are spectacular. We loved how everything in the hotel was unique and branded for Mr. C.,5,en,0.96099454164505,positive,-1,Unknown,NONE,2025-06-29
1015765541,15809999,Mr. C Miami Coconut Grove,Miami,"The room Is beautiful! It’s a luxury to stay here! And I felt really safe! The place has gorgeous views of Miami, and I loved the lobby area!",5,en,0.9554681181907654,positive,0,hotel,NONE,2025-06-29
1016223201,120210,The Florida Hotel & Conference Center,Orlando,"Great layover in MCO at the Florida hotel. All the staff was really great, Greta food in the restaurant and my room was nice and clean and AC worked great. They also have a great huge pool!!",5,en,0.9367592930793762,positive,-1,Unknown,BUSINESS,2025-07-02
1017338914,15809999,Mr. C Miami Coconut Grove,Miami,"I had an amazing stay at Mr. C Miami in Coconut Grove. The hotel is beautifully designed with a chic, nautical aesthetic that feels both upscale and relaxing. Staff was amazing and very attentive sometimes felt overwhelming. Rooftop pool was so awesome with great poolside service. I would definitely stay here again!",5,en,0.7796040773391724,positive,0,hotel,NONE,2025-07-09
1017658935,235516,AC Hotel Miami Wynwood,Miami,"I have to say that this is not my first time staying in this property, but it's the first time that I found the staff being so friendly and nice. That for me was a great thing. BUT, and it is a big but, the property is starting to feel old and not taken care of. For what once was, such a modern hotel, it really feels dated. Not because of the design, but because it hasn't been maintained well. I would stay here again of course, but because I really like the area of midtown and how close it is to the Design District, but be prepared to feel a bit underwhelmed.",4,en,0.5286953449249268,negative,0,hotel,BUSINESS,2025-07-11
1017781434,1308392,Signia By Hilton Orlando - An Official Walt Disney WorldR Hotel,Orlando,This hotel gets better each time we come with our friends and family. We take an annual trip to spend time and La Luce is always a must go! We had a Cabana by the lazy river and the kids have an amazing time watching TV in the Cabana and swimming in the lazy river. The team and management is top notch and the service is 5 stars.,5,en,0.9469008445739746,positive,-1,Unknown,FRIENDS,2025-07-12
1018180287,15809999,Mr. C Miami Coconut Grove,Miami,"Wonderful boutique hotel. Great communication, service and fun vibe. Bellini for dinner is a must with amazing views and service.",5,en,0.9649178385734558,positive,0,hotel,NONE,2025-07-14
1018243106,15809999,Mr. C Miami Coconut Grove,Miami,"I'm definitely adding this to my list of favorite hotels! From the moment I arrived, someone was there to open my car door and help with my bags. Check-in was a breeze, and I was welcomed with a refreshing cold beverage. The front desk staff was incredibly polite and professional - honestly, even the way they handed back my credit card with both hands felt so thoughtful and warm. Now, the room... absolutely luxurious! The Jonathan Adler toiletries and the serene blue decor were perfect. The lights had dimmers, which made it so easy to unwind and read before bed. They also offer a lovely turndown service with water and chocolates - such a nice touch of luxury. The rooftop pool was fantastic with stunning views. My only real gripe was that the poolside service could’ve been more consistent, and I wish the breakfast menu had a bit more variety. But other than that, this place is a solid 5/5!!! :)",5,en,0.9041116237640381,positive,0,hotel,SOLO,2025-07-15
1018739330,15809999,Mr. C Miami Coconut Grove,Miami,Excellent hotel across the board. Great value and service. Morgan at the front desk was awesome! Dinner in restaurant was a bit disappointing. Love the hotel and will be back!,5,en,0.9041393995285034,positive,-1,Unknown,NONE,2025-07-15
1019230085,15089284,Hyde Midtown Miami,Miami,"Beautiful space and superb guest relations, the location can’t be beat. Our group thoroughly enjoyed the rooftop bar and ambiance",5,en,0.9672054052352905,positive,-1,Unknown,NONE,2025-07-18
1019461824,15089284,Hyde Midtown Miami,Miami,"Fantastic location in the very heart of Midtown Miami. Great room, great staff, from the Front Desk (Claire was awesome) to the Valets. You have so much shopping and local restaurants to choose from all within a few blocks plus the high end Fashion District is just about 4 blocks away. Everything is within easy walking distance. Very vibrant, hip area. Totally recommended as a must stay. We are returning soon. Also the Hyde Midtown and all the stores and restaurants we saw and visited are dog friendly. Literally everyone living there walk their dogs a be lot.",5,en,0.9032811522483826,positive,0,hotel,COUPLES,2025-07-19
1019776747,15809999,Mr. C Miami Coconut Grove,Miami,Great location! They buckle and dime you for everything. Very overpriced food and drinks. $26 for a glass of basic wine.,3,en,0.8844367265701294,positive,-1,Unknown,BUSINESS,2025-07-21
1021304565,235516,AC Hotel Miami Wynwood,Miami,"Very nice, new hotel in convenient location near Miami design district. Outstanding front desk staff who were kind, supportive, knowledgeable and helpful. Giselle when we checked in was terrific! Beautiful roof top views, bar prices a bit high, pool was nice. Fitness room needs some TLC. No Hand sanitizer, air conditioning appeared to be less than ideal, TV Missing and room was very narrow. Would definitely return and would recommend this hotel",5,en,0.8912781476974487,positive,0,hotel,FAMILY,2025-07-28
1022260744,15809999,Mr. C Miami Coconut Grove,Miami,"Mr C is a wonderful property with best breakfast in town. Il Giardino is truly the best kept secret in Coconut Grove. The food is consistently delicious and the service is by far the best in the grove. Evian, Christian and Adolfo are always very attentive and extremely detailed oriented.",5,en,0.923633873462677,positive,0,hotel,FAMILY,2025-08-02
1023177168,15089284,Hyde Midtown Miami,Miami,"My overall experience went well. It was a nice, clean hotel. The only thing I did not like was that the hotel did not offer room service, so it forced me to have to go out to eat all the time. There was spots within walking distance from the hotel that I could eat at, but it would've been better if I didn't have to leave the hotel at all.",4,en,0.93500155210495,positive,0,hotel,SOLO,2025-08-08
1023253031,15809999,Mr. C Miami Coconut Grove,Miami,"I'm doing this review a little differently. Instead of waiting until the end of the trip, I’ll update it daily as I experience something noteworthy. Day 1 First impressions are very nice. It’s a cool little boutique hotel in a nice part of Coconut Grove. The lobby was slightly odd, as the first ""counter"" you see is a pastry counter. Just past it to the left is the front desk. The service is very friendly and attentive. The woman at the front desk was quick to check me in, with an upgrade (yay), and offered me water and a Bellini. I took both! The only issue was I had to fill out information on an iPad with details I thought they’d already have—address, phone number, email, etc. My room was on the first floor, which I thought was fine, but the view was a little low, as I realized when I went to the Bellini Restaurant on the top floor. Not terrible, but I’d definitely ask for a higher floor next time. The room itself is very nice—modern without being cold. It features a nice wood desk, dresser, and closets, an impressive minibar, and some snacks. There are also sunglasses and hats, which can be purchased. A neat touch I've never seen before. Even a foam roller in the closet shows great attention to detail. There is free and paid Wi-Fi; the free option seems fast enough for Zoom and everything else I need. I was hungry, so I went upstairs to the Bellini Restaurant. Like the front desk, the service was excellent. I had a chicken sandwich that was very tasty. It came with fries, which were great—actually, some of the best fries I’ve ever had. I had dinner in my room: a different chicken sandwich (name forgotten) with tomato and avocado. Very good. Tiramisu for dessert, which was very good as well. The service again was excellent. The fridge in the room is full of alcohol, so it’s hard to fit a water or other drink in there. This is the only negative I’ve experienced with the room so far. Day 2 Had lunch in-room today. Cheeseburger with fries. Very good, and, as usual, the service was excellent. A quick issue was resolved by the front desk. The service here really is impressive—everyone seems genuinely interested in helping you have a great time at the hotel. Found one small negative: the TV is not on a mount that swings. It would have been nice when sitting on the couch, but it’s not a major issue. Something else that was a little weird is that the Wi-Fi kicks you off after 24 hours and requires you to re-establish the connection. Not a big deal, but it’s something I’ve never experienced at other hotels. Just got a courtesy call from the front desk asking how my stay has been so far and if I need anything else. They also asked when I was checking out and if I needed any transportation. Very impressive service. Had dinner, which was the club sandwich and some beer. Great, like the last meal and service. Day 3 Check-out was quick. The way they had me view the receipt was quite nice: on a leather-bound pad of some kind. They asked a few questions about how much I enjoyed my stay, if I needed transportation, etc. I really enjoyed my time here and highly recommend this hotel to anyone looking for a nice place to stay in Coconut Grove.",5,en,0.374451607465744,positive,-1,Unknown,SOLO,2025-08-08
1023601327,2253238,Hampton Inn & Suites By Hilton Miami Brickell Downtown,Miami,"Great hotel, location and staff. This was our second time staying here and it did not disappoint. The rooms are modern and clean. The breakfast has a large variety of items to choose from. The hotel is walking distance to lots of great restaurants, short ride from the airport, cruise port or Miami. The metro is also right by the hotel for easy access to Miami. Will definitely choose this hotel again when staying in Miami.",5,en,0.9612467885017395,positive,0,hotel,FAMILY,2025-08-10
1024945010,235516,AC Hotel Miami Wynwood,Miami,"Perfectly situated for a 1 night stay with us dining at a nearby restaurant with some friends. Rooms spacious and comfortable. Intimate pool area and great pool bar. Even though we didn’t eat at the pool bar, I’d return to have a burger. It’s cooked fresh on a grill and looked and smelt amazing. Front desk very helpful locating a bag we stupidly left behind. Thank you for that. Definitely recommended.",5,en,0.9729478359222412,positive,-1,Unknown,FAMILY,2025-08-17
1025558055,85031,Miami Marriott Biscayne Bay,Miami,"As a travel advisor, I have worked with this particular hotel a lot in setting up rooms pre-cruise for many of my clients, both with individual travelers and with large groups. I can say that the quality of customer service at this location, specifically by the hotel management and staff, is by far one of the top in the industry. They are responsive, helpful for specific client needs, and accommodating to special circumstances for each of my clients. This is hospitality at its finest! Specific shout outs to John Gunter, Rooms Operations Manager, Bertha Crucett, Director of Sales & Marketing, Lilian Lopez, Sales Executive, and Andrew Sirota, Sales Manager.",5,en,0.974818229675293,positive,0,hotel,BUSINESS,2025-08-19
1027239634,15809999,Mr. C Miami Coconut Grove,Miami,"I gave it a five because there were no deficiencies, but the travelers need to know this is a boutique hotel that lacked some of the amenities of larger properties, but the highlights are a rooftop pool looking out over the bay. Bellini’s is a top-tier restaurant where you can have breakfast in the morning and look out at the water as well as fine dining in the evening the gym is small, but highly functional and there is a cool Outdoor café patio area upon entry. The rooms are quite small, but well appointed.",5,en,0.7774697542190552,positive,-1,Unknown,BUSINESS,2025-08-28
1029657698,235516,AC Hotel Miami Wynwood,Miami,"Celebrated my Birthday at AC Hotel Miami Wynwood. It was a solo trip, The whole Staff (Anya, Fyannah, Randy, Andrew, Yusi) so many names I forgot to mention went above and beyond to make my birthday very special. I would recommend staying at this hotel. My room was clean, shower head was amazing. I had a great view to the city from my room as well. The rooftop bar and views from the roof were beautiful. Definitely will be back to stay here when I travel to Miami.",5,en,0.5701364278793335,positive,-1,Unknown,SOLO,2025-09-10
1029738896,15089284,Hyde Midtown Miami,Miami,"And the second time I stay in this hotel is always preserves the quality! This time I was surprised by the attention of all the receptionists and especially “Claire” who helped me with all the problems I had and giving me wonderful tips from Miami. Important to say of the tranquility that Claire receives and resolves the impasse giving us due safety and importance to its clients! Human experience is still above everything! Thank you, Claire!",5,en,0.9838950037956238,positive,0,hotel,FRIENDS,2025-09-10
1029928081,15809999,Mr. C Miami Coconut Grove,Miami,"Another amazing trip to Miami. Skip south beach and head to Coconut Grove. This hotel does NOT have an employee who does not have smile all the time, ask you how your day was and ask you if you need anything. Everyone at the front desk is amazing but Roberto rocks!!! Houskeeeping is always on point and how can you forget the staff upstairs at Bellini and the food. We cant wait to come back to visit our daughter living there (she offered for us to stay with her but lets be honest the Chocolates at Mr. C are better 😂 )",5,en,0.9754895567893982,positive,-1,Unknown,FAMILY,2025-09-11
1029931795,12451425,Universal Aventura Hotel,Orlando,"Excellent hotel and location for universal. We were on the 16th floor (top) with theme park view and it was stunning. Room was perfect beds comfortable and good sized shower. Food in hotel is also good, especially the wok station. The hotel does have free transportation for universal and epic, however the garden walk to city walk is an easy 15 minute stroll and quicker as you miss the long queues at city walk security. There is also the water taxi at the hotel,over the road (sapphire falls) which is also free and another alternative option. You can also use the pool at sapphire falls which has a water slide. If we return to Orlando and universal in the future then we wouldn’t hesitate to return to this hotel.",5,en,0.8654078245162964,positive,0,hotel,COUPLES,2025-09-11
1030400683,15089284,Hyde Midtown Miami,Miami,Had an amazing stay. Hotel is well located mid town. Amenities are great and love the pool and fitness. The best of all is Claire at the front desk. She was able to recommend a great restaurant and a nice bar.,5,en,0.9234609603881836,positive,-1,Unknown,BUSINESS,2025-09-14
1030876613,15089284,Hyde Midtown Miami,Miami,"Excellent, place to stay, great rooms, very responsive and attentive front desk. Claire was great. Only thing to consider is being more clear about the term ""Kitchette"" there is only a microwave.",5,en,0.8693996071815491,positive,0,hotel,BUSINESS,2025-09-17
1031184473,15089284,Hyde Midtown Miami,Miami,Location was excellent the room was clean and the staff friendly. I will definitely go again when traveling for business or personal.,5,en,0.9350162148475647,positive,0,hotel,BUSINESS,2025-09-19
1032501039,15809999,Mr. C Miami Coconut Grove,Miami,"We stayed at this hotel for 4 nights, it was an unforgettable experience, the hotel is located in a very nice area of Miami and well connected to the most interesting places to see. The staff is very kind, the room was perfect, the bed very comfortable, the bathroom spacious and the room very bright with a fantastic view of the bay. The restaurant is amazing, you eat divinely and all the staff is professional and competent. We will definitely be back and straconsiglio!",5,en,0.9718230962753296,positive,0,hotel,COUPLES,2025-09-28
1032737706,15809999,Mr. C Miami Coconut Grove,Miami,Mr. C has been great. The rooms and service has been wonderful. Spent an entire afternoon at the pool with Abel and he provided incredible service! Would definitely come back just to relax at the pool again.,5,en,0.9738555550575256,positive,-1,Unknown,COUPLES,2025-09-30
1032887541,12451425,Universal Aventura Hotel,Orlando,"Aventura was in my top 3 hotels at Universal Florida until this stay in Sept 2025. There are 6 check-in stations at the front desk. Only 1 employee named Christina was present to check guests in at 12:05 pm. After 35 minutes of waiting, I was finally able to check-in. I knew that I was early and the room would not be ready. But now the luggage clerk had disappeared. No place to check the luggage. I was looking to visit the park for a few hours and wait for the room to be ready. Those plans when down the drain.",2,en,0.5406462550163269,negative,0,hotel,SOLO,2025-10-01
1033372736,12451425,Universal Aventura Hotel,Orlando,"We stayed at Universal Aventura for 6 nights during September. We opted for an Uber from MCO airport to the hotel which was a 30 minute drive. Upon arrival, we checked in with a friendly receptionist and then redeemed our park tickets at the nearby desk. Our room was on the 4th floor with a slight view of the pool and the top of Volcano Bay The room was huge with 2 double beds and a separate sink which I really liked. Room functions such as temperature, TV, lights etc were all via an iPad. We tried to check out via the iPad but this didn’t work The room was a little noisy with traffic, but nothing major We opted for the hotel breakfast one morning (Urban Pantry) but this was basic food at high prices. We went to Walmart to grab bagels etc - there are facilities to have your own breakfast such as microwaves and toasters. This is really good The hotel is within walking distance to Volcano Bay with a private walkway. There are free shuttles to all Universal parks. You can also cross the road and use the water taxi from Sapphire Falls We really enjoyed our stay here and would definitely stay here again",5,en,0.755001425743103,positive,0,hotel,COUPLES,2025-10-04
1033553774,12451425,Universal Aventura Hotel,Orlando,"While staying at Sapphire Falls I decided to explore Aventura since it was conveniently just a few minutes walk away. The first thing I noticed was the modern interior and quiet atmosphere in the lobby. The pool area is nothing exotic, there is a poolside bar. The elevators are modern and have a digital pad. The floor for the roof top bar will not be on display as an option in the elevator until opening hours 4 or 5 pm. Bar 17 bistro serves Asian fusion fare. Another design element I noticed while in the elevator and the doors opened on a floor, were the room numbers placed on the exterior wall frames of each room entry. Very easy to read and find your room with ease. Im sure the rooms are equally modern and comfortable. The lobby has a Starbucks and a gift shop that has a dressing room. Gift shop at Sapphire Falls does not have a dressing room. See my review for Sapphire for more.",4,en,0.6836400032043457,positive,0,hotel,FRIENDS,2025-10-05
1033664319,12451425,Universal Aventura Hotel,Orlando,"Whilst visiting from the UK on a short solo trip to attend Universal Orlando Resort's Halloween Horror Nights, I enjoyed a week at this prime value hotel. The room was well presented overall, and offered a convenient on-property location. I enjoyed walking to the theme parks, whilst also having the option of a bus to CityWalk and water taxi next door at Sapphire Falls. The availability of dining at the hotel was great for the price and the pool was fantastic. Service from all team members was wonderful, and the tower structure was very much enjoyed for great views over the Orlando area and less walking inside the resort. Some small improvements that I'd love to see though, is a hand towel rail or hook (not having one was surprisingly frustrating, especially given the bi-daily housekeeping), hooks by the door to hang rain jackets, I wasn't a fan of the tablet controlling the TV and lights, and would much prefer a remote and switches. The rooftop bar is lovely, but there's no covered seating that isn't considered 'serviced,' which meant I was asked to either sit in the rain or leave if I wasn't ordering anything. And I think daily housekeeping should be a staple of any on-property hotel, regardless of whether it's considered 'value' or not. Improvements aside, for the price per night, I thought it was a good stay overall and I'd be open to staying here again.",4,en,0.4292285740375519,positive,0,hotel,SOLO,2025-10-06
1033760655,12451425,Universal Aventura Hotel,Orlando,"Great location with shuttle or boat to parks , and app 20mn walk if you prefer We like that pool area which was never too busy and had poolside bar Also the convenient food court with a good selection of food and the addition of a Starbucks was a bonus for us Fabulous view from rooftop bar and reasonable price for drinks and food We were on 11th floor with great views all round",5,en,0.6897361874580383,positive,0,hotel,FAMILY,2025-10-07
1034063685,12451425,Universal Aventura Hotel,Orlando,"This was the 2nd time we’ve stayed at this resort and both times have been fabulous. I didn’t get a chance to write a review on the conclusion of my first visit but I wanted to write one after this trip. The hotel is beautiful and being an onsite hotel you access to the Universal Transportation for all of the parks including Epic. The Volcano Bay walk way is only a 2 min walk, the distance is very minimal. Check-in was very easy and were given an upgrade to a corner room which is slightly larger than your standard room. The tablet in the room controls everything we loved it! The room had a good view of the parks and wonderful Sapphire Falls resort. Rooms were serviced every other day, which was great for us. Everything was clean and immaculate. The food offerings are great and every time we had something from the Urban Pantry it was very tasty. The robots are a great and novel addition to the overall aesthetic of the resorts. Very pleased we got to stay here a 2nd time. Very nice resort highly recommend!",5,en,0.9018667936325073,positive,0,hotel,COUPLES,2025-10-15
1034088848,15089284,Hyde Midtown Miami,Miami,"Location is great and service good. However, I was looking forward to using the jacuzzi and it was jacuzzi closed for multiple days of my stay.",5,en,0.7551413178443909,positive,0,hotel,BUSINESS,2025-10-09
1034699858,235516,AC Hotel Miami Wynwood,Miami,"AC Hotels Miami Wynwood was fantastic experience. Isys and Alex checked us in and Jamala checked us out. All 3 were friendly and accommodating. Jamala even showed me a feature on my suitcase which I didn't know existed. Here are the reasons for my 5 Star Review 1. Staff - Staff were all nice. The 3 mentioned in the intro were my highlight 2. Food - Breakfast was really good in the lobby. If you get the fiery egg croissant do make sure you get the sauce on the side. It was super hot. Elevar on the roof has great burgers which they grill on a grill by the ba right in front of you. 3. Cleanliness - Beds, room, and bathroom were clean 4. Euro decor - Not too overly complicated but sleek 5. Location - 2 blocks from the Midtown shopping center and there are hundreds of restaurants in walking distance. The cruise port is a 10-15 drive. The airport was less than 20 minutes by car 6. Rooftop - The views were gorgeous 7. Gym - Clean! Nice amount of equipment for a hotel. 8- Bikes - The property has bikes to rent for sightseeing. If you're in the Art District or Miami and need a hotel look no further.",5,en,0.9024887681007385,positive,-1,Unknown,FAMILY,2025-10-13
1034801167,15809999,Mr. C Miami Coconut Grove,Miami,"What a wonderful hotel and staff. In particular I wish to praise Manager Jonathan Paul who has been especially kind, considerate, efficient and outstanding. He immediately established a personal connection and was amazingly responsive. We stay here all the time! Stephen P. Haber, Ann Jackler",5,en,0.9755916595458984,positive,-1,Unknown,FAMILY,2025-10-14
1035087774,12451425,Universal Aventura Hotel,Orlando,"Pros: Strikes a nice balance between staying close to the action and not costing as much as other Universal properties; pleasant modern vibe; geared toward adults Cons: Parking costs, ever-increasing room costs, a multitude of room issues made recent stays stressful and frustrating, overall lapse in maintenance Once (not too long ago) one of my favorite places to stay because of its closeness to the Universal parks and affordability, costs continue rising while quality slides, slides, and slides some more. I am questioning whether or not I'll return for future reservations I booked long ago- a decision that will pain me because I love being able to walk across to Sapphire Falls, hop on a water taxi, and be at City Walk in ten minutes. On the plus side, Aventura is aimed at adults, meaning this place is quiet at night. Across many stays, I have never been woken up by doors slamming and children running up and down the halls. However, the small and minimalist rooms force compromises, such as painfully tiny refrigerators and very few drawers for clothing. A couple spending more than a few days here will likely struggle with storage limitations. For the second time in a row, I was given a room with a television that kept shutting off without warning. Unlike last time when I allowed engineering to spend four days attempting to fix the problem, this time I requested a different room. Unfortunately, the new room had an HVAC system that wasn't functioning properly, so I had to change rooms a second time. This got in the way of me going to one of the parks on my first day because I spent three hours dealing with engineering while unpacking, packing, unpacking, packing, and unpacking again. The fact that the property only refunded me $100 for this major inconvenience says much of its desire to provide exceptional customer service. The Aventura really needs to re-think its in-room technology- most of which is controlled by a bedside tablet. The system of controlling the television (when it works) and most of the room's lighting from a touch screen is unnecessarily complicated and fussy (and I am not one who typically struggles with technology). The lack of a customer-focused approach permeates most of the Aventura experience these days, from outrageous parking costs (even Disney hotels no longer change for parking), to engineering calls taking upwards of 30 minutes for a response, to a front desk that is minimally staffed (one person to check in guests), to broken lobby lighting that hasn't been repaired in years, to housekeeping reduced to once every two days. This property is a perfect example of something that used to be special, ruined by an endless desire to make more money by cutting to the bone while still raising prices.",2,en,0.38773372769355774,negative,0,hotel,SOLO,2025-10-16
1035292887,12451425,Universal Aventura Hotel,Orlando,"I only stayed at the Aventura for one night when I came down for Halloween Horror Nights, but I had such a wonderful experience and plan to stay again if I come back for the event next year. Every staff member I interacted with was so lovely and kind, I only wish I could remember more of their names (shout out to bartender Tabitha)! My room was so clean and comfortable, and the tablet that controlled all of the lights, TV, etc allowed me to stream content from YouTube. Aventura also has a super convenient shuttle that runs to/from Universal every 10 or so minutes all the way up to like 1AM (pretty sure I caught it to go back to the hotel at 1:10AM). So glad I stayed here and look forward to returning.",5,en,0.9112018942832947,positive,0,hotel,SOLO,2025-10-18
1035715100,10673726,Hampton Inn & Suites Miami Wynwood Design District,Miami,We only stayed one night (stay over in Miami following a cruise) and our stay was wonderful. The staff were helpful despite how busy it was when we checked in. We were able to store our luggage so we could have a day at the beach. The room was very comfortable.,5,en,0.9594117403030396,positive,0,hotel,COUPLES,2025-10-21
1036187946,10673726,Hampton Inn & Suites Miami Wynwood Design District,Miami,Stayed for 1 night before our cruise. The facility staff were very nice. It was nice that breakfast was included. I also used their gym facility which was clean and machines are well kept.,5,en,0.784310519695282,positive,0,hotel,FAMILY,2025-10-24
1036188359,10673726,Hampton Inn & Suites Miami Wynwood Design District,Miami,Eric served us and he was so professional and kind. He helped us with all of our needs. We'll definitely stay here again. The room was very clean. The only criticism I would have is to update the pillows because they were very uncomfortable.,5,en,0.9190565347671509,positive,1,service,COUPLES,2025-10-24
1036332923,15809999,Mr. C Miami Coconut Grove,Miami,The staff is well trained to provide excellent service. Service is coordinated through the front desk which works well. The restaurant is delightful- attractive great service and food. Well located. Can walk to many shops restaurants etc nearby. Highly recommend.,5,en,0.9267379641532898,positive,1,service,COUPLES,2025-10-25
1036651576,10673726,Hampton Inn & Suites Miami Wynwood Design District,Miami,Hotel was very appealing as soon as we walked in. Front desk staff were very kind and helpful. Our room was very clean. We would definitely stay again should we travel to Miami again.,5,en,0.8922374844551086,positive,0,hotel,COUPLES,2025-10-27
1036703584,12451425,Universal Aventura Hotel,Orlando,"We just spent a week at this hotel and we loved many things about it. The room was spacious, modern, comfortable and the beds were fantastic. You can use the in room tablet to control the lights, TV and air-con, and the room gets lovely and cool after a hot day in the parks. The resort buses are frequent and easy to use - we also did the 5 minute walk to Sapphire Falls to use the water taxi, which is a huge plus. The food at the hotel was good (if a little pricey). A few things that could be improved: the vanity area needs a towel hook or rail, bedside tables needed for all sides of the beds. The water pressure for the shower wasn’t amazing but it did the job & the toiletries provided were good. Room service excellent but downstairs we did encounter a surly/borderline rude employee serving the gelato. Lastly, and something we found odd - we received housekeeping only once in 7 days. On one occasion, we came back after a long day at the parks to find nobody had been again, and so we started to bag up and clear out our room ourselves and someone appeared in the corridor to remove the rubbish. We hadn’t finished and explained we were still clearing out and then would have called down to reception - we explained we’d had no housekeeping. The next morning someone did come, but that was it. We believed it to be bi-daily but it just didn’t happen. All in all, this is a great resort but the lack of some services let it down a little.",4,en,0.3437812626361847,negative,0,hotel,FAMILY,2025-10-28
1036955481,12451425,Universal Aventura Hotel,Orlando,"The hotel was nice, and we had a great view of the park from our room, but we had one hiccup that brought my experience down. Unfortunately it was after our stay so there was no way to bring it to someone's attention and it was the water taxi. My family stayed for a week, and we kept talking about and seeing the water taxi and how fun it would be to ride if we could(not to mention not having to go through park security and the walk to the parks). We had no idea that we could have if we just walked right across the street. During check in we were told about the busses that ran, but no mention ever of the water taxi. When we were checking out the attendant asked how we liked it and we told her we never got to ride it since we didn't have the opportunity. That's when we started chatting about it and she informed us that Sapphire Falls was a boarding location for it. She apologized that we weren't told, but there was nothing that could be done. On our way out we even looked for signs that indicated as such, but nothing.",3,en,0.8302351236343384,negative,0,hotel,FAMILY,2025-10-29
1037047679,10673726,Hampton Inn & Suites Miami Wynwood Design District,Miami,"Excellent attention from everyone and especially Eric!!! Super recommended equal for location, breakfast included and cleanliness",5,en,0.9809054136276245,positive,-1,Unknown,FRIENDS,2025-10-30
1037116735,15089284,Hyde Midtown Miami,Miami,"I am pasting my Hotels.com review here as well. THERE WERE BEDBUGS!! We were bit!! It was so dirty!! Even though we put on the ""Tidy Up My Room"" sign noone came in to clean up the room. The hallways had left over trash on them for days. When we told the front desk about these, especially the bed bugs - they told us they would investigate and get back to us. For 3 days now no one reached out. Horrible stay, horrible hotel. Update: It has now been 5 days, and we still haven’t heard back.",1,en,0.970064103603363,negative,0,hotel,FRIENDS,2025-10-31
1037964443,12451425,Universal Aventura Hotel,Orlando,"This hotel was fabulous! Check-in was easy and staff was very friendly. We had a room on the 10th floor overlooking Volcano Bay. You could also see Epcot and Magic Kingdom in the far distance so you could see their fireworks at night. Do yourself a favor and request a higher floor in the pink section! The room was nice and modern and everything in the room is controlled by a tablet in the room. There are not nearly as many rooms/people here as the other hotels and were hardly any kids here which was an extra bonus for us. The pool is smaller and quiet but perfect for this hotel. They do play movies at night in the pool area. Not a whole lot of food choices but they had unique choices like wok bowls. Also, it is super easy and convenient to catch the water taxi right next door at Sapphire Falls. Security is at the boat dock so you don’t have to use the big security line at Citywalk and you are dropped off in Citywalk between the entrances to both parks. Not only that but there is a direct path to Volcano Bay that goes under the road and takes you right into the park. We will definitely stay here again as this has been our favorite hotel of any hotel we have stayed at in Orlando/Kissimmee.",5,en,0.6919603943824768,positive,0,hotel,FAMILY,2025-11-06
1037965353,15089284,Hyde Midtown Miami,Miami,"Dear guys!!! The ADA platinum suite has been the perfect match for my 6 month experience as a wheelchair user the whole Hyde midtown hotel team has been great with me !!! A special thanks to Rob, Renata, ismael, claire, Kimberly, Billy, Samantha, Henry. All of them has always been available and accommodating. I will be missing them very much. Indeed, I have a very special feeling for them. I feel like I am part of The Hyde midtown hotel family forever after spending so long with all of them. I like them very much and I miss all of them very much. Take care my dear friends of the Hyde midtown hotel family Ben",5,en,0.3845652937889099,negative,0,hotel,SOLO,2025-11-06
1038121060,235516,AC Hotel Miami Wynwood,Miami,"Stayed at the AC Hotel Miami Wynwood for a quick trip and left feeling pretty neutral. The stay wasn’t terrible, but it also wasn’t memorable. The room was fine overall, though there were some noticeable stains on the door that should’ve been cleaned before check-in. I had requested a higher floor, but neither was accommodated, even though the hotel didn’t seem full. There’s no room service, which was my fault for not checking beforehand, but still a bit of a letdown. Service was polite but unremarkable, and the space itself feels more functional than welcoming. It’s not a place I’d warn anyone away from, but it’s also not one I’d choose again.",3,en,0.6288198232650757,neutral,-1,Unknown,BUSINESS,2025-11-08
1039483786,12451425,Universal Aventura Hotel,Orlando,Nice clean hotel. Elevators were extremely fast. Staff was very friendly especially Barbie at the bar. The rooms could use some pictures and a little more light in the bath. The iPad controller was easy to use. The rates are good.,4,en,0.9257649779319763,positive,0,hotel,COUPLES,2025-11-18
1039870221,12451425,Universal Aventura Hotel,Orlando,After staying here in 2024 we were looking forward to staying here again. Before travelling we had requested a room with a view of the theme parks after having one last time. When we arrived we were told room wasn’t ready and would get a text when the room was ready. Time passed and had not received a text so went back and the room had been ready for a while and our keys had been sat there for a while. Got to the room and no theme park view even though a returning customer . Many times we had to chase housekeeping and sometimes new towels were not left or coffee filled up etc . The call this a budget hotel but with the price they charge it is far from. Bar staff round the pool seem very unhelpful and unfriendly even though drinks prices are steep and still expect a tip. Would definitely think twice before choosing here again,3,en,0.8864833116531372,negative,0,hotel,FRIENDS,2025-11-22
1040126310,10673726,Hampton Inn & Suites Miami Wynwood Design District,Miami,"You're front desk was very helpful and very well informed,Mr.Quinto was very helpful to my needs and questions very concerning about our stay and we'll being.Very good front person to have in your establishment.",5,en,0.9425450563430786,positive,1,service,FAMILY,2025-11-24
1040127480,10673726,Hampton Inn & Suites Miami Wynwood Design District,Miami,We had a wonderful stay. Quinto is the best!!! He knows what customer service is. He was so helpfull when we wanted to extend our stay. And knowledgeable about the area giving us many valuable tips. He is a treasure,5,en,0.9787314534187317,positive,1,service,COUPLES,2025-11-24
1040219441,10673726,Hampton Inn & Suites Miami Wynwood Design District,Miami,Very nice hotel! The room was good the staff very polite! The location good. The breakfast was horrible!! And with extremely limited choices,4,en,0.8897274136543274,positive,0,hotel,BUSINESS,2025-11-24
1040234743,10673726,Hampton Inn & Suites Miami Wynwood Design District,Miami,"Excellent stay, stayed 6 nights and everything flawless. Extraordinary breakfast, lots of options, eggs waffles, bread, sausages, fruits, all freshly made. Fifth, the receptionist, he's the best.",5,en,0.986842155456543,positive,-1,Unknown,FAMILY,2025-11-24
1040254584,10673726,Hampton Inn & Suites Miami Wynwood Design District,Miami,"Great service! Alberte welcomed us warmly, was so helpful and friendly. Such a great start! She even recommended nearby hotel for drinks. Quinto was also there to make this fun and clearly is a great colleague of Alberte",5,en,0.9884069561958313,positive,-1,Unknown,COUPLES,2025-11-25
1040414814,15089284,Hyde Midtown Miami,Miami,Very nice boutique hotel situated in a great part of town surrounded by lots of great restaurants and great atmosphere.,5,en,0.9625678062438965,positive,-1,Unknown,FAMILY,2025-11-26
1040688179,10673726,Hampton Inn & Suites Miami Wynwood Design District,Miami,Abdul and Alberte helped us upon arrival. Such great help. Made our stay felt like home. Would highly recommend this hotel,5,en,0.9574974179267883,positive,-1,Unknown,COUPLES,2025-11-29
1040774673,235516,AC Hotel Miami Wynwood,Miami,"A very nice and modern hotel in Miami. From the airport it is about 20 minutes to drive. The rooms are very modern. The hotel itself has a restaurant, a roof top bar and a pool. Parking in the in-house underground car park is charged $25 per day.",5,en,0.719012975692749,positive,0,hotel,FRIENDS,2025-11-29
1040900165,15809999,Mr. C Miami Coconut Grove,Miami,"Mr. C had an amazing service all around. Especially Abel at the pool, and many others. We spent 4 days there, and every time they were very friendly & pro-active and made it feel like a true vacation. Will be back again next year!",5,en,0.971229076385498,positive,-1,Unknown,FAMILY,2025-11-30
1040903293,15809999,Mr. C Miami Coconut Grove,Miami,"Great service, awesome food, best location and always friendly people. The pool is stylish and has a great vibe and view! We will be back!",5,en,0.9143968820571899,positive,-1,Unknown,FAMILY,2025-11-30
1040906265,10673726,Hampton Inn & Suites Miami Wynwood Design District,Miami,Alberte was amazing and super nice! She went out of her way to make our stay comfortable and incredibly patient! Convenient location,5,en,0.9632174372673035,positive,-1,Unknown,BUSINESS,2025-11-30
1041040537,12451425,Universal Aventura Hotel,Orlando,"We had a blast! We enjoyed traveling to and from the Walt Disney theme parks via shuttles daily! The beds were clean and comfortable. We had modern clean room, with entertainment equipment options throughout. Great restaurants with a variety of food options. Great view and willing to enjoy again!",5,en,0.8927250504493713,positive,0,hotel,FAMILY,2025-12-02
1041238768,12451425,Universal Aventura Hotel,Orlando,"My wife and I had a wonderful stay here for two weeks from 12th November to 26th November to celebrate my 70th birthday. The hotel and room was lovely (we had a room overlooking Volcano Bay). We found all of the staff to be polite and helpful and a real credit to the hotel, unlike lots of hotels. But some were outstanding. Our amazing stay began with Brenda on check in who was very cheerful and welcoming and really did set the tone for the rest of the holiday. In the Urban Pantry Jennifer and Ines were incredible, especially when they found out it was my birthday! They were always very friendly and upbeat and certainly made my special stay even more special. I must also give a huge shout out to Raven who when we returned after a tiring day was ready to serve us with ice cream and cookies at the Pizza station to help revive us. (A big thank you from Chris ""The Cookie Queen"".) In the shop Hannah and Patrick were super helpful. I must also make a special mention to our Housekeeper for whom nothing was too much trouble and going out of her way to ensure our room was made up, even late into the afternoon.(I'm sorry that I didn't get your name) The position of the hotel is great even with no car. 5 minutes from Volcano Bay, 5 minutes from Sapphire Falls and the water transport and walking distance to CityWalk. We would definitely recommend this hotel and certainly stay here again!",5,en,0.4030817449092865,positive,1,service,COUPLES,2025-12-03
1041373277,10673726,Hampton Inn & Suites Miami Wynwood Design District,Miami,"Highly recommended! I must especially highlight the incredible help I received from Quinto, who went above and beyond to help me recover something very valuable that I had lost. He was proactive, kind, empathetic, and his attitude truly made all the difference. I’m also very grateful to the maintenance team for their support. The hotel itself is very comfortable, clean, and very well located. Overall, a wonderful experience. It’s truly a pleasure to find people like this. Quinto, thank you so much!!",5,en,0.9649743437767029,positive,1,service,BUSINESS,2025-12-05
1041473531,10673726,Hampton Inn & Suites Miami Wynwood Design District,Miami,Abdu was very helpful and courteous checking us in and making us feel welcome and the hotel as we arrived. Thank you I will come again.,5,en,0.9387323260307312,positive,1,service,FAMILY,2025-12-06
1041681841,15809999,Mr. C Miami Coconut Grove,Miami,If you like to pay to hear neighbors and people in the hallways go there urgently. To smell the odors of sewers that escape from showers according to the weather. Claim a turn down wholesale; quality of a motel but not at the price of a five star.,1,en,0.7472420334815979,negative,0,hotel,COUPLES,2025-12-07
1041716816,10673726,Hampton Inn & Suites Miami Wynwood Design District,Miami,"The friendliness and helpfulness of Abdul from the front office is the first thing to highlight here. Just great!! The hotel itself is a bit old, but still very good. The location also top 👍",5,en,0.9947731494903564,positive,-1,Unknown,FAMILY,2025-12-08
1041792558,10673726,Hampton Inn & Suites Miami Wynwood Design District,Miami,"We had a great overnight experience, and the customer service was excellent. Alberte was very helpful and friendly, and answered all our questions. Would come back if I visit again.",5,en,0.9281095862388611,positive,-1,Unknown,FAMILY,2025-12-08
1041853529,10673726,Hampton Inn & Suites Miami Wynwood Design District,Miami,Excellent service from the front desk/ especially Alberte was xtra friendly I got upgraded to a corner suite without even asking for it,5,en,0.9702552556991577,positive,-1,Unknown,SOLO,2025-12-09
1041858329,10673726,Hampton Inn & Suites Miami Wynwood Design District,Miami,Today I booked with Mr . Quinto he helped me find a room that was perfect for me in terms of pricing showed me places to eat and help me become a member as well this is a member that everyone should have helping run they business I will definitely book with the hotel again great customer service from Quinto go check them out,5,en,0.9763098359107971,positive,1,service,FAMILY,2025-12-09
1041966600,10673726,Hampton Inn & Suites Miami Wynwood Design District,Miami,"Alberte at the registration desk was very pleasant, professional, and helpful!!!! She was an absolute deal to deal with!!",5,en,0.9663374423980713,positive,-1,Unknown,SOLO,2025-12-10
1042294028,10673726,Hampton Inn & Suites Miami Wynwood Design District,Miami,"Our stay was excellent! On arrival, we were greeted by the awesome Quinto, who kindly set up our keys, provided us with information about local eateries, and was wonderful to speak with. It’s one of the best hotel stays we’ve had in years and made our first time in Miami even better. And a great view! We’ll be back. Highly recommend!",5,en,0.973870038986206,positive,-1,Unknown,FAMILY,2025-12-13
1042299164,10673726,Hampton Inn & Suites Miami Wynwood Design District,Miami,Ouinot was the best Great experience good service made sure made sure we had everything we need Great guy made sure we had everything excellent service everything we need was there,5,en,0.9072415828704834,positive,1,service,FAMILY,2025-12-13
1042417036,10673726,Hampton Inn & Suites Miami Wynwood Design District,Miami,I had a great time checking in with Abdul. He helped my family with a discrepancy that was easily helped! This was an easy and great experience.,5,en,0.9570728540420532,positive,-1,Unknown,FAMILY,2025-12-14
1042530358,15809999,Mr. C Miami Coconut Grove,Miami,Overpriced. Very nice staff but poor management. Noisy room with neighborhood music at 1 am. Broken in room equipment.,3,en,0.8860852122306824,negative,0,hotel,FAMILY,2025-12-15
1042756529,10673726,Hampton Inn & Suites Miami Wynwood Design District,Miami,"Great team! Very welcoming, amazing Hospitality. Great customer service from Albete & Travis! Need to make sure all outlets work in the rooms.",5,en,0.9703368544578552,positive,1,service,FRIENDS,2025-12-17
1042760036,10673726,Hampton Inn & Suites Miami Wynwood Design District,Miami,"We had a great time at this hotel, Quinto was an amazing manager , he did everything posible to make us feel welcome and comfortable, he is a great asset for your property. And this make our trip much better, he even followed up calling the room to make sure we were ok , amazing Thanks !!!! We will be back shortly",5,en,0.9653428196907043,positive,1,service,FAMILY,2025-12-17
1043425869,15089284,Hyde Midtown Miami,Miami,"Very beautiful hotel in a central location. Came to Miami to celebrate a birthday and could not have asked for a better place to stay. After comparing AirBnB options we decided to stay at Hyde Midtown instead since for the same price as the AirBnB options the hotel offered a higher quality room. The location was our favorite part since we were able to visit every part of Miami with a quick couple minutes drive. There is also everything you can need walking distance with all the surrounding stores and nightlife. Staff was very friendly and helpful the entire weekend. The room itself was clean, spacious, and offered a nice view of the open park outside. There was also a very large gym within the hotel that was bigger than most we've seen at other hotels with good array of equipment along with a nice rooftop pool. Overall, we will definitely be coming back any time we visit Miami.",5,en,0.7226757407188416,positive,-1,Unknown,COUPLES,2025-12-23
1043769938,12451425,Universal Aventura Hotel,Orlando,"Not recommended. Location is the only good thing about this hotel. You will be disappointed as I was. The building feels older. In the hallways there was permeating odor of socks or wet bathing suit. The entire hotel smelled musty. The room decor and furnishings were cheap and more in line with a discount motel then an upscale, premium product. The towels are threadbare and cheap. We stayed on a Sunday night and there are no dining options within walking distance so we ate at the hotel ""restaurant"" which is more like a cafeteria. The food was awful and one of the employees insisted I bus my own table and sort the dishes, silverware, and trash for her. When I declined, she called me an ""entitled a**."" Well, yes ma'am, I did just spend $78 for slop, I might be entitled to something. I would never stay here again and I will warn everyone visiting Universal to not stay here.",1,en,0.8087306618690491,negative,0,hotel,FAMILY,2025-12-26
1043797529,15809999,Mr. C Miami Coconut Grove,Miami,"We visited for a quick 10th Anniversary getaway, and were greeted warmly with congratulations during arrival. We were assigned a beautiful room with many thoughtful amenities within that made it feel like home. This hotel has great style and meticulous cleaning standards. All staff were eager to help when asked but discreet when assistance was not required. We would gladly stay again in the future.",5,en,0.9705222845077515,positive,-1,Unknown,COUPLES,2025-12-27
1044498617,12451425,Universal Aventura Hotel,Orlando,"They don’t clean the rooms during visit, which is unacceptable at these room rates. They ran out of shampoo and didn’t have any at the front desk. Motel 6 has better service and cleanliness.",1,en,0.9936327338218689,negative,0,hotel,FAMILY,2026-01-01
1045010200,217395,Mayfair House Hotel & Garden,Miami,"The hotel is beautiful and the front desk staff are a pleasure to deal with. The room is amazing and clean. The hotel restaurant has delicious food as well and complimentary breakfast every morning! The only bad part is paying $600 for the room and not being able to use the additional benefits through AMEX hotel collection. Would not offer a room upgrade after asking every day of the stay. Got strung along with the response of ""check back tomorrow we show availability""",3,en,0.8994243144989014,negative,0,hotel,COUPLES,2026-01-05
1045087953,15089284,Hyde Midtown Miami,Miami,"We had to choose a location that wasn't too distant from Miami International Airport, and Midtown Miami proved to be very convenient. The Hyde is super well located. It is comfortable and the staff is very friendly. It has many shops around and is a few blocks from the design district and Wynwood!",5,en,0.9044002294540405,positive,0,hotel,COUPLES,2026-01-06
1045262538,10673726,Hampton Inn & Suites Miami Wynwood Design District,Miami,"The hotel is nice, rooms in good condition and clean with good linen! The attention of Quinto deserves 5 stars, as it helped me in the cancellation of my stay and explains everything. However the dismal reception I had on 31.12.25 and the service on 1.1.26 makes me rate the hotel poorly. Miss. Alberte was uncollaborative in receiving me, as I did not speak English nor did she only do Spanish with her head that she did not and looked ahead, there was no possibility of communicating with her, let alone using a translator, obviously nothing could consuntar, the only thing the wifi, no excursions, no taxi reservations, or tips of some events that I had seen to go to the night of the end of the year. He would tell the hotel owner that a poorly served guest will not return and advises anyone not to go to his hotel, perhaps before spending so many dollars on advertising, employees should be taught that their job is to house people and that if they do not speak their language as anywhere in the world a translator can be used to help without mistreating.",2,en,0.5245048403739929,negative,1,service,SOLO,2026-01-07
1045293352,217395,Mayfair House Hotel & Garden,Miami,"David was amazing. Kind, efficient, professional. Everything! We arrived early, had all sorts of naive questions. He was patient and everything worked out. Fantastic!",5,en,0.9654436707496643,positive,6,david,COUPLES,2026-01-07
1045360686,15809999,Mr. C Miami Coconut Grove,Miami,"I really loved this hotel. Stayed here with my mother for 2 nights in November. Room was great with a lovely view over the bay from the balcony. Bed was large and comfortable. The breakfast was delicious with a picturesque setting on the roof terrace, and the roof-top pool was beautiful and a perfect temperature to swim in. We also had snacks at the bar on the ground floor which were delicious (so much so we had them every day). The staff were also all very friendly. I'll definitely come back. We also loved the beautiful interior design shop which is attached to the hotel.",5,en,0.8037723898887634,positive,0,hotel,FAMILY,2026-01-08
1045360868,1149365,Kimpton Epic Hotel by IHG,Miami,"I love this property! It is in a perfect location. The staff are amazing! Special thank you to Jean Baptiste from valet, he is always so friendly and courteous and always remembers to put my seat back to it's original place!",5,en,0.9648599624633789,positive,0,hotel,BUSINESS,2026-01-08
1045381144,217395,Mayfair House Hotel & Garden,Miami,"I very rarely write reviews, but our stay at the Mayfair was flawless. It is such a beautiful building and our room was absolutely gorgeous. As mentioned in other places, people like Fernando made it a truly special experience. The room was quiet, the bed was comfortable and the balcony was so cozy and private. Cannot wait to go back!",5,en,0.9407937526702881,positive,0,hotel,COUPLES,2026-01-08
1045405765,15809999,Mr. C Miami Coconut Grove,Miami,"We had an excellent 9 night stay at this hotel. The employees are superb and highly trained. The front desk, the housekeeping and Joseph at the pool bar really made our stay very enjoyable. Joseph couldn’t be more helpful, he knew our names and drinks and how we liked to be set up. He was interested in where we came from and couldn’t have done any more to make us feel welcome and appreciated. We had a lovely room with a bay view. It was quiet and clean and spacious. The robes and towels were super white and fluffy. Housekeeping did a great job and the turndown service came with Venchi chocolates and plenty of water. The roof top pool was busy over New Year but we had 2 beds and great service. The pool was heated which is appreciated at this time of the year. We loved the location as Coconut Grove had lots of restaurants and shops. We ate at the pool bar and Bellinis and they were good but expensive. WiFi was strong and I really couldn’t fault the hotel. I used the gym every other day and mostly had it to myself. The gym was small but well equipped and had water and towels. Whoever recruits and trains the people who work in the hotel is to be commended as they were efficient and polite and helpful and unlike most of Miami they didn’t constantly look for gratuities. They wanted to do a great job which is a refreshing change. Obviously we did tip but we didn’t feel pressurised like other hotels. There was no upselling either. We will most certainly return. Thank you Mr C.",5,en,0.3483450710773468,positive,-1,Unknown,COUPLES,2026-01-08
1045427776,235516,AC Hotel Miami Wynwood,Miami,"On a recent trip to Miami, I decided to check out as many properties as possible and enjoyed a night in the Wynwood area of the city. The AC Miami Wynwood hotel is situated close to local bars and restaurants, together with plenty of shopping opportunities. The hotel is also particularly generous when it comes to Titanium/Platinum benefits. Although a $30 resort fee is added to the bill, $15 of this can be used towards food and beverages. I was staying with my two children and was given $10 credit per person meaning breakfast was essentially paid for. Breakfast was a buffet or a la carte. Children were charged half price. It meant that for my $45 bill the entirety was covered by the $30 Titanium breakfast credit and the $15 resort fee rebate. The rooms are cozy and modern. I love the hardwood floor that runs throughout all of the AC hotels I’ve stayed at. The shower too was also particularly powerful. The hotel also has a great rooftop area with a warm rooftop pool. There are deck chairs and daybeds aligning the pool area and there also looked to be a restaurant and bar in operation at the time I was there. For those who love to watch the arrivals into Miami International Airport, you’re in luck! The planes coming in to land from the east fly directly over the hotel. There is also a super view of the Miami Skyline from the very same rooftop. Car parking at the hotel is on the pricey side with a charge of around $50 to park overnight. However, next door to the hotel is a private car park where you can leave your vehicle for 24 hours for just $20. I would encourage anyone looking to park close to the hotel to simply do that rather than pay the extortionate fee the hotel wished to charge me. There is also street parking directly in front of the hotel but this can only be for a maximum of five hours so it would not be any good for those who sleep more than that in a single night! It was interesting for me to stay in this part of Miami having never visited in the past and I would definitely return in the future should the opportunity arise.",5,en,0.49013927578926086,positive,-1,Unknown,FAMILY,2026-01-09
1045653901,10673726,Hampton Inn & Suites Miami Wynwood Design District,Miami,"Very good hotel, located in an emerging area of Miami, with zero danger to walk at night. Good breakfast, paid parking in the same hotel, good service, finally highly recommended. Data: It is a 2 minute walk from a chesse and wine bar which is very entertaining.",5,en,0.9718100428581238,positive,0,hotel,FAMILY,2026-01-11
1045654339,12451425,Universal Aventura Hotel,Orlando,"Access to Universal Studios and Islands of Adventure: You can walk to Universal Studios or Islands of Adventure from this hotel - probably about 15 - 20 minutes along the garden path. You can take the water taxi available behind the Sapphire Falls hotel across the street. There is also a shuttle to all three parks including Epic Universe. Volcano Bay is located very close to the hotel. Epic Universe: You can not walk to this park. There is a regular shuttle from the hotel that runs consistently. It is a 15-20 minute bus ride to this park. Access to amenities at other Universal Hotels: You can request an amenity key at the other Lowe's properties including Sapphire Falls across the way. This gives you access to the pools at all the Universal hotel properties. Hotel accommodations: There is everything you need, but it is very basic and grey. The water pressure in the shower is great and while you can hear the roads behind you, inside the hotel is pretty quiet. The pillows are not good, however. We got two adjoining rooms - and there is a small fridge, but for families looking to spread out and prepare food - this is not the appropriate choice. Food at the hotel: There is a nice rooftop bar area with snacks and great views. In the lobby there is a Starbucks, pizza area, and cafeteria type place with family friendly food. It isn't terribly pricey.",5,en,0.4087294042110443,positive,0,hotel,FAMILY,2026-01-11
1045846607,217395,Mayfair House Hotel & Garden,Miami,"I wanted to wait a week since returning from my trip to this hotel in order to render a fair assessment, not one based on immediate feelings. To be fair, this place merits a very average rating, by no means terrible, but a place in need of fixing. Let me elaborate. To start with, the front desk. There isn’t any! It’s just a circular table manned by one or two workers, though it could be mistaken for a work area for the guests. There is nothing inviting about it. Very odd. So now we move onto the room itself in which there is a very dangerous situation: the shower. It is not a walk-in shower, but rather an old fashioned bathtub. And an extremely high one at that. It was not easy to get in by any stretch. Once in, it was quite slippery with nary a grab bar in site. I’m in my early 60s, in excellent health and I really don’t see how an elderly person can use it. Finally, there is no door to the shower. The water was flying everywhere and piling up on the floor! Once again, very, very, odd. The rest of the room was situated nicely, but it was way too dark. It was really difficult to read anything without going right up to the light. We had to use our flashlights on our cells to see items in our bags. Beyond odd. There were good points: The hotel itself is picturesque with greenery everywhere. (Though since it is open air, it gets cool at times.) The pool was nicely heated, the staff attentive. The balcony or outdoor area was the highlight. The hotel itself is centrally located. But in end, I cannot get past the above-mentioned issues and thus cannot recommend this place.",3,en,0.5320166945457458,negative,0,hotel,FAMILY,2026-01-12
1046367756,15809999,Mr. C Miami Coconut Grove,Miami,"We chose this hotel for an overnight birthday celebration in Miami, bringing our dog along. While the Coconut Grove location proved ideal and the staff consistently demonstrated friendliness and professionalism, the room itself fell short of expectations—particularly given the nearly $1,000 cost (including pet fee) for a single night. Room 410 felt surprisingly basic: compact layout with beds, TV, desk, and bathroom, but lacking standard amenities we’ve come to expect at this price tier. Notably absent were a coffee maker and traditional iron/ironing board (only a steamer provided). The bathroom, while clean and functional, featured only a shower. There was also loud music that kept us awake for a large part of the night from a nearby venue. Having stayed at numerous Fine Hotels & Resorts properties previously, we’ve experienced exceptional quality that justifies premium pricing. Unfortunately, this property didn’t meet that standard. I’d compare it to a solid four-star European hotel or approximately 3.5-star American equivalent—perfectly adequate, but not luxury-level. Recommendation: Request detailed room information and photos before booking to ensure it meets your expectations for the price point. When told if the experience, the front desk clerk gave me a card and assured me that the room would be much better and quieter should we visit again. Polite, but not particularly helpful since we do not plan on returning.",3,en,0.4358707666397095,negative,0,hotel,COUPLES,2026-01-17
1046464567,12451425,Universal Aventura Hotel,Orlando,"LOVED this hotel. Rooms were so clean and comfy they had all the amenities you needed, coffee machine, iron, hair dryer etc. clean was freshened up everyday. The tablet was a cool touch too. The most amazing part was the view we had of islands of adventure. I could see all the rides it was amazing, as well as the firework drone show at night we were able to see that from our room too. The pool area was great nice pool and hot tub and backs onto the volcano bay water park!! There was a restaurant area and the food was delicious, a handy Starbucks too. The gym had everything you needed for a quick holiday workout. The staff were all so friendly I loved every minute of this stay. We were also a less than 15 min walk to the park, it was a beautiful garden walk. There is also regular free shuttle buses and a free water taxi which was really cute. Definitely recommend this hotel !!",5,en,0.9407221674919128,positive,-1,Unknown,COUPLES,2026-01-18
1047084829,12451425,Universal Aventura Hotel,Orlando,"We had a Kids Suite with Adjoining 2 Queen Bed Room (booked as one unit) and it was plenty of space for our 7 night stay. The room and hotel was clean and well maintained, with very helpful and friendly staff, and a great location. Between the shuttle, the water taxi available across the street, or the walking path, we could get to CityWalk, IoA, or Universal Studios in about 15 minutes. Would definitely stay again. I did take the advice of other reviewers and have a noise machine to help block out street noise while sleeping. We slept great!",5,en,0.8852128982543945,positive,0,hotel,FAMILY,2026-01-23
1047196669,217395,Mayfair House Hotel & Garden,Miami,We stayed almost a whole week and loved the Mayfair as our base to explore Miami!,5,en,0.9763751029968262,positive,0,hotel,COUPLES,2026-01-24
1047445480,15809999,Mr. C Miami Coconut Grove,Miami,"Great service, location and room. Bellini restaurant is also very good. A relaxing break in superb surroundings, the room was well furnished and large, bed very comfortable. Highly recommend",5,en,0.8119356036186218,positive,-1,Unknown,COUPLES,2026-01-26
1047751822,217395,Mayfair House Hotel & Garden,Miami,"No doubt, the location is great if you want to be in the heart of Coconut Grove. However, be prepared for dark, dated rooms with no view. It was so dim in the room, it made me think it wasn’t clean. Our room was not cleaned the next day, even when we were asked what time we wanted the room to be cleaned. The music from the wedding downstairs kept us up. I understand that there are lots of weddings at this location and they are allowed to play music until 11:00 pm. Many of our invoices were incorrect and we are still trying to sort it out. Fernando (at check-in) was very nice but ultimately had to “punt” issues up to management to follow up on.",2,en,0.9296683073043823,negative,-1,Unknown,FRIENDS,2026-01-29
1047752141,217395,Mayfair House Hotel & Garden,Miami,"We landed in Miami because we could not get back to the West Coast due to the many airline cancellations. The greeters were very nice and helpful. They also made some great restaurant recommendations. The neighborhood is wonderful, family-friendly, and feels very safe. The hotel's vibe and architecture are iconic — really a work of art. The rooftop pool and bar offered a serene, yet fun, escape. Really, a wonderful experience, and I was happy to get to see this slice of Miami life. I would love to come back. The only negative was that we asked for a late checkout and were denied. Its' OK to be denied because of staffing arrangements. However, we were told that the hotel was ""fully booked"". It was not even close to being booked and/or busy on a Tuesday. Management, please don't tell your employees to lie, have them say ""unfortunately we cannot accommodate your request, but we have these options...."" Lying has become too commonplace these days; let's all do better. (As a side, we met people at the pool, who just didn't ask and brought their suitcases up to the pool, stayed the afternoon, and changed in the changing rooms. And no, they did not ask permission.)",4,en,0.6482235193252563,negative,-1,Unknown,COUPLES,2026-01-29
1047974228,12451425,Universal Aventura Hotel,Orlando,"This being my first solo trip, I wanted to ensure I stayed at a safe, comfortable hotel, and I landed on Aventura. This proved to be a great decision, and as my 7-night stay here has sadly ended, I am very happy with the quality and overall comfort levels this hotel provided! Firstly, it is quite small, and doesn’t require a ton of walking to get anywhere you need to. I LOVED this aspect. Checking in was a breeze, and I was pleasantly surprised to be upgraded to a skyline view on the 16th floor, a wonderful start to the trip! Shout out to Tina at the front desk! From my room, I had a gourgeous full view of Islands of Adventure and the beautiful resort next door, as well as sweeping views of the rest of Orlando. I have seen in other people’s comments about the 16th floor that noise from the rooftop bar being directly above was an issue, and I am pleased to say that it was it was NOT an issue for me. Perhaps it was where my room was situated in the building, but I wasn’t affected at all by noise overhead, nor from other rooms. Initially, my minifridge wasn’t working properly. A quick text to the front desk to alert them of this, and within 30 minutes a team member arrived and promptly replaced the fridge. He also helped me set up streaming on the TV and answered any other questions I had. The location of this hotel is conveniently located close to the parks, so a brisk walk, bus or water taxi ride away. The pool area is very relaxing and nicely setup. The rooftop bar is nice, though I’m not a social or drinking person so I didn’t spend a lot of time up there. Urban Pantry has a lot of options for food, and being vegetarian, this was much appreciated. Overall, this hotel was be a great place to chill and hang out as a break from busy park days. I will definitely be returning here on my next holiday. The skyline view is a must!!",5,en,0.4116347134113312,positive,0,hotel,SOLO,2026-01-31
1048043078,15089284,Hyde Midtown Miami,Miami,"We used this hotel twice as we were on a Cunard cruise. We had rooms on the 6th floor both spacious well appointed, clean with a comfy bed and good Wi-Fi. Both rooms have small kitchens including a fridge but there is no cutlery or plates etc. There are two mugs for the coffee machine and glasses for water. There is sufficient storage space and a good safe. The bathrooms are large and security is good. You can't access the lift without your key card. Staff are very helpful, friendly and courteous. Our thanks to Jessa Robinson for upgrading us on our return visit and the female member of staff who assisted us with an Uber for the airport, much cheaper than a yellow cab. We also had late check outs and they have storage for your luggage in the lobby. The hotel is situated in the heart of midtown near a crossroads junction, road noise is noticeable. The hotel is also under the flight path of Miami airport and flights can be low. Fortunately flights are reduced in the evening and room insulation reduces exterior the noise. There are plenty of places within walking distance to eat both for breakfast and dinner. Our favourite for breakfast was Angelina's. There is also a good bakery round the corner from the hotel plus an Italian restaurant called Salumeria (advisable to book). We also tried a Mexican called Bakan and an Argentinian called Chimba. There is also a sports bar across from the hotel called Taps 42 with a good selection of drinks. Food is okay as well. The hotel is within walking distance of the Design district with lots of high end shops, cafe's and restaurants. It is also near the Wynwood area which has outdoors art, graffiti and also some good museums. If you get chance try and visit Cars & Guitars. Nice coffee bar, but the cars and guitars are the stars. There is also a hop on hop off bus stop near the hotel which will take you to the beach and Little Havana. So our thanks to Henry the general manager and the staff who made our time in Miami enjoyable. We would return should we visit Miami again.",5,en,0.3697426915168762,positive,0,hotel,COUPLES,2026-01-31
1048140022,15809999,Mr. C Miami Coconut Grove,Miami,"A wonderful hotel with a very stylish interior, great service and a marvelous restaurant. The rooms are marsterfully designed to make you feel on a luxurious boat. A very friendly, cooperative and professional staff. Amazing experience!",5,en,0.8897316455841064,positive,-1,Unknown,COUPLES,2026-02-01
1048195964,12451425,Universal Aventura Hotel,Orlando,"It was the second time we stayed in this hotel, and again we had proper care. The main attraction of this hotel is its modernity, combined with the benefits of staying in a hotel with a Universal complex, such as transportation and early entry into the Universal parks.",5,en,0.9558003544807434,positive,0,hotel,FAMILY,2026-02-01
1048197624,217395,Mayfair House Hotel & Garden,Miami,"Phenomenal stay. A great mix of luxury and home feeling. Staff, especially Fernando, personally went above and beyond.",5,en,0.9837231040000916,positive,1,service,COUPLES,2026-02-01
1048590398,6727321,The Vagabond Hotel Miami,Miami,"Was recommended by a friend that had stayed there whose son lives nearby so they'd stayed there a lot. It's a classic 1960s motel, complete with retro signage. Rooms and property all updated and modern.",5,en,0.9274864196777344,positive,0,hotel,COUPLES,2026-02-05
1048596060,6727321,The Vagabond Hotel Miami,Miami,"The Vagabond is my secret go-to spot with 5-minute access to the beaches, fantastic, clean, renovated rooms, a quirky, retro vibe, and super friendly staff that treats me like family. The pool area is fantastic – well-maintained, great for cooling off after a beach day, and has that vintage Florida motel charm that’s impossible not to love. If you’re looking for authentic Miami vibes, great value, and a place that feels like a home away from home, book the Vagabond. Just… maybe don’t tell too many people. 😉​​​​​​​​​​​​​​​​",5,en,0.8896484971046448,positive,0,hotel,BUSINESS,2026-02-05
1048650781,6727321,The Vagabond Hotel Miami,Miami,"I've stayed at Vagabond Hotel multiple times, and it remains one of my favorite places in Miami. Recently stayed again and had another great experience. The room was clean, comfortable, and well designed. The location is very convenient, and the staff is consistently friendly, helpful, and welcoming. The grounds are beautiful, and the retro, mid-century vibe gives the hotel so much character and charm. It’s a relaxing, stylish place that always feels special. We’ve had nothing but positive experiences here and would absolutely stay again. Highly recommended.",5,en,0.747120201587677,positive,0,hotel,FAMILY,2026-02-05
1048743249,217395,Mayfair House Hotel & Garden,Miami,5+ The service is excellent. Nikole is a fabulous yoga teacher. Breakfast has been perfect. Gym has everything needed. Spectacular little oasis.,5,en,0.9602493643760681,positive,-1,Unknown,FAMILY,2026-02-06
1048767266,217395,Mayfair House Hotel & Garden,Miami,"The staff were wonderful, and the architecture is world-class. Unfortunately, the suite we were in felt very neglected. The windows needed serious cleaning, and the upholstery was faded, torn, and/or stained. It was also fairly noisy at night, due to loud partying in the neighborhood on the weekend nights, and general traffic noise other times. With some TLC, this could be a world-class hotel, but it definitely wasn't worth the price, and did not feel like a luxury hotel like it probably used to be.",2,en,0.6859787702560425,negative,-1,Unknown,COUPLES,2026-02-07
1048773941,12451425,Universal Aventura Hotel,Orlando,"We recently stayed at Universal’s / Loews’ Aventura hotel and I felt compelled to write this review to warn other travellers of our experience. Firstly, the hotel room was dirty when we arrived. The bathroom still had dust, hair and dirt in the corners and the floors were not clean. However, we chose not to mention this to the staff as we had been told our room would be cleaned every other day, so figured it would soon be resolved and put it down to an oversight on the part of a likely overworked housekeeping team. On the day we were told the room would be serviced for the first time, it was not done. This was despite us being out almost the whole day at the parks, leaving the housekeeping team plenty of time to do it. We had to chase the front desk several times to ask for housekeeping, who did not come. Instead we were left a bag of towels, and new sheets for us to make our beds ourselves late at night when we returned from the parks. Again, we complained and asked that housekeeping come the following day instead to clean the room. This time they made one of the two beds, emptied the bins and replenished the coffee but still did not clean the floors, bathroom etc. When we complained yet again, we were told that it was already ‘a lot’ that housekeeping had made one of the beds as normally they only empty the bins and that’s it! So this was supposedly going above and beyond their normal service. Frankly that is not good enough for the room rates charged by the hotel. While we were offered a small room credit in compensation for the housekeeping problems, this was not a true resolution of the issue. It took until the fifth day of our stay for the room to be cleaned to a somewhat acceptable standard, and this only after a lot of chasing and complaints. As well as this, the hotel charged us 3 separate times for the same set of drinks, and twice for the same meal. When questioned why this had happened, they accused us of adding additional items to the bill after we signed the cheque for the meal to charge it to the room (we did not) and blamed ‘occasional issues with international cards’ for the triple drinks charges. When we queried why we had been charged over $200 for a meal and some drinks that came to a total of around $70, we were told repeatedly that everything was fine from their end and that all the charges were correct. This was despite us having a photograph of the cheque which clearly stated the amount authorised to be charged to the room, as well as evidence of the multiple charges debited from our account. As unauthorised charges kept getting made to my card I eventually had to contact my bank to put a block on the card before the hotel took all the available spending money I had in my account. All of this wasted hours of my day and wiped out a full day we could have enjoyed in the parks due to the stress and anxiety caused. During discussions with the manager I was repeatedly spoken to in a condescending tone and told that they ‘couldn’t explain it any simpler’ for me to understand. I was made to feel stupid for even questioning the charges, and told over and over that everything they had done was correct. Both myself and my partner were made to feel like we were causing unnecessary problems by simply chasing money that had been wrongly taken from us and asking to receive the service we paid more than £1000 for - namely a clean, comfortable hotel room for our much anticipated holiday. This has left an incredibly sour taste in our mouth and ruined the final part of our trip. As well as this: - the hotel is incredibly noisy. Despite being on the 15th floor, we had constant traffic noise day and night from the highway and the noise of other people’s toilets flushing and random banging noises 24/7. - the tablet that controls the tv advertises the ability to use Netflix, Prime video and YouTube but these do not work and you must cast from your phone. - you must control all the lights in the room using the tablet, which is pointless Overall, the only positives going for the hotel have been its proximity to universal and the better hotel next door, the free shuttles to the parks, and the friendly (but often very slow) service from some (but certainly not all) of the staff. Although billed as a prime value hotel, Aventura is nothing of the sort. You will do better to save your money for fast passes and taxis to the parks, and stay off property somewhere with proper housekeeping and better standards. I’m sure that this review will receive the standard comment that the feedback will be passed on to the manager to ensure other guests do not have the same experience. However, judging by previous similar reviews from other guests dating back several years, there is zero intention to make any meaningful improvements to the hotel and this will continue to be the way Aventura operates. Avoid.",1,en,0.47538402676582336,negative,0,hotel,COUPLES,2026-02-07
1048986545,217395,Mayfair House Hotel & Garden,Miami,Very comfortable Hotel with nice roof Top Bar and Pool. Hotel staff was very friendly. Close to Shops and. Restaurant at Coconut Grove.,5,en,0.8983215689659119,positive,-1,Unknown,SOLO,2026-02-08
1049140281,15089284,Hyde Midtown Miami,Miami,"The hotel is in a good location and has nice aesthetics. I enjoyed using the hot tub, and while it was too cold to use the pool during my stay, the pool area was beautiful. However, I don't believe this is a luxury hotel or that it's worth the price tag. There was no furniture on our balcony and certain items were not well stocked in our room (there was a kitchenette, but only two glasses and no way to wash them; no cutlery; only one coffee pod for the machine). There is a restaurant on site, but when we checked in we were told ""there is no restaurant here"" (it was closed for a private event the night we arrived). We were also told that we could request an upgrade (based on my credit card status) if we had an issue with the room; we were close to the elevators, so I decided to ask...only to be told we couldn't move. I'm usually not so picky with hotels and I tend to travel fairly frugally, and I do think it's a nice hotel. However, from my experience, the price does not match the amenities or service.",4,en,0.4036233425140381,positive,0,hotel,COUPLES,2026-02-10
1049361217,15089284,Hyde Midtown Miami,Miami,"I would highly recommend this hotel. I am basing this especially on the service of the staff especially Jesse, she went out of way to ensure our needs were met. The room was especially clean and had everything we needed. The location was amazing, right next to a Starbucks. Thanks for a great stay!",5,en,0.9942301511764526,positive,0,hotel,COUPLES,2026-02-12
1049588151,217395,Mayfair House Hotel & Garden,Miami,Rooms very dark: lighting was terrible. No fan in interior bathroom. Electric (fuse) blew twice due to old wiring. But breakfast was very good. Rooftop pool and bar very nice.,3,en,0.5287535190582275,negative,-1,Unknown,COUPLES,2026-02-17
1049692746,6727321,The Vagabond Hotel Miami,Miami,"Great Boutique hotel. Built in the 50's and renovated very nice. Clean rooms, and hip. The pool area is like a tropical paradise. Office staff was great, check in and out was easy.",5,en,0.9226119518280029,positive,0,hotel,COUPLES,2026-02-17
1049853304,12451425,Universal Aventura Hotel,Orlando,"My husband and I stayed at the Aventura for 3 nights while visiting before a cruise. We checked in late (close to 11 pm) on a Wednesday evening, the lobby was mostly empty so we were checked in very quickly. We got to our room and immediately noticed the tablet wasn't properly connected to our reservation (it was displaying that the room wasn't rented) which prevented us from fully accessing everything. We called the front desk and they sent someone up, he was there for a solid 10-15 minutes but couldn't figure out what the issue was. Eventually it seemed to self-correct, though, so I guess it ended up being a non-issue? Overall though this was a perfect example of ""just because you can, doesn't mean you should."" The tech-enabled features of the room were really more of a hindrance than a help, as it caused issues with turning on lights (if you turn any light on or off manually by accident, it would stop working on the tablet), some of the light switches on the tablet didn't work at all, and the TV controls were finicky (and of course, the actual remote that was in our room didn't work either). It just seemed like if you're going to commit to that level of technology in every room, you need to make sure it REALLY works and is reliable. It's just not there yet. All that said, the room was extremely clean, the view from our room was beautiful, the bed was very comfortable, there was plenty of storage, the proximity to the parks was perfect, the staff was friendly, and having a Starbucks in the lobby was very convenient for quick coffees and grab-and-go breakfasts before taking the shuttle to the parks. For these reasons, we would stay at the hotel again and because we'd anticipate technology issues, it wouldn't be as much of a headache.",4,en,0.6608898639678955,positive,0,hotel,COUPLES,2026-02-19
1049874533,24889567,Arlo Wynwood,Miami,Oscar at the front desk was very helpful when we had questions. He was able to answer them all and accommodate us very nicely. Hotel environment and staff were phenomenal! Highly recommended!,5,en,0.8362576961517334,positive,1,service,COUPLES,2026-02-19
1049877253,15809999,Mr. C Miami Coconut Grove,Miami,"The rooms are extremely noisy as the s are paper thin. Also, the security and staff smell of marijuana when they deliver things to your room. Not exactly 4 or 5 star quality. There are 3 managers, all of which are rude and arrogant. Terrible service. I will stay at a real 5 star hotel next time. Try the Mayfair hotel where they have actually good service, or four seasons.",1,en,0.9877853989601135,negative,0,hotel,FAMILY,2026-02-19
1050049685,6727321,The Vagabond Hotel Miami,Miami,"This hidden gem is located in a great spot within walking distance to quite a few restaurants. The motel will surprise you with its special touches. Like robes, which you would not expect from a motel. Lovely staff, well maintained rooms and it is extremely clean. The pool area is serene with nice lounges and beautiful well maintained landscaping. Great place!",5,en,0.8616935014724731,positive,0,hotel,FAMILY,2026-02-20
1050055790,10673726,Hampton Inn & Suites Miami Wynwood Design District,Miami,"Location was very convenient for what we wanted to do. The room did not have view or nice scenery, we were facing a parking garage with neon lights on all night long. The room is outdated and could be much more cleaner. Bed sheets were stained, we even had a pillow stained with old blood, towels were stained, shower curtain had a really bad smell, like wet dog smell and floors were covered in dust. I had to use a bedsheet on the floor as a rug for my kid and I to be able to walk in socks before getting to bed. The lobby had a good welcoming aroma but the seats were also super stained, I preferred staying standing up rather than sitting every time we went downstairs. Honestly the place did not meet my expectations, at least employees were cordial. I would definitely not repeat or recommend this hotel.",2,en,0.9151689410209656,negative,0,hotel,FAMILY,2026-02-20
1050210860,15809999,Mr. C Miami Coconut Grove,Miami,"I had such a great experience at Mr. C Miami – Coconut Grove. From the second I walked in, everything just felt right. The staff greeted me with genuine warmth (not that forced hotel friendliness), and the welcome drink was such a nice touch after traveling. The room was super clean, beautifully styled, and honestly just felt peaceful. You can tell they care about the details — everything was polished but still comfortable. Anytime we needed something, the front desk was quick, helpful, and easy to deal with. It’s rare to stay somewhere that feels both upscale and relaxed at the same time, but Mr. C nailed it. If you’re heading to Miami and want somewhere that delivers across the board, this is it. I’ll definitely be back.",5,en,0.8876059055328369,positive,-1,Unknown,COUPLES,2026-02-20
1050257162,6727321,The Vagabond Hotel Miami,Miami,"My husband and I recently came back from the Vagabond and are already planning our trip back! This hotels vintage Miami vibe is everything!! Billie is amazing, and so knowledgeable! The beds were super comfy, and the rooms clean and bright!",5,en,0.9876483678817749,positive,0,hotel,COUPLES,2026-02-20
1050307359,288592,"Brickell Arch, A Luxury Collection Hotel, Miami",Miami,"We had a day pass at the hotel and came with a pretty big group, so there was a lot of baggage and moving parts to manage. Eli and Mario were great from the start. They helped us with our luggage, kept everything organized, and made the whole arrival feel smooth even with the size of our group. They stayed professional, friendly, and efficient the entire time. It made a big difference having that kind of support, especially with so many people and bags. Really appreciate Eli and Mario for making it easy. 10/10 Will be back again !",5,en,0.8124672174453735,positive,1,service,FRIENDS,2026-02-21
1050353816,6727321,The Vagabond Hotel Miami,Miami,"Cute clean rooms, great service, Beautiful pool area (with lively but chill music), fun neighborhood (but inconveniently located for hot spots). Pool bar was closed which was disappointing. If pool bar was open would five 5 stars. Hope it and restaurant bounce back because otherwise it’s a fabulous place!",4,en,0.8202762603759766,negative,0,hotel,FRIENDS,2026-02-21
1050368863,288592,"Brickell Arch, A Luxury Collection Hotel, Miami",Miami,Eli and Eduardo were really helpful and very kind!,5,en,0.9748284816741943,positive,-1,Unknown,BUSINESS,2026-02-21
1050377583,10673726,Hampton Inn & Suites Miami Wynwood Design District,Miami,"Great front desk service, really really friendly staff. Thank you!",5,en,0.9633037447929382,positive,1,service,FAMILY,2026-02-21
1050384264,6727321,The Vagabond Hotel Miami,Miami,"Really nice motel Clean rooms perfectly equipped with bathrobe , spacious shower , very comfortable bedding Very friendly welcome The place is magical with a relaxing pool: chill music and really nice retro decor A little piece of paradise in the middle of Miami We highly recommend this small hotel for a break of one night or more All the staff is really charming Free parking on site",5,en,0.6817842721939087,positive,0,hotel,FAMILY,2026-02-21
1050385846,288592,"Brickell Arch, A Luxury Collection Hotel, Miami",Miami,"Elijah Eduardo at AKA Brickell was amazing! Super professional, quick, and genuinely kind. He made the whole valet experience smooth and effortless. True 5-star service 👏",5,en,0.949813187122345,positive,1,service,FRIENDS,2026-02-21
1050396011,288592,"Brickell Arch, A Luxury Collection Hotel, Miami",Miami,"Concert eve service was great. Handles our bags and very professional Arturo, Ellie, and Eduardo are great",5,en,0.9695713520050049,positive,1,service,COUPLES,2026-02-21
1050405260,288592,"Brickell Arch, A Luxury Collection Hotel, Miami",Miami,"I would like to leave this review especially for the valet parking team at AKA Hotel in Brickell. I park my car here every day, and I can confidently say that the service is always excellent. Eduardo, Arturo, and Eli, and also Mario and Eduardo, are incredibly professional, attentive, and respectful. They always have a positive attitude, are quick, and consistent in their work. No matter the time of day, they maintain the same level of energy and kindness. They truly make my daily experience much more convenient and pleasant. I would also like to recognize the rest of the valet team in general. Everyone is organized, hardworking, and very friendly. You can clearly see the commitment and dedication they have to their job and to the people who come in every day.",5,en,0.914228081703186,positive,1,service,BUSINESS,2026-02-21
1050439208,288592,"Brickell Arch, A Luxury Collection Hotel, Miami",Miami,"Excellent service all around. Outstanding valet service from Cesar, Paul and Rodrigo. Food at Adrift Mare is exceptional.",5,en,0.9683825969696045,positive,-1,Unknown,FAMILY,2026-02-21
1050439647,288592,"Brickell Arch, A Luxury Collection Hotel, Miami",Miami,"Listen… when I say the morning valet team (Alexis Ellie Edward Mario Arturo Diego)needs a raise, I am dead serious. The AKA Hotel in Brickell is already nice, but the customer service hits you immediately when you get there no long awkward waits, just great service and good hospitality You can tell they take pride in what they do. It is welcoming without being fake, professional without being stiff. That first impression sets the whole tone, and they do not miss. Give that morning team their flowers for real.",5,en,0.850735068321228,positive,1,service,COUPLES,2026-02-21
1050440313,288592,"Brickell Arch, A Luxury Collection Hotel, Miami",Miami,"I forgot his name, but he was working valet and I even have a picture with him because he was that funny. 😄 He had such a charming energy while still handling everything professionally. He kept things moving, took care of my car, and somehow still had time to joke around and make the experience feel personal. It did not feel strict and overly formal, just genuine and welcoming. He definitely adds personality to the team. Great service and great greeter!",5,en,0.9444323778152466,positive,1,service,COUPLES,2026-02-21
1050500905,6727321,The Vagabond Hotel Miami,Miami,"The Vagabond Hotel was amazing! The room my friend and I shared was spacious and clean. The staff were incredibly welcoming and friendly. Although there is no restaurant on premise, we received an extensive list of restaurants within walking distance from the hotel. The Vagabond is situated in the MiMo section of Miami - which is the perfect place to retreat from the hustle and bustle of the downtown area. I highly recommend the Vagabond; it was fantastic.",5,en,0.40268200635910034,neutral,0,hotel,FRIENDS,2026-02-21
1050502705,217395,Mayfair House Hotel & Garden,Miami,"Fernando , Dakota , Simon and ariana made all the difference . Best service we’ve ever had .",5,en,0.9731082916259766,positive,-1,Unknown,FAMILY,2026-02-21
1050570430,10673726,Hampton Inn & Suites Miami Wynwood Design District,Miami,Went for a girls trip and this was an excellent hotel with attentive and friendly staff! Definitely recommend,5,en,0.9726510047912598,positive,-1,Unknown,FRIENDS,2026-02-22
1050578737,288592,"Brickell Arch, A Luxury Collection Hotel, Miami",Miami,"I was in town for work and there was a lot of construction going on nearby. The noise was definitely noticeable, especially after long days of meetings. Not the most relaxing background sound. That said, the valet team really made up for it. Elia and Mario were great. super professional without being stiff. They moved quickly, handled everything smoothly, and just made the whole process easy. Even with the construction happening, their service stood out and honestly made the experience better. Appreciate them for that.",5,en,0.8774264454841614,positive,1,service,BUSINESS,2026-02-22
1050580224,288592,"Brickell Arch, A Luxury Collection Hotel, Miami",Miami,"honestly just trying to get in and out without any stress. Arturo, Ella, and Eduardo made that super easy. They greeted me right away with a great attitude and just good energy overall. It was a simple interaction, but the way they carried themselves made it stand out. Really appreciate the team effort and positive",5,en,0.986883819103241,positive,1,service,COUPLES,2026-02-22
1050584684,288592,"Brickell Arch, A Luxury Collection Hotel, Miami",Miami,"Great valet, great hotel stay!",5,en,0.9829254150390625,positive,1,service,BUSINESS,2026-02-22
1050648776,288592,"Brickell Arch, A Luxury Collection Hotel, Miami",Miami,"I’ll be honest, my first impression of the area was not great. I was in town for a work trip, and between the loud construction next door and how expensive everything in Brickell is, I was already a little annoyed. Brickell just isn’t really my vibe. But I have to say, the valet experience completely shifted my mood. Elia and Mario were genuinely excellent. From the moment I pulled up, they brought great energy. They were welcoming, professional, and even gave a few kind compliments that honestly made my day better. It did not feel forced. It felt natural and sincere. After dealing with a long work day and the noise around the area, that positive interaction mattered more than they probably realize. They handled my car quickly, stayed attentive, and kept a calm presence even with everything going on. The location might not be my favorite, but the service from Elia and Mario definitely stood out in the best way.",5,en,0.921371579170227,positive,1,service,SOLO,2026-02-22
1050654796,10673726,Hampton Inn & Suites Miami Wynwood Design District,Miami,"The only positive about this hotel was the friendly staff at check-in. Unfortunately, everything else was a major disappointment. The air quality in our room was very poor, and both my wife and I experienced allergy attacks during our stay. The worst part, however, was the nonstop partying and screaming in the hallways on multiple floors until about 4:30 a.m. Despite repeated calls to the front desk, most of which went unanswered, nothing was done to address the situation. We got virtually no sleep. The rooms themselves are very basic and not on par with other Hampton Inns that I’ve stayed at in the past. Under no circumstances should this hotel be on your consideration list. I would not recommend staying here.",1,en,0.9229009747505188,negative,0,hotel,FAMILY,2026-02-22
1050708260,6727321,The Vagabond Hotel Miami,Miami,"The hotel is surrounded in a diverse location. Lots of restaurants and cafe's in walking distance. The 50's and 60's vibe is very unique. The rooms are updated, clean and spacious. I loved the oversized shower and large bathroom counter space. The pool was my favorite place to read my book and visit with family. We had pool towels in the room and bathrobes at the ready. The free coffee in the lobby was the best hotel coffee I have ever had by far. They pride themselves on the coffee. It has is minor drawbacks, like carrying luggage up the stairs, but then this just adds to the ambiance. Couldn't have been more please and would stay again.",4,en,0.9521552324295044,positive,0,hotel,FAMILY,2026-02-22
1050787276,217395,Mayfair House Hotel & Garden,Miami,"This beautiful hotel is perfectly located but service was uneven. From the hotel, it's an easy walk to scores of restaurants and shops, many directly across the street. As noted by others, valet is very quick and there are also several parking garages just a few steps away. While we noticed a number of weddings and celebrations during our stay, the hotel seemed to handle the traffic well and although one weekend evening had a band on the roof, we enjoyed it. The rooftop pool is small but lovely. The central garden is gorgeous and the second floor offers seating by the fountains. The rooms themselves are dark but we enjoyed the respite from the heat and from our 5th floor location, the balcony was sufficient when we wanted a bit more light. Breakfast and room service offerings are limited but adequate. In our five day stay, we found the service very uneven. We often made requests multiple times with different staff, particularly to get the room tidied and restocked and also in restaurants to get our full orders to the table. Everyone was very nice but seems a bit disorganized and for the price, we did expect a better experience. Common areas appeared spotless.",4,en,0.5323667526245117,negative,0,hotel,FAMILY,2026-02-23
1050811502,288592,"Brickell Arch, A Luxury Collection Hotel, Miami",Miami,"Excellent hotel, Eduardo and Arthur's attention in the valet parking was very good.",5,en,0.9899390935897827,positive,1,service,FAMILY,2026-02-23
1050811707,288592,"Brickell Arch, A Luxury Collection Hotel, Miami",Miami,"Stayed at AKA Brickell and I have to say, Eli and Eduardo from the bag /valet service were amazing. They were polite, quick, They really made the arrival feel smootoooth I’ll be honest, the hotel itself has a few things it could improve on, but the valet team definitely carries the experience. The service from Eli and Eduardo stood out Great energy, professional, and on point.",5,en,0.9672104716300964,positive,1,service,COUPLES,2026-02-23
1050863522,288592,"Brickell Arch, A Luxury Collection Hotel, Miami",Miami,"Good afternoon, I stayed at that hotel a month ago. The service was excellent, and the staff were knowledgeable about everything I might need, especially regarding the welcome, help with luggage, and recommending places to go. Above all, they were very friendly and welcoming. Thank you so much, Mario (valet parking team).",5,en,0.9391576051712036,positive,1,service,SOLO,2026-02-23
1050876473,6727321,The Vagabond Hotel Miami,Miami,The Vagabond's location was perfect and free parking was an added bonus. We loved the retro feel and hotel was very clean. Our room was spacious and very well appointed and it was very comfortable and the shower felt like a spa. We also enjoyed the pool area and swimming was delightful and just the right temperature with easy access from our room. It was very quiet and we would definitely stay here again. Staff was very accommodating. The restaurant was closed for renovations and the staff offered other great places to eat that were within walking distance.,5,en,0.6645257472991943,positive,0,hotel,FAMILY,2026-02-24
1050877035,6727321,The Vagabond Hotel Miami,Miami,"Truly a great gem of a hotel in Miami. Reasonable rate for the room which was spacious and clean. The day beds around the pool were perfect for relaxing. I could have stayed here all week! The hotel was also able to accommodate our early arrival (9am). While we did have to pay half of the rate for the day, it was worth it after getting up incredibly early to travel. Lots of great restaurants within walking distance and the staff were super friendly. Highly recommend and we will definitely return.",5,en,0.7692738771438599,positive,0,hotel,COUPLES,2026-02-24
1050945279,288592,"Brickell Arch, A Luxury Collection Hotel, Miami",Miami,Elijah was very helpful and going above and beyond his duties,5,en,0.9943498373031616,positive,6,david,FAMILY,2026-02-24
1050953015,217395,Mayfair House Hotel & Garden,Miami,"This hotel should be protected as an historic architectural gem. Loved the 80s design and detail. Service was great, rooms charming and clean. Ideal location. Pool nice. Loved the claw footed tub in the room. Everyday Yoga excellent and made the stay worth it! Coffee each morning much appreciated. It’s the small amenities that make a huge difference.",4,en,0.9155427813529968,positive,0,hotel,COUPLES,2026-02-24
1050954062,288592,"Brickell Arch, A Luxury Collection Hotel, Miami",Miami,"Thank you so much Elis and Mario, for your kindness and your help since we arrived at the hotel. We definitely will come back!!",5,en,0.8880952000617981,positive,1,service,COUPLES,2026-02-24
1050962690,288592,"Brickell Arch, A Luxury Collection Hotel, Miami",Miami,"I’d like to take a moment to sincerely thank Elijah and Mario for such a wonderful experience. They are consistently quick, efficient, and truly brighten the day with their positive energy. I’m so grateful for everything you both do — thank you from the bottom of my heart!",5,en,0.9907247424125671,positive,1,service,SOLO,2026-02-24
1050993735,288592,"Brickell Arch, A Luxury Collection Hotel, Miami",Miami,I would like to express my appreciation and gratitude to the exceptional service provided by the valet team. Both Mario and Elia were really helpful taking care of me and my friends. Thank you!,5,en,0.9414830803871155,positive,1,service,FRIENDS,2026-02-26
1051054728,24889567,Arlo Wynwood,Miami,I was here for a business trip. Aisha was phenomenal! Her hospitality and charisma made me feel comfortable during my stay. She also has a genuine smile when you enter the hotel.,5,en,0.9722293615341187,positive,-1,Unknown,BUSINESS,2026-02-26
1051087277,288592,"Brickell Arch, A Luxury Collection Hotel, Miami",Miami,Alexis the best vallet! Very attentive and friendly 100 points,5,en,0.9866999983787537,positive,2,jorge,FAMILY,2026-02-25
1051097603,288592,"Brickell Arch, A Luxury Collection Hotel, Miami",Miami,The hotel is surrounded by 3 construction sites! Unfortunately the construction noise persists over night! I went to front desk asking if change room possible as impossible to sleep among ridiculous construction noise throughout night. The front desk gave me conflicting information. The hotel has strange elevator system. It looks good from outside. Unfortunately I am still here. What a nightmare,1,en,0.8738753199577332,negative,0,hotel,BUSINESS,2026-02-26
1051103968,288592,"Brickell Arch, A Luxury Collection Hotel, Miami",Miami,"My family and I did a day pass at AKA before heading to our cruise, and the experience was great from start to finish. Elijah, Mario, Diego, and Alexis were exceptional. They were a huge help managing all of our bags. Even though they’re valet, they went above and beyond assisting us with luggage and making sure everything was organized and stress free. If you’re considering a day pass at AKA, I definitely recommend it. Great service like this really makes a difference.",5,en,0.735292375087738,positive,0,hotel,FAMILY,2026-02-26
1051140690,6727321,The Vagabond Hotel Miami,Miami,"Very nice place with a lot of character. Rooms are modern, clean, original and the pool is definitely a highlight of this historic place. Very friendly staff. Just regret that the restaurant was under renovation, but the bakery / café next door is very good. I highly recommend the Vagabond Hotel.",4,en,0.9407752156257629,positive,0,hotel,BUSINESS,2026-02-26
1051291320,288592,"Brickell Arch, A Luxury Collection Hotel, Miami",Miami,Oscar gave us an excellent attetion Thanks for everything Was an amazing experience,5,en,0.9638878703117371,positive,1,service,FAMILY,2026-02-27
1051292604,288592,"Brickell Arch, A Luxury Collection Hotel, Miami",Miami,"Mario, Alexis, Diego and their Valet crew are always accommodating to myself and family. Very friendly and warm welcoming 🙏🏾",5,en,0.9491105079650879,positive,1,service,SOLO,2026-02-27
1051337155,288592,"Brickell Arch, A Luxury Collection Hotel, Miami",Miami,"Amazing location. The space was very clean, and the service was excellent- Oscar ensured we had a great stay and was super welcoming and attentive! I will be booking again!",5,en,0.940117597579956,positive,0,hotel,SOLO,2026-02-28
1051432252,288592,"Brickell Arch, A Luxury Collection Hotel, Miami",Miami,"Excellent hotel , super good Corami attention",5,en,0.967086136341095,positive,-1,Unknown,BUSINESS,2026-03-02
1051432490,288592,"Brickell Arch, A Luxury Collection Hotel, Miami",Miami,Excellent service from Corami and Oscar very friendly! I had a great time at the hotel I would definitely come back,5,en,0.95624178647995,positive,1,service,FAMILY,2026-03-02
1051433259,288592,"Brickell Arch, A Luxury Collection Hotel, Miami",Miami,"Excellent service at Corami y Dulce! The staff was friendly, attentive, and made the whole experience truly enjoyable. Highly recommended!",5,en,0.9551290273666382,positive,-1,Unknown,FRIENDS,2026-02-28
1051459764,235516,AC Hotel Miami Wynwood,Miami,"The hotel was very nice and clean, with tasty breakfast and friendly staff. We’ve had an issue with a delayed check in due to room not being ready at 3pm and the TV not working in our room - however staff was very apologetic and offered free parking and breakfast. In my opinion, the hotel only gets 4 starts as it’s expensive and you get an additional „destination fee” added on arrival of $30, giving you a credit of $15 to use in the hotel and other benefits such as 3h bike rental. Benefits that you are unlikely to use. Also, parking charge is $35 per day, with $7.70 self parking tax fee.",4,en,0.7916932702064514,negative,0,hotel,COUPLES,2026-02-28
1051469123,217395,Mayfair House Hotel & Garden,Miami,"Beautiful looking hotel but when we checked in our room wasnt ready we were told we would be either messaged or called but no one contacted us at all.Room was lovely but the bed wasnt made properly the sheets were not tucked in at all. No Iron or board i had to ask for one and that did arrive the next morning. Valet parking did seem quick but it just felt like everyone was just after a huge tip !! Breakfast we waited 15 mins for a table once seated i asked could i just have 2 toast which was on the sides menu at a cost of $6 i was told it wasnt on the main menu so would be charged for it ,even though I didnt want the main costing $22 it just didnt make sense .Pool area was lovely but cocktails are very expensive .Overall nice hotel but I wouldnt go back .We did meet a lovely staff member called Michael but only once .Room cleaners came back on the 2nd day to clean but at 330pm we were resting before we went out for the evening .so told them no .I found it very frustrating staying at this hotel not relaxing at all !! We had previously tried to contact the hotel as this was a special trip for our 40th wedding anniversary they failed to contact us at all .Grwat shame !!",4,en,0.5189245343208313,negative,0,hotel,COUPLES,2026-03-01
1051480214,288592,"Brickell Arch, A Luxury Collection Hotel, Miami",Miami,"i truly enjoyed my stay. The service was excellent, and Corami ensured everything went perfectly. I would definitely return.",5,en,0.9601588845252991,positive,1,service,FAMILY,2026-03-01
1051703144,288592,"Brickell Arch, A Luxury Collection Hotel, Miami",Miami,"Beautiful hotel with an absolutely gorgeous view of the Biscayne Bay. My first impression was with the valet, Elijah, who welcomed me with a big, beautiful smile and was genuinely excited to meet me and assist with my bags!!! Then I ran into Paul, who I met 3 years ago when I visited the hotel. He remembered me and was able to point out several things that he remembered about my last stay and what car I used to drive. Then Oscar at the front desk was so friendly and accommodating. I wanted a large room on a high floor and Oscar walked me through the hotel, showed me a few rooms, and made sure I was happy with the size and the view of my room before leaving me (I had a lot of bags, and I love a great view)! Yes, my room was large. Yes, I had a great view! I also had a sofa, fridge, and they were able to bring in a microwave. And, every time I passed through the valet area I was personally greeted, and the door was held for me. The Adrift Mare restaurant, the rooftop pool and the outdoor sky lawn are all truly AMAZING!!! Elijah, Paul and Oscar and the entire staff provided awesome customer service and made my stay most enjoyable! I highly recommend this hotel and will stay there again on my next visit to Miami.",5,en,0.7249607443809509,positive,-1,Unknown,BUSINESS,2026-03-02
1051709272,217395,Mayfair House Hotel & Garden,Miami,"We stayed at this hotel for three weeks in February. It was our second longer term stay at the hotel, and we enjoyed it once again. The hotel rooms surround a beautiful courtyard filled with palm trees, plants and fountains. This space establishes the vibe for the hotel. The hotel is older with a lot of character and the rooms are comfortable. The construction of the building doesn't allow for a lot of natural light in the rooms, but we enjoyed the spacious balcony. The hotel is located steps away from the restaurants and commercial area of Coconut Grove. We also found it very easy to explore other Miami environs from this location including Little Havana, Wynwood, Coral Gables, Key Biscayne, South Beach and the Everglades. The breakfast included with the stay was very good and the staff attentive. Specifically, we'd like to recognize Emily, Lorenzo, Kaylan, and Marlene for their great service. We also got to know the valet staff well! Miguel, William, Carlos, Fabrizio, and Lazaro were all very professional and helpful. They were always very prompt in getting our car to us when we needed it and offered helpful advice. The only area of the hotel that needs some improvement is housekeeping. The staff was very friendly but sometimes we needed to make multiple requests to receive what we asked for.",5,en,0.5356405973434448,positive,0,hotel,FAMILY,2026-03-02
1051802759,6727321,The Vagabond Hotel Miami,Miami,Staff are extremely helpful and friendly. Offering a detailed explanation of all the best local spots for food and to explore. Rooms were spacious and the pool area was incredible but surprisingly quiet when we were there making for a very tranquil experience. Great value for money.,5,en,0.9357996582984924,positive,1,service,COUPLES,2026-03-03
1051816949,24889567,Arlo Wynwood,Miami,Had the pleasure of staying at Arlo Wynwood for one evening Friday February 20th prior to boarding our NCL cruise ship. All staff at check in were friendly upon arrival. The King size bed room was very clean and bed was comfortable. The rooftop pool is AMAZING. Food and drinks on the pool deck were delicious as well . Shout out to the female bartender there. she was very pleasant.:) a huge shout out to Shatoya in Security! I left my favorite hoodie in the lobby during check in. She helped me to co-ordinate a shipper to get it sent back to me in Canada :) We definitely will be staying in this hotel next February before we board next years cruise. I highly RECOMMEND Arlo Wynwood!!!!!,5,en,0.8486917614936829,positive,-1,Unknown,COUPLES,2026-03-03
1051854049,24889567,Arlo Wynwood,Miami,"I had an amazing experience loved the hotel I want to give a special shout out to Nicholas at the valet, stand for all the extra help and hospitality, he is a very respectful and professional young man! 10/10 service",5,en,0.9724538922309875,positive,-1,Unknown,FAMILY,2026-03-04
1051860709,288592,"Brickell Arch, A Luxury Collection Hotel, Miami",Miami,"From the moment I arrived, the experience was seamless. Corami made the check-in process smooth, efficient, and genuinely welcoming. After a long trip, that kind of energy makes all the difference. She was professional, attentive, and took the time to explain everything clearly without making it feel rushed. What truly stood out was how authentic the service felt. Oscar’s approach was natural and personable — not scripted, not forced. He was attentive without being intrusive and made the whole stay feel relaxed and comfortable. It’s rare to find that balance. Overall, the team created a first impression that set the tone for a great stay in Miami. I would definitely return.",5,en,0.9123421907424927,positive,0,hotel,FRIENDS,2026-03-06
1051903741,10673726,Hampton Inn & Suites Miami Wynwood Design District,Miami,"Great location, clean, quiet, wonderfully kind and helpful staff...thanks Eric (front desk)",5,en,0.9836408495903015,positive,0,hotel,COUPLES,2026-03-04
1051947007,24889567,Arlo Wynwood,Miami,"We had the most amazing experience at Arlo Wynwood! I stayed here with my mom to celebrate her birthday, and everything exceeded our expectations. The hotel itself is beautiful. very modern, stylish, and clean. However what truly made our stay special, was the incredible staff. A huge shoutout to Savery and Iaisha at check-in who were so kind, warm, and genuinely helpful. They made my mom feel celebrated and made the entire arrival process smooth and enjoyable. We felt taken care of the entire time, and it made my mom’s birthday trip that much more memorable. I would absolutely stay here again and highly recommend it to anyone looking for a chic, clean, and welcoming place to stay in Miami. 💛",5,en,0.7863131761550903,positive,-1,Unknown,FAMILY,2026-03-05
1051948289,12451425,Universal Aventura Hotel,Orlando,"Stayed 2 nights in a standard room on 8th floor overlooking the main entrance. While the hotel has some positives, particularly the housekeeping, the high level of road noise 24/7 was an issue. The main road is basically an extended I-4 on/off ramp, and the traffic lights in front of the hotel effectively a starting grid. Every green light was like a speedway. Even ear plugs had no chance. Poor location and a large window design which didn’t appear to help. Would not return.",2,en,0.5114866495132446,negative,0,hotel,COUPLES,2026-03-05
1051952775,288592,"Brickell Arch, A Luxury Collection Hotel, Miami",Miami,"When the sticker price for a basic queen room is $600 plus, why do you need to sneak “destination fees” onto to my bill? AKA does not tell you about the destination fees until you check out ($100 per day). Want to check in early? $100 fee (this was $75 fee last time we stayed here). The hotel was transitioning to Marriot brand on my last day so the breakfast service was extremely limited due to “system issue”. Only toast and fruit at the “Michelin chef” restaurant. Booked a massage for 9am. Got there at 8:50am and waited until 9:15am until I gave up. Eventually got a call at 9:30am w the spa manager acting as though she had been at the spa desk the whole time only to eventually admit she was caught in traffic. I did end up getting my “80 minute massage” but it was only 65 minutes of actual massage time. My shower was out of conditioner and body wash. I called down for a replacement and it never came. I travel to Miami often for work and will do my best to avoid AKA brickell or whatever it will be rebranded too under marriot ownership.",2,en,0.6709291338920593,negative,0,hotel,BUSINESS,2026-03-05
1052004406,6727321,The Vagabond Hotel Miami,Miami,My wife and I are in our sixties. We arrived early afternoon and were offered a room on the second floor. When we asked for another room on the lower level we were told the hotel was booked up. The air conditioner could not cool the room. We requested service three times. The hotel employee would come to the room and play with the remote until the air came out cool. After they left the AC would stop working. It was an uncomfortable night.,2,en,0.5071495175361633,negative,0,hotel,FAMILY,2026-03-05
1052025337,6727321,The Vagabond Hotel Miami,Miami,"The Vagabond was awesome. Vibes were immaculate, the pool was incredible. Room was nicely decorated and had everything I needed. The staff was most exceptional. They really made me feel like a valued guest, took care of all my needs, and it was clear they enjoyed getting to know their guests. There are also several amazing restaurants within a block of the hotel. Would definitely recommend!",5,en,0.9649765491485596,positive,0,hotel,SOLO,2026-03-05
1052177411,217395,Mayfair House Hotel & Garden,Miami,"This COULD be a great hotel. The staff is truly nice, the rooms are relatively clean and the hotel property is stunning. But issues which are unfortunate make it impossible to give this hotel a better review. They include a serious issue with hot water. Every member of our party had the same in their room every day we stayed and ended up taking cold showers. Clearly a pervasive issue and so unacceptable. The rooms are also too dark with inadequate overall lighting. The bathroom also needed an illuminating mirror. Finally, the elevators are too complex and you end up waiting constantly and need an engineering degree to use them. Could be a much better hotel. But someone needs to dial into the details!",3,en,0.9739497900009155,negative,0,hotel,FAMILY,2026-03-07
1052326863,6727321,The Vagabond Hotel Miami,Miami,"The retro, mid-century vibe, both in the rooms and throughout the property, gave it so much personality, and my room was very comfortable and clean. Each morning, I’d head to the lobby for a cup of coffee, chat with people there, and then make my way to the charming pool area. In the evenings, my friend and I would relax on the loungers before calling it a night. The hotel team also had great recommendations, and transit was easy for getting to much of what I wanted to see in Miami. I’m already looking forward to coming back, especially once the restaurant is open, though there was still plenty within walking distance.",5,en,0.8025776147842407,positive,-1,Unknown,FRIENDS,2026-03-08
1052331835,12451425,Universal Aventura Hotel,Orlando,"After reading recent bad reviews we had to do our own to say we completely disagree as we loved this hotel! 10 night stay with adult kids (22 and 19) and we all had a great time. Yes the road is a little noisy in the mornings but it certainly didn’t keep us awake during the night. The room and bathroom was spotless and cleaned every other day where they left fresh towels, emptied bins and brushed/ mopped the floors. Always smelt fresh after they had been in. We had adjoining skyline 2 queen bed rooms which can sleep 4 and even though had 2 people in each room we were left four towels, hand towels and face cloths so there was always a spare. Really don’t understand peoples problem with housekeeping every other day - you are out at the parks 8 to 10 hours a day so it’s not hard to keep your room tidy! All the staff were lovely and friendly. The food in the urban pantry was excellent. Highly recommend the wok bowls, the burgers and pizza station. Lots of choice for breakfast - cooked items and hot sandwiches, croissants, doughnuts, cereal pots, fruit and fruit pots, and a Starbucks with all their usual breakfast options. Location for the parks was fantastic. It’s not advertised by staff but you can walk just next door to sapphire falls and use the water taxi to get to Universal and Islands of Adventure with security on the dock so you avoid the big queues at the main entrance security. We used the shuttle bus to get to epic - very frequent reliable service- never had to wait more than 5 to 10 mins. Also a walking path to volcano bay from the back of the pool area. Didn’t use the pool as were too busy in the parks but area looked nice and clean and good shaded seating area by the pool bar. This hotel is not aimed at families with very young children but that’s exactly why we chose it as it was more chilled and quiet and no kids running around corridors or banging doors that you get in the bigger more themed hotels. We loved it and would definitely stay there again.",5,en,0.4619264602661133,positive,0,hotel,FAMILY,2026-03-08
1052452422,12451425,Universal Aventura Hotel,Orlando,"We had a great experience staying at the Universal Aventura Hotel. We walked to both Universal Studios and Islands of Adventures (we chose to walk rather than waiting for the water taxi). It was convenient being able to leave whenever we want and walk to the parks. The day we went to Epic it was easy to take the shuttle from the hotel. And Volcano Bay was so close! We enjoyed staying at the hotel itself - we liked the minimal vibe. The room worked well for our family of 3 (king bed and pull out couch). We only bought breakfast in the hotel and drinks at the bar so can't comment on the restaurant. Pool and rooftop bar were nice, as was the staff. Our daughter loved seeing the robot in the hotel. We would definitely stay here again.",5,en,0.6628702878952026,positive,0,hotel,FAMILY,2026-03-09
1052469711,6727321,The Vagabond Hotel Miami,Miami,"We had a fun, spacious room very clean too) for a great price. And parking was included too! Though it’s not in the center of sightseeing spots, there are a lot of good restaurants nearby (We We’s Bistro and the outstanding Nido Caffe for Italian) and a beautiful pool area.",5,en,0.8759766817092896,positive,0,hotel,COUPLES,2026-03-09
1052477485,12451425,Universal Aventura Hotel,Orlando,"We loved our stay at this hotel. It was so convenient for the parks. Rooms were clean,spacious and well equipped, beds were comfortable. Rooms were cleaned and serviced every other day. The hotel has a canteen/ grab and go type restaurant where you could order food to eat in or there were lots of take out sandwiches,fruit & snacks to go, it was nice to have the choice. There is also a pizza oven where you can get pizzas made fresh to eat in or take away. There is also a Starbucks. As this is a universal hotel you can also eat next door at sapphire falls, which was more of a formal dining experience. The swimming pool area was nice, but we didn’t use as weather wasn’t really warm enough. We used to walk to sapphire falls to get the water taxi into the park, but you can also walk there in about 15 mins along the side of the canal which the water taxis use. We also enjoyed sitting up in the rooftop bar 17 where you can enjoy food and drinks. Sometimes you can be lucky to catch the firework displays in the distance from Disney and Epcot. We thoroughly enjoyed our stay and would definitely stay again.",5,en,0.6455581784248352,positive,0,hotel,FAMILY,2026-03-09
1052935462,15809999,Mr. C Miami Coconut Grove,Miami,Great staff! But don’t stay there unless you want to hear Club music from next store pumping till 3am. Rooms are not at all sound proof. Restaurant up top was great! As was pool. But for this price point we wanted some sleep!,3,en,0.5550099611282349,negative,-1,Unknown,FAMILY,2026-03-14
1052982337,24889567,Arlo Wynwood,Miami,Vancances at the arlo hotel with my husband we had was captivated by the decoration of a very great elegance and even has very modern time. The bar the restaurant are as much a treat of the eyes and taste buds the staff of great kindness smiling at the listen and even if we do not speak English they all do to help us. The pool heat on you with the bar. The music on top 😊 thank you on c is feasted. Geraldine and Stephan,5,en,0.9366006851196289,positive,-1,Unknown,COUPLES,2026-03-14
1053151546,24889567,Arlo Wynwood,Miami,"I recently stayed at Arlo Hotel Wynwood with my husband and kids and the experience was extremely disappointing. There were very loud events happening at the hotel and the noise level was completely out of control. People were screaming and the music was so loud that it was impossible to relax in our room. When you stay at a hotel with your family you expect at least a basic level of comfort and quiet, but that was not the case here. For the price they charge, the experience simply does not match the cost. The service was also disappointing and the staff did not seem concerned about the situation or the impact on guests who were trying to rest. Overall it felt like a waste of both time and money. If you are looking for a peaceful stay, especially with family, I would not recommend this hotel. Unfortunately this was one of the worst hotel experiences we’ve had.",1,en,0.9127263426780701,negative,0,hotel,FAMILY,2026-03-16
1053318279,288592,"Brickell Arch, A Luxury Collection Hotel, Miami",Miami,"I can not believe how badly the property is managed now. I have a 2 week stay at the hotel for business and basically every other day there is some annoying issue: -TV remote is broken -No room service QR code or menu: I asked the front desk about it, they said they will bring a QR plaque for the menu, but nothing happened. I already asked 3 times at the front desk they always say they will put it into the room but after the 3rd time i just gave up -After using the Laundry service, they did not provide me with additional Laundry Bags or form. I asked at the front desk on my way to work if they could put some into the room... nothing there in the evening. Then i called the Front desk again, and they said they will immediately bring some. The bags did arrive but no forms for the laundry. -The glass shower door is falling apart and can not properly close. This is quite dangerous as it can shatter. I've told the front desk on multiple occasions that it's broken, on the 3rd day now. Maybe today is different. -Room cleaning staff left a bottle of their cleaner in the bathroom and took a bottle of my aftershave for some reason? -Once I called the room service number and they would just not pick up for several minutes until it reached some automated answering machine.",1,en,0.8505927920341492,negative,0,hotel,BUSINESS,2026-03-17
1053328697,217395,Mayfair House Hotel & Garden,Miami,"Worked with the staff to make a surprise for my brother and his fiancee and they went above and beyond! So grateful to them for their true hospitality and help. Quick response, kindness, and efficiency. Shout out to Alejandro Ponce for stellar work",5,en,0.9952714443206787,positive,2,jorge,COUPLES,2026-03-17
1053425107,24889567,Arlo Wynwood,Miami,Great hotel with great staff. Love the vibe of the neighborhood!!! Will be back,5,en,0.9468302130699158,positive,-1,Unknown,FAMILY,2026-03-18
1053433279,10673726,Hampton Inn & Suites Miami Wynwood Design District,Miami,Front desk staff was awesome ! I arrived very early and Eric was able to accommodate me and provide a fantastic room . Super friendly and very helpful !,5,en,0.9451011419296265,positive,1,service,BUSINESS,2026-03-18
1053752426,6727321,The Vagabond Hotel Miami,Miami,"Really delightful small hotel, completely renovated. Clean, well-decorated; great pool and pool area with its little bar. Very friendly and helpful staff, from management to front desk to housekeeping. Some good restaurants within one block, easy walk. We stay before cruising, and only a very easy and short drive to the port. Note: be careful and book directly; the first sites that come up on search are not the Vagabond's site.",5,en,0.928457498550415,positive,0,hotel,FRIENDS,2026-03-21
1053882864,217395,Mayfair House Hotel & Garden,Miami,"Room was amazing and everything about a 2-3night stay was amazing. However, the wedding guests were terribly loud and rowdy until after 4am. Im surprised that type of disruption was allowed on property so late. The previous night was okay, no issues. Close to some major spots and hotel amenities are great. Stayed in a suite!",5,en,0.9216009974479675,positive,0,hotel,COUPLES,2026-03-22
1053908575,12451425,Universal Aventura Hotel,Orlando,"Although the location is interesting for its proximity to the various theme parks and the room is clean and spacious, the service was not up to standard. The staff went every two days to the rooms and soap was missing. I had to help myself. I still put two stars, because not only were the prices for food exorbitant, but when we pay at the counter for check-in especially the payment machine offers to pay either in US or CAN. I had selected in CAN of course, because in February 2026 1$ US was worth 1.37$ CAN. When I received my invoice the following week when I arrived, I realized that the company had finally loaded me in US. I contacted the company by email, they replied that it was impossible to pay in CAN on their properties. I replied that their machine offered a choice. They further replied that their properties did not accept CAN payments. Beware of hotels that promise to attract a clientele by offering them the advantage of paying in CAN currency in particular, but ultimately reject it altogether. Until then, don't offer this method of payment. It's just a tourist catcher.",2,en,0.8097376227378845,negative,0,hotel,SOLO,2026-03-23
1054138059,24889567,Arlo Wynwood,Miami,I had an amazing time staying at the Arlo Wynwood. The staff were amazing with a special shout out to Julian for his excellent hospitality. The rooftop pool was very nice and the food and drinks were excellent,5,en,0.8545710444450378,positive,-1,Unknown,SOLO,2026-03-25
1054143864,15809999,Mr. C Miami Coconut Grove,Miami,Able and Joseph could not have been more attentive or friendly. They made sure we had everything we needed. Perfect days by the pool.,5,en,0.9608486890792847,positive,-1,Unknown,FAMILY,2026-03-25
1054218775,10673726,Hampton Inn & Suites Miami Wynwood Design District,Miami,Checked in and Torri at the front desk was great. She went out of her way to find me a phone charger and personally delivered it to my room. Thank you again Torri for your first class hospitality.,5,en,0.9156631231307983,positive,1,service,BUSINESS,2026-03-25
1054306626,15809999,Mr. C Miami Coconut Grove,Miami,Lovely hotel but not worth the price ..good location but very very overpriced for a room on the first floor….,5,en,0.9302501678466797,negative,0,hotel,SOLO,2026-03-26
1054317070,217395,Mayfair House Hotel & Garden,Miami,"I love the staff at this hotel! We had a little hiccup with our room when we arrived and Ozzy was above and beyond with kindness and help for us. What a wonderful individual! During our stay, David helped me more than once and he was just an incredible human being. Love the atrium and the style of our room! Great location to shops, restaurants, even the movie theater! We felt very safe here and were actually attending my favorite cousin’s wedding reception and activities for the weekend. We had so much fun on the rooftop relaxing after the hectic plans all weekend! Thank you again for a perfect stay.",5,en,0.7651274800300598,positive,-1,Unknown,FAMILY,2026-03-26
1054317594,6727321,The Vagabond Hotel Miami,Miami,"This IS a funky little hotel...more like the motor inns of yesteryear. They have done a great job of creating a 60's vibe. The rooms are basic and clean with groovy wall art. Bathrooms are terrific, as is the shower. We also stayed pre cruise but with construction around it took a little longer getting to the port. Lots of restaurants around. The pool is great as is the outdoor sitting area. Bar was getting renovated so not open at the time...but my guess is that it would fit the atmosphere. Staff was very good too!",4,en,0.9678647518157959,positive,0,hotel,COUPLES,2026-03-26
1054318606,6727321,The Vagabond Hotel Miami,Miami,"We stayed at the Vagabond for 5 nights from Friday to Wednesday. The hotel is in the middle of the Miami Modern (Mimo) district in super close distance to amazing restaurants with many breakfast options (like Caracas Bakery) and Dinner options as well, and close enough to North Beach (12 minutes). The hotel has been fully renovated and it is extremely clean (spotless rooms and hotel in general). The rooms are spacious and we love the decor and furniture. A true boutique hotel. The pool is amazing and great to spend a full day since the water in the pool is warmth at all times! It has enough pool beds, chais, and tables for a great set up. There is no pool bar or restaurant, but you can bring your own beverages and snacks to the pool. The staff, from maintenance to room keepers to the reception desk, was exceptional and very helpful at all times with all request. They pay attention to all details and drive for best customer service with all our questions and requests. You also get 2 bottles of water everyday and also free parking in front of the property or around the property. We just LOVED IT and can’t wait to come back to the Vagabond Hotel soon!!!",5,en,0.6435702443122864,positive,0,hotel,FAMILY,2026-03-26
1054439323,12451425,Universal Aventura Hotel,Orlando,We stayed here for 5 nights in a room with 2 x double beds. The room is clean and has everything you need for a good stay. The room is serviced every other day with new towels etc. I do wish they also included shower gel as opposed to a bar of soap but that is just personal preference. All the staff are helpful and we enjoyed the Starbucks downstairs for breakfast. The staff there are also very friendly. The buses to the parks are frequent or you can go through Sapphire Falls Hotel to the ferry. We would recommend this hotel and would stay again.,5,en,0.7891138792037964,positive,-1,Unknown,FAMILY,2026-03-27
1054530933,15089284,Hyde Midtown Miami,Miami,I stayed at the beautiful Hyde Hotel in Midtown. There was an issue with my towels. I left makeup on them. The hotel thought it was something else. I spoke with George and he provided me with a credit after speaking with him. He understood it was make up. The hotel is amazing with beautiful views and location is in walking distance to all restaurants and shopping. I would definitely stay at this hotel again. I will bring my own makeup towel next time.,5,en,0.7003899216651917,positive,0,hotel,FAMILY,2026-03-28
1054617437,24889567,Arlo Wynwood,Miami,"Where do I begin — our stay at the Arlo Wynwood was a 10/10. The majority of that rating is due to the amazing front desk team. Specifically Oscar, Fabiola and Savory. Check in was a breeze and they went above and beyond to help us in any capacity. We will only stay at the Arlo when we are in Miami, I recommend you do the same!",5,en,0.9948754906654358,positive,0,hotel,COUPLES,2026-03-29
1054768043,15089284,Hyde Midtown Miami,Miami,"Clean room, great location Talk to George. He'll be happy to help you.",5,en,0.940146267414093,positive,0,hotel,COUPLES,2026-03-30
1054813768,12451425,Universal Aventura Hotel,Orlando,"I rarely write reviews, but my experience at the Aventura Resort Orlando was unacceptable and needs to be shared. During my stay, my Louis Vuitton belt was taken from my room. What followed was even more concerning than the incident itself. I was passed between nearly 20 different staff members across security, front desk, and lost & found — with no ownership, no clear communication, and no resolution. At multiple points, I was told “we’ll make this right,” only to later be told that because there is “no proof,” nothing can be done. That response is not only dismissive, but it completely ignores the responsibility a property has to its guests. The issue here is bigger than a missing item — it’s the complete lack of professionalism, accountability, and basic customer care. When a guest raises a serious concern involving potential theft, the expectation is a coordinated, thoughtful response. Instead, I experienced deflection, inconsistency, and zero follow-through. For a hospitality business in a major market like Orlando, this is unacceptable. I would strongly caution others to think twice before staying here — not because issues can’t happen anywhere, but because how they are handled here falls far below any reasonable standard.",1,en,0.7304421663284302,negative,0,hotel,BUSINESS,2026-03-31
1054885961,24889567,Arlo Wynwood,Miami,"Excellent service! I attended a party on the 3rd floor and had an emergency in the restrooms; Mariela, the overnight cleaning staff member, helped me every step of the way. She is a very generous young woman.",5,en,0.9646451473236084,positive,0,hotel,FRIENDS,2026-03-31
1054892999,6727321,The Vagabond Hotel Miami,Miami,"We have stayed many times at the Vagabond Motel over the years visiting our daughter and grandson in Miami. Many of our family have also had excellent stays at different times at the Vagabond. The pool is clean and lovely with comfortable lounge chairs around and beach towels provided. The rooms are quiet and airy, and the decor is beautiful. The staff are always very friendly and helpful; highly recommended. Excellent restaurants and a great bakery are just a few steps away.",5,en,0.9410747289657593,positive,0,hotel,FAMILY,2026-03-31
1054898512,217395,Mayfair House Hotel & Garden,Miami,"This is a beautiful hotel in a great area. For what we paid, their failure to better communicate + other things, was inexcusable. A lot of little things that added up. The joke, as I will explain, was that during our stay they texted and asked how things were going. I replied not so good and they asked why. I said happy to chat when back to hotel and then let them know I was back but no followup. I even showed the front desk person the texts. He could have cared less. When we checked in we were told because of how we booked, we got comp bf and also 2 drinks plus a $100 hotel credit. We had arrived late after a long day of travel. We were hungry and while we dont usually munch from the mini-bar, we were ready for a snack. Unfortunately, of the 10 or so food items there were supposed to be there, there was only 1. So no snack. We then went up to the roof top bar and sat down at 850. We looked at the food menu and first tried to order a couple beers with our drink coupons. They were out of about half the beers. People were eating around us. At 910, we told the bartender we wanted to order some food. He aid sorry, kitchen closed at 900. WHY COULDNT HE HAVE TOLD US THAT WHEN WE SAT DOWN! He said their main restaurant was open to 945. We decided to get room service. I tried to call couple times from the bar and just got vm. Frustrating. We were forced to go down to the restaurant and order directly from them. Had similar issue calling valet. Just rang and rang and rang. Finally front desk answered.Also, forgot to mention that in the room the toilet seat was loose. Annoying, especially when using it during the night. The room has a double sink (nice) but no dedicated soap dispenser. We had to move the soap dispenser from the shower to the sink and back. They had hand lotion but had to be 100 yers old. Came out in solid chunks. Disgusting. We crashed around mid-night. Poor sleep for 2 reasons. The hotel has an open atrium and we heard noises (loud) well after midnight- yelling, laughing. I was too tired to get out of bed and call but cant believe the hotel didn’t hear. Plus, the hallways are tiled, meaning you hear anything that is being wheeled over it. WE woke up around 900. I noticed on a flyer that they were serving brunch till 200 so figured we could shower and then head down for bf. We got to the restaurant about 1015 and were told sorry, bf ends at 1000. Nothing they could or would do other than get us 2 coffees (no machines in the rooms). Again, at check-in we should have been told this. We needed ice and called and they said would be right up. To me that means 5 minutes, maybe 10 if you tell someone “right up.” 15 minutes nothing. We were tired of waiting and called back and said to just leave it in the room since we were on our way out. Don’t promise something if cant deliver. Finally, as noted above, if you actually cared about how our stay was going, they would have responded to the text they sent me or the guy at reception would actually care we weren’t happy. Im happy to share with hotel the name of the person who texted us asking how the stay was going",3,en,0.4954974949359894,negative,0,hotel,COUPLES,2026-03-31
1054941197,10673726,Hampton Inn & Suites Miami Wynwood Design District,Miami,"I had an outstanding experience, thanks to both Brandon and Tori! Brandon did an excellent job recommending the hotel-his suggestion was absolutely perfect and exceeded my expectations in every way. You can tell he truly cares about making sure guests have the best possible experience. Tori was equally amazing during the check-in process. She was warm, welcoming, and incredibly helpful, making everything smooth and stress-free. Her professionalism and friendly attitude made a great first impression and set the tone for a wonderful stay. Together, Brandon and Tori provided top-notch service that truly stood out. I'm very grateful for their help and would highly recommend this team to anyone!",5,en,0.5532317757606506,positive,1,service,BUSINESS,2026-04-01
1055004150,235516,AC Hotel Miami Wynwood,Miami,"After a long day of travel, we couldn’t have asked for a warmer welcome than the one we received at the AC Hotel Wynwood. From the moment we walked in, Sameerah, the front desk manager, set the tone for our entire stay with her energy, warmth, and genuine hospitality. Sameerah greeted us with a full walkthrough of the hotel’s amenities and surprised us with a thoughtful welcome that included chocolate, bottled water, and a glass of rosé. She then went above and beyond to take care of everything we needed: helping us plan breakfast for the next morning and arranging a shuttle to the port the following day. She handled it all cheerfully and made sure our family left the front desk feeling completely taken care of. That kind of attentive, personal service is rare, and it gave us an incredible first impression of the property. Our fifth floor room was everything we hoped for after a tiring travel day: spacious, quiet, clean, and thoughtfully laid out. As a family of three, we had plenty of room to spread out and get comfortable. The efficient layout made the space feel even larger than it was. If you’re considering a stay at the AC Hotel Wynwood, do yourself a favor and book it. Between the beautiful accommodations and staff like Sameerah who truly go the extra mile, this hotel delivers an experience that is hard to top. We will absolutely be back!",5,en,0.5344454646110535,positive,-1,Unknown,FAMILY,2026-04-01
1055012224,217395,Mayfair House Hotel & Garden,Miami,"I regret not coming sooner! We are so impressed with the friendly staff, beautiful decor, delicious food and drinks, and relaxing but fun atmosphere. The rooftop pool and bar/restaurant is such a lovely experience. It’s also a wonderful location in Coconut Grove. Close to everything! We will absolutely return the Mayfair in the future!",5,en,0.9351297616958618,positive,0,hotel,FAMILY,2026-04-01
1055090134,15089284,Hyde Midtown Miami,Miami,"This was an excellent hotel in a great location. Front desk staff George & Billy were so helpful and great to recommend places to eat, etc. Beautiful room and great amenities. Very close to the cruise port and that was great for the morning we checked out. We will definitely book this hotel again if we are in Miami.",5,en,0.816625714302063,positive,0,hotel,FRIENDS,2026-04-02
1055128633,15089284,Hyde Midtown Miami,Miami,"Location, neighbor and vale service 5/5 Crew 4/5 Housekeeping 1/5 (sometimes they skip room cleaning and when they do it's not completely done)",3,en,0.7506236433982849,positive,0,hotel,FAMILY,2026-04-02
1055201343,10673726,Hampton Inn & Suites Miami Wynwood Design District,Miami,My recent stay at this hotel was my fourth stay. As usual the front desk staff were very helpful and the room was comfortable and clean. A big special thanks to Enrique who changed the battery in my suitcase weighing scales for me.,5,en,0.6502010822296143,positive,-1,Unknown,COUPLES,2026-04-03
1055203012,217395,Mayfair House Hotel & Garden,Miami,"Had a great time, service was top notch. Thank you valet Alejandro for being so attentive.",5,en,0.9626007080078125,positive,1,service,FAMILY,2026-04-03
1055210835,217395,Mayfair House Hotel & Garden,Miami,"Delighted of all the service, I went to visit from Spain, in the valet parking of the night I was attended by a boy named Alejandro Rivas, delighted with the attention that I provide to me and my sister, very friendly the boy, the service 5 stars.",5,en,0.9786046743392944,positive,1,service,FAMILY,2026-04-03
1055251832,288592,"Brickell Arch, A Luxury Collection Hotel, Miami",Miami,"Last week, we had breakfast at Mare restaurant amidst a tense and difficult situation due to Micros system in the restaurant was not functioning, checks could not be printed or closed, but the breakfast Manager (Leandro) every moment reflected high professionalism and refined attention. He created such a positive reliable environment, he even used his Phone to take screenshots of the checks and showed them to those of us who were there, our kudos and deepest gratitude to him.",5,en,0.9911907315254211,positive,1,service,FRIENDS,2026-04-03
1055313432,12451425,Universal Aventura Hotel,Orlando,"We moved across to this hotel after staying at the Royal pacific and were pleasantly surprised how good this hotel was! We had a double queen deluxe room - which had a panoramic window and a fab view! We were the Cabana bay side and was lucky enough to see the Magic Kingdom fireworks! Rooms were a good size - we liked the shower cubicle better than the bath with over shower and curtain in the Royal pacific! There is a small fridge. The rooftop was great for an early evening drink and watching the sunset or just stay in your room and watch it set! Food was ok - we had noodles, pizza and again stayed in our room or you can eat in the dining area! It seemed very quiet! Slight cons - paper cups rather than glasses and not a great deal of storage (we only stayed a night so wasn’t an issue) the pool was ok - nothing special - the water was freezing! But there was a hot tub to warm up! We stayed here for the close proximity to Volcano Bay! All in all I would recommend this hotel for a short stay while visiting universal!",5,en,0.7841305732727051,positive,0,hotel,FAMILY,2026-04-04
1055444635,10673726,Hampton Inn & Suites Miami Wynwood Design District,Miami,"We had a horrible experience at a different hotel and ended up here at 9pm looking for vacancy. Brandon was so nice and on top of everything. The hotel smelled clean upon walk in and the room itself was clean and comfortable. We were so glad with the decision to leave our booked hotel and find this place. Brandon was friendly, professional and so helpful to not only me but the people who came in after us while I was there. I would highly recommend this hotel.",5,en,0.9266952872276306,positive,0,hotel,COUPLES,2026-04-05
1055499719,2253238,Hampton Inn & Suites By Hilton Miami Brickell Downtown,Miami,"Exceeded my expectations! Location is amazing! Walking distance from best places in Downtown Miami! Breakfast was superior in quality : real cheese and charcuterie among the selections! Room was big with a jacuzzi! Everything went so well in my 2 nights stay! The cherry on the cake is Ernest, the manager! He is caring, attentive and courteous! I have one tiny complaint! I am a cheese lover who hate vegetables! Please, dont put cheese and broccoli in the same tray!( breakfast)!",5,en,0.7104164958000183,positive,-1,Unknown,COUPLES,2026-04-05
1055585993,2253238,Hampton Inn & Suites By Hilton Miami Brickell Downtown,Miami,I’ve stayed at this location many times for business. They are always so warm and welcoming. I had an issue at check in recently and Rassoul went above and beyond to help me. His customer service is impeccable and I am forever a Hilton traveler because of people like Rassoul.,5,en,0.9743701219558716,positive,-1,Unknown,BUSINESS,2026-04-06
1055601057,15089284,Hyde Midtown Miami,Miami,We got a free upgrade so that was nice! The rooms could have been cleaner. We found a previous guest's lingerie stuffed inside one of the drawers. But overall it was a great stay and I would definitely recommend it.,4,en,0.9231220483779907,positive,-1,Unknown,COUPLES,2026-04-06
1055749847,24889567,Arlo Wynwood,Miami,"We had a fantastic stay at the Arlo, the rooms were spotless, the facilities modern and easily accessible. The staff were particularly helpful and I want to commend both Oscar and Wanda at the front desk for their hospitality - they made our stay memorable and I truly appreciated their attitude to service.",5,en,0.9688396453857422,positive,-1,Unknown,BUSINESS,2026-04-07
1055836562,24889567,Arlo Wynwood,Miami,"Oscar at the front desk was seriously the best!! So welcoming, so nice, and just made everything feel easy from the second I walked in.",5,en,0.9864522814750671,positive,1,service,FAMILY,2026-04-08
1055884996,24889567,Arlo Wynwood,Miami,"Very unprofessional and not worth the money they charge in my opinion… Ressort fee will be additionally charged per day for WiFi, water and pool. Water is not in the room in the promised amount and also not restocked. Coffee capsules same… you have to call them for every single thing - even if you want your towels changed",2,en,0.9895824193954468,negative,0,hotel,SOLO,2026-04-09
1055888355,15089284,Hyde Midtown Miami,Miami,The hotel is very modern and hip. The suite was absolutely perfect and finally a bathroom that had lighting that actually works for applying makeup. I usually have to sit on the floor with a small mirror on window sill to get ready because other hotels bathrooms are lit like a cave. The location in Midtown is awesome. It’s an up and coming area in Miami and has an easy vibe with many great restaurants within walking distance of hotel. It also feels safe. Price was surprisingly low. Especially still being at the end of our season in Florida,5,en,0.9552470445632935,positive,0,hotel,FRIENDS,2026-04-09
1055923793,6727321,The Vagabond Hotel Miami,Miami,"Fantastic place to stay in Miami! Lovely staff, great pool area and clean rooms Just got a nice feel to the place. Very helpful staff, especially Kris who went out of his way to be helpful. Will defo be back whenever in Miami",5,en,0.9486277103424072,positive,0,hotel,FAMILY,2026-04-09
1055963354,288592,"Brickell Arch, A Luxury Collection Hotel, Miami",Miami,"Overall, a fantastic experience with a Breakfast team, the service was absolutely excellent, especially Julianna and Jessica were very sweet and kind . Special mention to Leandro, who made a point of greeting us properly, no just a quick hello, but real eye contact, and often a short conversation, he made the whole experience feel personal rather transactional.",5,en,0.9625062942504883,positive,1,service,FRIENDS,2026-04-09
1055998883,2253238,Hampton Inn & Suites By Hilton Miami Brickell Downtown,Miami,"Great facility, nice functional in downtown Miami brickell. Conveniently located to public transport that in Miami are convenient and free. Friendly and helpful staff. Good breakfast. Clean.",4,en,0.895472526550293,positive,-1,Unknown,FAMILY,2026-04-09
1056113202,12451425,Universal Aventura Hotel,Orlando,We stayed at this hotel for ten nights during a busy time. Check in was simple and Tina on the front desk was extremely helpful friendly and even gave us a generous treat when we checked in. Our room was on the 14th floor and had a view of the universal parks. The rooms were clean and the only problem we had was our tablet that controlled the rooms lights wouldn’t charge when we arrived but was sorted within an hour of going out for essentials. The buses to the parks were regular and the boat across the road in Sapphire Falls was very easy to use and great access to the parks. We had a few lunches in the hotel and the food was well priced for the quality and convenience. I stayed here with my 13 year old daughter and we would both stay here again!,5,en,0.8541285991668701,positive,0,hotel,FAMILY,2026-04-11
1056116231,6727321,The Vagabond Hotel Miami,Miami,"I had a wonderful experience at the hotel. We arrived quite late due to traffic and we were very well received by the reception. There was coffee available, parking facilitated a lot and the room was extremely clean. The exterior area is a grace, very nice and gave us the desire to stay for more days to enjoy it. The staff was very kind, gave us tips and wanted to present us with mimos from Brazil :) We recommend closed eyes!",5,en,0.9760098457336426,positive,0,hotel,COUPLES,2026-04-10
1056129395,6727321,The Vagabond Hotel Miami,Miami,"The Original Historically Renowned Rat Pack Hangout in Miami! We've stayed at The Vagabond Motel pre-cruise the past 2 years. What a find this was! And, it's close to both the airport , cruise port, and many restaurants within walking distance. The rooms are fabulous, fun & very retro if you like that vibe! The pool is huge & the entire property is beautiful and immaculate. The property was originally a popular hangout for the Rat Pack (Frank Sinatra, Dean Martin, and Sammy Davis Jr.) in the 50's & the remodel mirrors this era in a fun, relaxing, retro vibe. The Vagabond Motel was added to the National Register of Historical Places in 2014. A placard is prominently displayed near the front of the Motel with a brief history of its architectural style and relevancy in Miami's evolving deterioration and rebuilding of the MiMo area through community support. See more here: https://www.selectedbyrg.com/blog/vagabondmotel",5,en,0.5730452537536621,positive,0,hotel,COUPLES,2026-04-11
1056183995,6727321,The Vagabond Hotel Miami,Miami,"Love the retro vibe. Room was well appointed and clean. Staff were all polite. Lots of spots to eat nearby, and front desk staff had great suggestions for things to do in the area. A little noise from the pool area but overall a quiet stay. This property feels like a private oasis.",5,en,0.8911410570144653,positive,-1,Unknown,COUPLES,2026-04-11
1056228022,10673726,Hampton Inn & Suites Miami Wynwood Design District,Miami,"We had a fantastic stay at this hotel with our family of four. The location was perfect. Close to the cruise port, which made our travel day easy and stress-free. From the moment we arrived, the atmosphere was welcoming and relaxing, setting the tone for a great experience. The amenities were wonderful. Complementary breakfast. The pool area was beautiful and a great place to unwind. Our room was clean/well-maintained, and we were comfortable the entire stay. What truly made this stay exceptional, though, was the staff. Every single person we interacted with was friendly, accommodating, and genuinely welcoming. A very special shoutout to Eric at the front desk. He was hands down the kindest person we have ever met. He patiently answered every question we had and never once made us feel rushed. His warmth and helpfulness made such a lasting impression on us. Eric was truly the star of this place, and honestly, we would return just to see him again! We can’t recommend this hotel enough and are already looking forward to our next stay.",5,en,0.9582092761993408,positive,1,service,FAMILY,2026-04-11
1056364607,288592,"Brickell Arch, A Luxury Collection Hotel, Miami",Miami,"From the very first moment, we were enveloped in a sense of comfort and refined hospitality. This remarkable experience was shaped not only by the gracious, attentive, and genuinely welcoming presence of the manager, Leandro, but also by the impeccable service throughout. The stunning bay views, exquisite cuisine, and serene, sophisticated ambiance come together seamlessly to create a truly unforgettable destination.",5,en,0.9569057822227478,positive,1,service,FRIENDS,2026-04-12
1056435650,10673726,Hampton Inn & Suites Miami Wynwood Design District,Miami,Victoria was amazing! She was super accommodating with a last minute booking!,5,en,0.9785315990447998,positive,3,jasmine,SOLO,2026-04-13
1056472903,12451425,Universal Aventura Hotel,Orlando,been there and it was very nice..,4,en,0.9837828278541565,positive,-1,Unknown,COUPLES,2026-04-13
1056715151,288592,"Brickell Arch, A Luxury Collection Hotel, Miami",Miami,"Mare Restaurant is situated on the 25th floor of what is now the Marriott Luxury Hotel, formerly the AKA Hotel. My husband and I are banking professionals based in the Brickell area, and we have dined at Mare for lunch on numerous occasions. It's certainly no coincidence that the Manager is actively involved in every detail from offering a warm welcome and crafting a delicious Aperol Spritz to cleaning plates from a table and preparing an exquisite Cuban Coffee, without a doubt, Leandro is a King, but without a crown. Many Leandro's are needed in the hospitality industry. We, the satisfied guests, placed the crown.",5,en,0.6330862045288086,positive,1,service,COUPLES,2026-04-15
1056727441,217395,Mayfair House Hotel & Garden,Miami,"The one thing better than the food is the service and the view. And that’s hard to say because everything is beyond amazing. Daniela made us feel so special, suggested the best options for our experience and was on top of every little detail. She told us about brunch and we can’t wait to try it",5,en,0.9692339897155762,positive,1,service,COUPLES,2026-04-16
1056763212,6727321,The Vagabond Hotel Miami,Miami,The hotel is in a very convenient location. Close to the airport and a short drive to the beach. Great pool!,5,en,0.8594694137573242,positive,0,hotel,FAMILY,2026-04-16
1056892984,2253238,Hampton Inn & Suites By Hilton Miami Brickell Downtown,Miami,"This hotel checked all our boxes: near public transportation, restaurants and shopping. Rooms were well thought out - and really appreciated the laundry facilities.",5,en,0.9713518619537354,positive,-1,Unknown,COUPLES,2026-04-17
1057012605,10673726,Hampton Inn & Suites Miami Wynwood Design District,Miami,"On March 25, 2026, family stayed at Hampton Inn & Suites Miami Wynwood Design District overnight departing for a cruise the next day. During our stay, we encountered Eric. Eric truly gave the best customer service we've ever experienced. Eric was very helpful, considerate, polite, accommodating and just down right nice. It was truly an honor to experience that level of kindness because in today's world, it's very hard to find. So, kudos to Eric and thank you for putting the ""H"" in hospitality. Truly Thankful, The Teague & Nunn Families",5,en,0.9591305255889893,positive,0,hotel,FAMILY,2026-04-18
1057108654,217395,Mayfair House Hotel & Garden,Miami,Fantastic time. Great food! Nice people!,5,en,0.9373533725738525,positive,1,service,COUPLES,2026-04-19
1057163300,217395,Mayfair House Hotel & Garden,Miami,"Amazing food and great atmosphere! Dani is the best server there, she super nice and attentive",5,en,0.9526803493499756,positive,1,service,FAMILY,2026-04-19
1057163597,217395,Mayfair House Hotel & Garden,Miami,Excellent service! Daniela was spectacular. She had so much knowledge about the food and drinks. Will definitely come back to this place. Well worth the price and the ambiance was magnificent.,5,en,0.9414733648300171,positive,1,service,FAMILY,2026-04-19
1057169295,217395,Mayfair House Hotel & Garden,Miami,"Atmosphere and food is top tier, Dani was so nice and always looking out for the table.",5,en,0.9881042838096619,positive,1,service,FRIENDS,2026-04-19
1057331122,2253238,Hampton Inn & Suites By Hilton Miami Brickell Downtown,Miami,How much is a family room and the location and time to bake,5,en,0.42315566539764404,positive,0,hotel,FAMILY,2026-04-21
1057331317,2253238,Hampton Inn & Suites By Hilton Miami Brickell Downtown,Miami,"Great location in Brickell—close to everything and just a block from the train, which made getting around really easy. Breakfast was simple, standard complimentary options, but did the job. What really stood out was the service, especially from Netch A. We arrived very early after a long trip and were exhausted—she went above and beyond to get us into a room as soon as possible. The room she selected was perfect and gave us exactly what we needed to rest and ease into our anniversary trip. It’s also conveniently close to the cruise port, and they offer shuttle service which was a big plus. We’d definitely stay here again and would recommend it to others.",5,en,0.9455108642578125,positive,0,hotel,FAMILY,2026-04-21
1057505053,2253238,Hampton Inn & Suites By Hilton Miami Brickell Downtown,Miami,Very good hotel. This is the second time we stayed here. We were welcomed by Laicka excellent customer service. He explained everything in detail. Congratulations!!,5,en,0.9339027404785156,positive,0,hotel,COUPLES,2026-04-22
1057545091,12451425,Universal Aventura Hotel,Orlando,"My teenage daughter and I stayed her for a week in her Easter holidays. The hotel was great for the price, good rooms, fab top floor bar/restaurant, convenient pizza on the GF and the pool was also great. All in all a great time. My 1 star is because the day I returned, the hotel took money for my stay despite me paying up front for the holiday through UK tour operator Thomas Cook. The hotel conceded the error, but refunded me a lessor amount. Initial good communication has now ceased. I’m posting the 1 star with the aim of getting my full refund.",1,en,0.6819125413894653,positive,0,hotel,FAMILY,2026-04-22
1057621888,6727321,The Vagabond Hotel Miami,Miami,"Location/ Area has changed since my last visit, not hotels fault. Atmosphere - Employee was very accommodating at check-in. The room we got needs a refresher, with stains on the bed's headboard and sticky remote to name a few. For the price point we would've expected more. The atmosphere was okay, however leaves a lot room for improvement. Cleanliness room needs a deep clean, the small details add up. We weren't in the room long enough to report back about noise levels.",2,en,0.5664692521095276,positive,0,hotel,COUPLES,2026-04-26
1057832922,24889567,Arlo Wynwood,Miami,"Alro is the top choice for staying in Miami. Ernesto operates the best valet service. I only trust him with my car. Oscar at the front desk sent over a bottle of champagne for our anniversary, top notch service. 10/10 with the Arlo",5,en,0.9538822174072266,positive,0,hotel,FAMILY,2026-04-27
1057853474,10673726,Hampton Inn & Suites Miami Wynwood Design District,Miami,"Very good hotel, good service, clean and excellent location",5,en,0.9895776510238647,positive,0,hotel,FAMILY,2026-04-27
1057879825,2253238,Hampton Inn & Suites By Hilton Miami Brickell Downtown,Miami,"I’m sorry we were only able to stay less than 24 hours. The hotel is conveniently located next to and walking distance from a lot of restaurants and shops and the metro. The room was a good size, comfortable and clean. The customer service was awesome. The breakfast was leagues ahead of any Hilton brand I have ever stayed at, and the person in charge kept the area very clean and stocked, and they have plenty of indoor and outdoor seating. Other locations please take note. It obviously can be done!! One additional perk that was perfect for us was the noon checkout instead of 11:00. We don’t usually travel to Miami, but I recommend this hotel to anyone needing a place to stay in the area.",5,en,0.8856391310691833,positive,0,hotel,FAMILY,2026-04-27
1057947279,288592,"Brickell Arch, A Luxury Collection Hotel, Miami",Miami,"If you enjoy opening a window from the minute you step in, you know you are somewhere special. Manager(Leandro) ultra focused on service wonderful restaurant, calm, peaceful, gorgeous interiors, light music, if you have a table on the balcony terrace, you breathe the air of Biscayne Bay.",5,en,0.9892783164978027,positive,1,service,COUPLES,2026-04-28
1058053476,2253238,Hampton Inn & Suites By Hilton Miami Brickell Downtown,Miami,"I visit family in Miami on a regular basis, and Hampton has become my go-to hotel. Conveniently located, always clean, and excellent service. The breakfast is a really useful perk as well. On this stay, I'd like to commend Rassoul who was particularly helpful after a stressful trip, due to train delays because of North Florida wildfires, and Rassoul was very understanding, concerned and attentive. Will be back soon!",5,en,0.989820122718811,positive,0,hotel,COUPLES,2026-04-28
1058082513,15089284,Hyde Midtown Miami,Miami,"Hydr Midtown was great stay all around! Guest services helped decorate my room for a birthday surprise, the valet service was seamless, and the amenities beneficial bonuses on top of my stay. The WhatsApp communication was also superb! 10/10 stay!!",5,en,0.8950735330581665,positive,0,hotel,COUPLES,2026-04-28
1058202798,2253238,Hampton Inn & Suites By Hilton Miami Brickell Downtown,Miami,"We had a one-night stay prior to a cruise. The hotel was clean, modern, and well maintained. The room was equipped with fridge, microwave, and a coffee machine that took some time to figure out. Check in on the sixth floor wasn’t a problem and elevator access any higher required a key card. Breakfast was included and the usual continental plus a few hot options. Staff was helpful storing our early arrival bags until our room was ready. There was an excellent restaurant right at the entrance and a bar in the front desk area. We were able to book a shuttle to our ship right on the ground floor for a reasonable price and that service was good. Our only disappointment was the pool being closed without explanation.",4,en,0.576371967792511,negative,0,hotel,COUPLES,2026-04-29
1058297199,85401,Rosen Inn at Pointe Orlando,Orlando,"Hotel complex is larger than you think! Do not stay in Building B, facing I4. Very, very noisy. I had to move to Building C. Lot of Families. Sports bar is small, definitely could make this 2 or 3 times larger. Coffee shop and little shop are nice, has most essentials. Front desk and Security staff is awesome! I moved my room and forgot my uniforms in the old room closet! Security & cleaning staff had them in the office all bagged up for me! Pools looked cleaned and area around buildings clean & well lit. Great location and price is best deal. Have stayed here several times. Sports bar burger and fries for $13, best deal in Town & yummy! You have to place order at bar counter, see signs. They'll bring to your table. Limited seating, like said, could / should be enlarged. Parking is convenient and cheap compared to others.",3,en,0.8277875781059265,positive,-1,Unknown,BUSINESS,2026-04-30
1058315984,85031,Miami Marriott Biscayne Bay,Miami,"We had a very nice stay before a cruise. A convenient location with beautiful views of the cruise port, and walking distance to restaurants and a grocery store to stock up on last minute items. We really appreciated having access to our room when we arrive (approximately 11:30) instead of needing to wait until around 3:00 like so many hotels make you do. That courtesy is enough to make us book there again!! At the reception desk Flo was very helpful.",5,en,0.9680934548377991,positive,0,hotel,COUPLES,2026-04-30
1058368056,217395,Mayfair House Hotel & Garden,Miami,"The rooms are insanely loud. You can hear everything happening in the rooms on either side of you and in the halls. The shower was lukewarm, at best. It’s a cool boutique vibe but I would never stay here again.",2,en,0.49523138999938965,negative,0,hotel,BUSINESS,2026-04-30
1058433285,6727321,The Vagabond Hotel Miami,Miami,"Interesting motel in MIMO district--15 minutes or so from Miami Beach and Miami downtown. Great service--free coffee and chips. Would have loved to have a mini refriderator in the room I realize that this is not ""retro"" but it helps with doggy bags and drinks.",4,en,0.8576568365097046,positive,0,hotel,FAMILY,2026-05-01
1058441433,6727321,The Vagabond Hotel Miami,Miami,"Great stay and very convenient location to our family and friends in downtown Miami and Miami Shores. Super friendly staff - shout out to Linda for the laughs. Room was comfortable and clean, and we appreciated the complimentary coffee in the lobby. Pro Tip: Until they open the restaurant, walk next door to the Caracas Bakery for fantastic pastries, breakfast toasts and lattes. Bring them back and enjoy poolside!",5,en,0.9665122628211975,positive,-1,Unknown,COUPLES,2026-05-01
1058453367,6727321,The Vagabond Hotel Miami,Miami,"Beautiful - Comfortable - Quiet - VERY Clean! My mom, sister and I were there last weekend for one night. We were beyond pleased with The Vagabond. We will definitely return. The staff was very friendly and helpful. And location - excellent restaurants and bakery just next door. It's like an oasis in the middle of Mi-Mo. The pool area is nicely appointed with areas to either sit in the sun or shade. We shared a bottle of wine poolside (the small party store next door has a great selection). The rooms are nicely appointed and comfortable.",5,en,0.8108949661254883,positive,0,hotel,FAMILY,2026-05-01
1058471369,12451425,Universal Aventura Hotel,Orlando,We have just spent 2 nights at the Aventura hotel at Universal and had a very nice experience. The rooms were big enough and the beds just a nice level of firmness for us but the view (in a higher floor room) was just great. We could've sat and looked out over the parks all day. We ate at the lobby cafe and it was good. We also had a cocktail at the bar at the top of the hotel and the views were exceptional (well worth a visit). The staff we experienced were all good and the location (next to Sapphire Falls) makes getting to City Walk etc a pleasure. The only potential downside is that buses to Epic are shared with Cabana Bay and can get rather busy. Overall 8/10 but 10/10 for value. Highly recommended.,5,en,0.8550819754600525,positive,0,hotel,COUPLES,2026-05-01
1058474744,6727321,The Vagabond Hotel Miami,Miami,"Fabulous boutique hotel with beautiful pool area and nicely updated rooms. Well equipped, clean rooms.",5,en,0.9204118251800537,positive,0,hotel,BUSINESS,2026-05-01
1058552195,15089284,Hyde Midtown Miami,Miami,Amazing experience as always! George was very polite both in the check in and check out.,5,en,0.9345957636833191,positive,4,shaun,SOLO,2026-05-01
1058660359,10673726,Hampton Inn & Suites Miami Wynwood Design District,Miami,"Very good stay — with big credit to Alberte and her excellent customer service skills. The hotel itself is very nice, the location is near the lively design district and I didn’t experience any rudeness. Hot water supply was excellent. The rooms themselves could use the work hence the four stars. A bit of carpet would brinf soke needed warmth. Ither thsn that, a surprisingly good experience. Thank you Alberte. Tammy feom Ohio.",4,en,0.8816683888435364,positive,0,hotel,BUSINESS,2026-05-02
1058670694,15089284,Hyde Midtown Miami,Miami,"Great location, modern room decor.",4,en,0.8908901810646057,positive,0,hotel,SOLO,2026-05-02
1058680563,10673726,Hampton Inn & Suites Miami Wynwood Design District,Miami,"First time in Miami, and did not like our first choice of hotel after arriving at 10:30pm. We quickly searched and found the Hampton Inn. I spoke to Brandon St Gerard and he was polite and professional as he explained our options, and had 2 rooms left for the length of our stay. We quickly booked the room and he greeted us upon arrival. His kindness and assistance reduced our stress level. Our room is pleasant and clean.",5,en,0.9392492175102234,positive,0,hotel,FAMILY,2026-05-02
1058724081,2253238,Hampton Inn & Suites By Hilton Miami Brickell Downtown,Miami,"Absolutely amazing hotel stay before my cruise. This hotel is clean, convenient to shopping and plenty of restaurants/bars. Walking distance to a Publix, the mall, bakery, etc. The hotel checkin is on the 6th floor, the first floor is mainly a seating area and concierge. They offer free hot breakfast, mini fridge and microwave in the room, cruise shuttle at time of this review is priced at $12 with pick up times at 10a, 11a, and 12p. If you miss breakfast, they had breakfast bags with fruit and other grab and go items. You will need your room key to access the laundry room and guest floors. There is no carpet in the room I was in (basic king- not the elite level) and pets are not allowed. Service animals only. The hotel has a lobby bar, three restaurants are located right next door (Sproutz, Batch Gastropub, and Shahs of Kabob). I dined at Sproutz and Shahas of Kabob and both are good, but they are not affiliated with the hotel. I stayed 3 nights prior to my cruise and I really enjoyed my stay. The air conditioner worked with no issues, pillows are very soft, bed was firm, but not uncomfortable and I slept better in that bed, than my own. There is a master light switch to control the overhead light in the entry and bathroom. You can operate them separately (it just takes some flipping of lights to figure it out). Decent water pressure and nice, hot water at night. Morning time I suggest getting your shower in early. Hot water is still present but not as hot as it was the night before. Tip- I took my shower at 5/6am the morning of checkout and the water was hot and perfect for a nice shower before leaving for cruise. Staff was always smiling, friendly and willing to assist. Carlos at the concerige desk is very helpful, ask for his recommendations and he is more than happy to assist. The 7th floor has the laundry facility, but many machines were out of order. This is going on my pre cruise hotel list because it was the perfect hotel and the perfect location. It was about a 15min ride to the cruise port and airport. The cruise port ride was booked for 8am, so I beat the 9am bumper car cruise port traffic.",5,en,0.3855978548526764,positive,0,hotel,SOLO,2026-05-03
1058732834,288592,"Brickell Arch, A Luxury Collection Hotel, Miami",Miami,"I like staying in Brickell when I visit Miami and this is the first time I stayed at this property. I will not stay here again. The elevator system requires guests to take 2 elevators to get to rooms. That is incredibly annoying and time consuming. That was enough to turn me off but, in addition, the staff did not seem to care about guests. As an example, I waited 15 minutes at the restaurant to get a coffee before finally giving up and going to a nearby coffee shop. Lastly, the fitness center is small with one of the two ellipticals not working. There are better places in Brickell.",3,en,0.41309550404548645,positive,-1,Unknown,BUSINESS,2026-05-03
1058812948,2253238,Hampton Inn & Suites By Hilton Miami Brickell Downtown,Miami,It was a very pleasant experience,5,en,0.9870912432670593,positive,-1,Unknown,FAMILY,2026-05-05
1058813658,2253238,Hampton Inn & Suites By Hilton Miami Brickell Downtown,Miami,It was a very nice experience with family,5,en,0.9744500517845154,positive,-1,Unknown,FAMILY,2026-05-03
1058871662,2253238,Hampton Inn & Suites By Hilton Miami Brickell Downtown,Miami,"Great location, off the main drag in Brickell. Stayed on Elite floor. Didn't hear much outdoor noise (but did hear people in the hallway). Nice to have Nespresso, but would have loved some real milk or cream, not the powder stuff. Breakfast is plentiful, but so unhealthy. Why not have UNsugared cereals, like basic Cheerios or Special K? Or plain Greek yogurt vs. sugary Yoplait? Gym good though small. Elevators take too long since there are only 3 for pretty large hotel.",4,en,0.7323391437530518,positive,-1,Unknown,COUPLES,2026-05-04
1058926836,85031,Miami Marriott Biscayne Bay,Miami,"Confortable rooms, neat and quiet. As to the restaurant Gold Coast, we received excellent and promt atentions, specially from Fanny and Aurea. They are both, nice and efficient persons always assisting us with a wonderful smile. I particularly, would like to enfasis this.",5,en,0.9798984527587891,positive,-1,Unknown,FAMILY,2026-05-04
1058948775,12451425,Universal Aventura Hotel,Orlando,"Fantastic stay at aventura. Lovely welcome when we got there and was given a free upgrade to the 12th floor skyline which we couldn’t thank them enough. The room was spacious and very modern. Everything was explained at the desk on how the room electrics work and the cleaners coming in every other day. We was given a map which the reception wrote down the shuttle frequencies and how to get to volcano bay which we couldn’t believe how close we was! Everything was comfortable and we really loved the touch of the fridge, safe, laundry service etc. the shuttles was one of the reason we stopped here. A lot of reviews elsewhere said shuttles weren’t frequent but at aventura they were and this was very true! We were always on one pretty much straight away or longest we waited was like 3 minutes which is really good! It’s a lot quieter the hotel which we loved even more because most people go to the themed hotels but we preferred this one over them by far. Wasn’t far from universal at all and you could see the firework show from the rooftop bar. We caught Ubers to Disney parks which were always very quick to get and cost about £20 each way which again was so much more worth doing this way as universal is the better parks! The wood fire pizza oven was amazing and urban pantry had a lot of variety. The staff especially Jen were so friendly and welcoming. I loved having the Starbucks in the lobby! The pool was really lovely and the area kept well clean. My only criticism of this and its not huge, but could do with more umbrella's around the pool and maybe umbrellas you could move. We was lucky to get a bed with one but we had to shadow chase when it got too hot or you had to move beds. The heat is hot and in the hotel it seems to increase a lot so could do with just some more spaces to cool down whilst staying around the pool. You could go to the bar but it’s not the same atmosphere as laying around the pool! The drinks on the rooftop bar weren’t so much for us. They weren’t what I would consider a cocktail but the vibe up there is so worth it for a night. We ordered takeaways a lot, after a day in the park it was nice to do and was so easy to do this on Uber eats we had no trouble what’s so ever. The shop did some great little presents and are the same price as in the parks. Would recommend staying here and when we come back again we would definitely come back and stay here again 100%",5,en,0.3720627427101135,positive,0,hotel,COUPLES,2026-05-04
1058995442,2253238,Hampton Inn & Suites By Hilton Miami Brickell Downtown,Miami,"Great location and unbelievable service. My son left the pants of his suit and we just received it in the mail at our house. I have never in my life seen such thing, typically when you leave items behind and ask to retrieve it, they say that they don't know anything about or can't find it and they just take it. Not here! Grateful for their integrity and service.",5,en,0.9552688002586365,positive,-1,Unknown,SOLO,2026-05-04
1059090140,85031,Miami Marriott Biscayne Bay,Miami,Aurea was amazing! Great service 💪🏽,5,en,0.9566975831985474,positive,1,service,FRIENDS,2026-05-06
1059090162,85031,Miami Marriott Biscayne Bay,Miami,Aurea was amazing! Thanks a lot.,5,en,0.888400673866272,positive,1,service,BUSINESS,2026-05-06
1059110591,217397,Homewood Suites by Hilton Miami-Airport/Blue Lagoon,Miami,Stayed in April before a cruise and this hotel was great! Stayed in a 2 bedroom with family and rooms were large and comfortable. Room had 2 kinds with separate bathrooms full kitchen and living space. Staff helped with booking the best shuttle to the port! Everything was simple and well planned by the hotel. Free breakfast was great also and a nice add since we had to leave early. My only recommendation would be to repair elevators. They had 1 down and the other was extremely slow.,5,en,0.918396532535553,positive,0,hotel,FAMILY,2026-05-06
1059114692,217397,Homewood Suites by Hilton Miami-Airport/Blue Lagoon,Miami,"Very comfortable 2-bedroom suite. Free breakfast. Quiet, safe location. Very clean room. Shuttle was arranged by hotel and got us to the cruise port in about 30 minutes. Take the earliest shuttle you can… after 9:30 traffic becomes heavy. Construction at tunnel/bridge can get backed up for over an hour and a lot of Uber and Lyft drivers don’t want to sit in traffic.",5,en,0.8927022814750671,positive,0,hotel,FRIENDS,2026-05-06
1059137399,288592,"Brickell Arch, A Luxury Collection Hotel, Miami",Miami,"When I visited the hotel, the concierges Carlos and David were very helful during breakfast and shopping. Staff and breakfast are the best features of this hotel. During breakfast everyone was magnificent even manager Leandro stopped by to chat, with warmth and kindness, making a big difference on all the experience with patience, dedication and attention to details were simply exceptional. His genuine hospitality and commiment to excellence perfectly embody what a true luxury hotel experience should be.",5,en,0.9734286069869995,positive,1,service,BUSINESS,2026-05-06
1059204835,6727321,The Vagabond Hotel Miami,Miami,Very kind staff The hotel was nice Great experience,5,en,0.9521182775497437,positive,1,service,FRIENDS,2026-05-06
1059316884,2253238,Hampton Inn & Suites By Hilton Miami Brickell Downtown,Miami,"Laicka and Rassoul's customer service, were excellent hosts at the Front Desk, were very attentive and friendly, answered all my questions and answered all my requests.",5,en,0.9466597437858582,positive,1,service,BUSINESS,2026-05-07
1059330019,6727321,The Vagabond Hotel Miami,Miami,"The hotel is super clean, all the staff really and the pool is amazing",5,en,0.9635468125343323,positive,0,hotel,BUSINESS,2026-05-07
1059338220,15089284,Hyde Midtown Miami,Miami,I had a wonderful stay with Hyde and Jessa is super helpful and friendly. I will come back to stay for sure.,5,en,0.9159768223762512,positive,0,hotel,SOLO,2026-05-07
1059381791,87115,Sonesta Miami Airport,Miami,"Ana was very warm and welcoming and respectful. Very attentive as well and made sure I had a great experience! Thank you, Ana!",5,en,0.934810221195221,positive,-1,Unknown,SOLO,2026-05-08
1059459634,2253238,Hampton Inn & Suites By Hilton Miami Brickell Downtown,Miami,"This hotel has what you need for comfortable accommodation, especially if you are traveling for business and can get around by car. The location is good because it is in the middle of Miami, to go anywhere you need. If I had to go on holiday I probably wouldn’t choose it because it is at least a 30 minute drive from the beaches and shopping. The rooms are spacious and comfortable. And the lobby and conference spaces are super spacious and comfortable. The gym seemed small for the size of the hotel and the pool area is very good to enjoy the sun. I recommend it",4,en,0.9709947109222412,positive,0,hotel,BUSINESS,2026-05-08
1059468205,2253238,Hampton Inn & Suites By Hilton Miami Brickell Downtown,Miami,The room was clean and the bed very comfy. Very quiet. The front desk was helpful. Lovely pool and surroundings. Nice bar area and bartender.,5,en,0.8288705348968506,positive,0,hotel,FAMILY,2026-05-08
1059499689,87115,Sonesta Miami Airport,Miami,The restaurant has great ambiance and the food seasoned to perfection. It was quiet and the seating arrangement made dinner more intimate. Our waitress Sayda was also one of the bartenders and her attentiveness and service was excellent. She answered all of our questions and made our drinks to perfection.,5,en,0.8678848147392273,positive,1,service,FAMILY,2026-05-09
1059500410,87115,Sonesta Miami Airport,Miami,Sayda the bartender was an angel. It has been a very long day and she provided spectacular service. Good food was really pretty darn good and the drinks were excellent.,5,en,0.9736558794975281,positive,1,service,SOLO,2026-05-09
1059600380,288592,"Brickell Arch, A Luxury Collection Hotel, Miami",Miami,"Initially, the title of my review was different, however when I visited the Brickell Arch Hotel website and read a great number of reviews mentioning Leandro, I decided to change it. Evidently, I too, can now express my gratitude to him for such a memorable experience during dinner on Friday, May 8th. Leandro is not merely a manager, he is the kind of person who is truly focused on service, on pleasing guests and ensuring a complete sense of satisfaction. I echo the words of another reviewer who stated and I quote ""this industry needs many more Leandros"". Thank you, thank you, thank you, for all of this and so much more.",5,en,0.9449756741523743,positive,1,service,SOLO,2026-05-09
1059625446,87115,Sonesta Miami Airport,Miami,"The experience in Sonesta has been really good. The room is very clean and cozy. Ana, who works in the restaurant at night, is a very gentle person. By the way, the food is delicious. We really enjoyed our stay.",5,en,0.9565158486366272,positive,-1,Unknown,FAMILY,2026-05-10
1059626266,25222291,Holiday Inn Orlando International Dr-ICON by IHG,Orlando,"Had an amazing stay at the Holiday Inn International Dr.-ICON. The location was perfect — close to everything we needed, with easy access to restaurants, shopping, and local attractions. The hotel was clean, comfortable, and the service truly stood out. A special thank you to Avi at the front desk for providing exceptional customer service from check-in to check-out. Avi was friendly, professional, welcoming, and always ready to help with a smile. It’s employees like Avi who make guests feel valued and at home. Highly recommend this hotel for anyone looking for a great location and outstanding hospitality. We will definitely be back! Judith Delgado",5,en,0.5729044675827026,positive,0,hotel,FAMILY,2026-05-10
1059637777,87115,Sonesta Miami Airport,Miami,"Had another really pleasant stay at the Sonesta Hotel near Miami Airport — this being my second visit in the past 3 months, and somehow it felt just as accommodating as the first, if not even better. One thing that stood out immediately again was how calm and relaxing the atmosphere felt throughout the stay — especially appreciated after the chaos of travel. The hotel was consistently clean, well-kept, and comfortable, which made it easy to settle in and unwind. The service was also excellent. A special mention to Sayda, who was incredibly attentive, accommodating, and genuinely welcoming. Small details and good hospitality always make a difference, and she definitely elevated the experience. Overall, another smooth and comfortable stay with great service. Would gladly return again.",5,en,0.8963586091995239,positive,-1,Unknown,BUSINESS,2026-05-10
1059662417,12451425,Universal Aventura Hotel,Orlando,"The rooms are perfect! I was given a free upgrade to 9th floor with a theme park view room! Loved it & was able to watch fireworks from there on my first night. The air con system is different to other resorts & made intermittent whooshing sounds (apparently that’s normal when it’s changing temperature) but once I’d gotten ear plugs from the team I slept very well. I’ve stayed at Sapphire Falls & cabana bay & their air con was silent- so this was odd but it was explained to me about the eco system used. Thank you. The service is excellent- your employees at every corner are just wonderful. Especially the lady with red hair at the rooftop bar! The roof top bar is my favourite bar in universal! I went every day for a glass of prosecco around 5;30 pm! The pool scene is great. The food is also really good/ I ate at the Rooftop bar once & the pantry for lunch twice. The only thing which I noticed is the drinks… for the price I feel like measures are a splash! An example, to have an Aperol spritz there are specific measures it should have to be an Aperol spritz & the times I bought these drinks the Aperol was definitely not what would make a proper Aperol spritz. If you’re charging the prices, the measure should be adhered to. It was the same for margaritas. I can only assume it’s the staff training & business decision to not provide proper measures. I went to sapphire falls & Royal Pacific & used their pools & had the perfect Aperol spritz & margaritas- so it does feel it’s a hotel specific issue. I also took advantage of being able to use the different hotel pools! It was great to return to Loews Sapphire & try out the Royal Pacific. I took the water taxi from Loews sapphire a couple of times but I honestly enjoyed the short walk in to the parks through Sapphire ! It’s not far at all. I’d return to this & in fact I’ll likely return next April with my daughter this time. Thank you",5,en,0.3791506290435791,positive,0,hotel,SOLO,2026-05-10
1059681986,85031,Miami Marriott Biscayne Bay,Miami,"We had a truly delightful breakfast experience recently. Everything served was absolutely delicious and exceeded our expectations. Our server was attentive and incredibly helpful throughout our meal. We felt very well taken care of and appreciated the excellent service. It was a wonderful start to our day, and we highly recommend it.",5,en,0.9210745096206665,positive,-1,Unknown,COUPLES,2026-05-10
1059705521,85031,Miami Marriott Biscayne Bay,Miami,"We had a horrific experience at this over priced hotel, but not due to hotel's fault but a medical issue. Ease to take an uber is good. Room small but clean. Breakfast room service consisted of a delivery person handing over a paper bag with food, which was definitely subpar, and overpriced. When we called the front desk to enquire as to how to order room service, which tv stated was available, but not technically possible via the tv, we were instructed to go online with our personal phones and order via an app.......... I'm sorry but this is totally unacceptable for travellers who may be elderly or English not the first language. We arrived from a late flight due to a snow storm. The main desk person immediately tried to encourage us to eat in the restaurant before it closed in 10 minutes.... huh?? 9:30 pm.......Friday night....Food is definitely on our minds but hey, we don't need to be pressured at the time of check in. I only mention this as it was a very forceful encouragement to go to the restaurant immediately. Long story short.... my beef with this hotel is the little concession area downstairs, which we did go to, and once again were met with too late, we are closing. We got a slimy salad and cheese tray, and took back to our room to eat. Which we did, and nearing the end of the cheese tray, lo and behold was the mold. Disgusting. Does Marriott vet the third party people they allow to set up in their lobby? It was a huge relief when we checked out in the morning. In closing...... room was small and clean. AC worked well. Front desk staff pushy. Ease for Uber service good. Ride to cruise port 15 minutes. NOTE TO MARRIOTT... you need to think tank your pricing, and be cognizant that travellers are having to convert US dollars to their personal bank account ie..... some of us are spending huge amounts of money to travel, and you need to keep the business flowing or people will stop coming. Was this Marriott anything special???? NOT in the least!!!! I've travelled extensively and this. hotel is just run of the mill, in an easy location.",3,en,0.4235743284225464,negative,0,hotel,COUPLES,2026-05-10
1059711513,2253238,Hampton Inn & Suites By Hilton Miami Brickell Downtown,Miami,"My best friend and I had an absolutely phenomenal stay at this hotel, and we genuinely cannot stop talking about how incredible the experience was from start to finish. The location alone deserves five stars — perfectly situated in the heart of the city with easy access to public transportation, amazing restaurants, shopping, and so many of Miami’s must-see attractions. Everything felt effortlessly convenient, which made our trip even more enjoyable. What truly stood out was the atmosphere of the hotel. It had this perfect balance of lively Miami energy and refined professionalism. The space felt vibrant and exciting without ever feeling chaotic or overwhelming. From the moment we walked in, the hotel gave off an upscale, welcoming vibe that immediately made us feel comfortable and excited for our stay. Our room met or exceeded expectations in every way. It was beautiful, spacious, spotless, and thoughtfully designed. Every detail felt intentional and polished, and the level of cleanliness was honestly impressive. Housekeeping clearly takes great pride in maintaining the property because everything felt immaculate throughout our entire visit. One of the most surprising aspects was how quiet the hotel was, especially considering its downtown location. We expected at least some city noise, but our room was peaceful and relaxing at all hours. We both slept incredibly well every night, which says a lot in a busy city like Miami. The service was truly exceptional and easily comparable to what you’d expect at a luxury hotel. Every staff member we encountered was professional, warm, accommodating, and genuinely kind. The front desk team made us feel welcomed from the second we arrived, and they consistently went above and beyond throughout our stay. A very special thank you to Adrian at the bar, who made our experience even more memorable with his friendliness, professionalism, and generosity. He was outstanding and absolutely deserves recognition. The amenities were another highlight of the stay. Everything felt thoughtful, hospitable, and designed to make guests feel taken care of. We genuinely felt valued and cared for throughout the entire experience, which made the trip feel extra special. Overall, this hotel delivered an unbelievable value for everything it offers — prime location, beautiful accommodations, exceptional service, incredible cleanliness, and a truly elevated experience from beginning to end. We would return in a heartbeat and recommend it to anyone visiting Miami without hesitation. Five stars across the board!",5,en,0.43950632214546204,positive,0,hotel,FRIENDS,2026-05-10
1059748433,288592,"Brickell Arch, A Luxury Collection Hotel, Miami",Miami,"I organised and run an event here having visited the hotel back in February before it was a Marriott hotel. The transition from one brand to another happened after we had contracted our event and, to say the least, it was not smooth for us. So I will keep this review just about my experience as a guest over a 4-night stay. First of all, hats off to Mare Restaurant , excellent food especially at dinner and standout service with genuine warmth from Valentin. I’d also like to mention Nicole on the front desk who helped to overcome some of the transitional problems we experienced from brand to another. In general, this is a solid Brickell hotel with spacious and comfortable rooms and good facilities. It is also great for elevator geeks, if such a niche exists like aviation geeks or train geeks, for you spend a lot of time in elevators. It is up from the ground floor reception 25 floors to the Lounge where the great restaurant is located. Then down to your room in another elevator. Then if you want to use the pool it is up, down and up again in another elevator in a different building so an amazing 3 elevator rides. So if you love riding in elevators this is a truly outstanding hotel. All said, when next in Miami I would happily return.",4,en,0.6438910961151123,positive,-1,Unknown,BUSINESS,2026-05-11
1059749491,6727321,The Vagabond Hotel Miami,Miami,We loved this boutique hotel! SO clean and conveniently located to the Miami cruise port. Mae & her staff were very friendly and helpful. We are already looking-forward to our next stay!,5,en,0.960141122341156,positive,-1,Unknown,COUPLES,2026-05-11
1059750120,87115,Sonesta Miami Airport,Miami,"Sayda served us at the bar, and was absolutely lovely! She was kind and attentive, and a pleasure to talk to!",5,en,0.9553919434547424,positive,1,service,BUSINESS,2026-05-11
1059750123,87115,Sonesta Miami Airport,Miami,Sayda is a sweetheart! Very attentive service and the Old Fashioned was 5 stars!,5,en,0.9841907620429993,positive,-1,Unknown,BUSINESS,2026-05-11
1059823007,85401,Rosen Inn at Pointe Orlando,Orlando,Absolutely the worst hotel and experience I’ve had at a hotel. We were intimidated by the cleaner when she had to come back twice to clean the toilet from the previous guest. Patrick the manager thinks it’s acceptable to clean crusted urine and feces from the toilet and actually wipe inside the toilet bowl THEN TAKW THAT SAME TOILET CRUSTED RAG AND CLEAN THE BATHROOM VANITY WHILE MY TOOTHBRUSH IS LAYING ON THE COUNTER. This hotel needs to be shut down and tore down. By far the most uncivilized experience i’ve ever had at a hotel.,1,en,0.9582194685935974,negative,0,hotel,FAMILY,2026-05-14
1059828077,87115,Sonesta Miami Airport,Miami,The staff were very friendly and helpful. Our check in time which was meant to be 4 was moved to 2pm when the room was ready. The chef was very accommodating to our food request and the dishes were delicious,5,en,0.9558501839637756,positive,1,service,FRIENDS,2026-05-14
1059832816,85031,Miami Marriott Biscayne Bay,Miami,"Staff in general , very friendly , mainly the guys at the Restaurant 150% recommend, about tasty food and kindness. Thanks for everything as always.",5,en,0.9538282752037048,positive,-1,Unknown,SOLO,2026-05-14
1059834153,15089284,Hyde Midtown Miami,Miami,"Extremely central location in a lovely neighborhood, 5 minutes from the Design District, rooms are spacious and clean, and the staff are very attentive and helpful. We would especially like to thank Jessa at reception for her attentiveness and friendly demeanor. This will definitely be a hotel I'll stay at the next time I come to Miami!",5,en,0.9356173872947693,positive,-1,Unknown,FRIENDS,2026-05-14
1059842123,15089284,Hyde Midtown Miami,Miami,"I stayed at the Hyde Midtown for a business trip and really enjoyed it. The room was spacious and spotless; the pool and gym were both lovely. Easy to walk to different places thought Midtown, Wynwood, and the Design District. Jessa and George at the front desk were super nice and friendly, and Jessa really went out of her way to make me feel welcome. Overall a very pleasant stay!",5,en,0.7203778028488159,positive,0,hotel,BUSINESS,2026-05-11
1059850789,24889567,Arlo Wynwood,Miami,"I stayed at the hotel for two days. My respects go to the young woman from Nicaragua who cleans in the early hours of the morning, keeping the lobby impeccable.",5,en,0.9368436932563782,positive,0,hotel,SOLO,2026-05-11
1060060542,217397,Homewood Suites by Hilton Miami-Airport/Blue Lagoon,Miami,"Excellent stay, shuttle to airport was very pleasant. Kudos to the shuttle driver who was very kind.",5,en,0.9787726402282715,positive,2,jorge,FAMILY,2026-05-13
1060062738,217397,Homewood Suites by Hilton Miami-Airport/Blue Lagoon,Miami,"The driver, Yuri was great. They were working on one of the elevators, which has been the case the last 3 times we have stayed there.",5,en,0.9656413197517395,positive,2,jorge,FAMILY,2026-05-13
1060064375,2253238,Hampton Inn & Suites By Hilton Miami Brickell Downtown,Miami,"Back to Miami Not to be missed, a renewed hotel Hall, breakfast area and Pool. But the most important , the staff: Special thanks to Ernest ,netche Ann, liscia, Wilda ( Front desk) Frey ( breakfast attendant) And of course Carlos,( the concierge).",5,en,0.8009498119354248,positive,0,hotel,BUSINESS,2026-05-13
1060093034,15089284,Hyde Midtown Miami,Miami,"Great service from the front desk team, including George, at the Hyde hotel in Midtown Miami. The team was extremely kind and very accommodating, will definitely stay again.",5,en,0.9006702899932861,positive,-1,Unknown,SOLO,2026-05-13
1060130536,85401,Rosen Inn at Pointe Orlando,Orlando,"Well today we head home with mixed emotion on this place . Firstly yes it’s central and a good variety of places to eat and drink. And the staff are very polite. However we have had 11 nights here and it was on the 2nd night my daughter woke up with quite a few bites on her. My granddaughter who was in the same room but different bed wasn’t bitten at all. We obviously brought this up to management who moved our rooms straight away. Gave tokens to wash s there clothes and gave a free breakfast. We were delayed getting to the park and it ended up costing us some of our lightning lane bookings. The manager said they got independent company in to investigate and the found nothing so they ended it there. I asked to see the findings at which point the company policy doesn’t allow it. I’m not nocking the hotel or the staff but it did have an effect on my granddaughter whom it was her first trip to the USA and Disney. There was definitely evidence that they went through the room as we took photos. ( bed base was discusting ) so we have to accept the outcome. Would we stay here again , probably yes. I would like to thank the management for their prompt action . But I think they could be better at their cleaning.",3,en,0.5208661556243896,positive,0,hotel,FAMILY,2026-05-14
1060180888,6727321,The Vagabond Hotel Miami,Miami,"What I liked the most is the location, situated on Biscayne Boulevard; it is a good point to head out to different places in Miami, and it is also close to the airport. A lot of tranquility, impeccable cleanliness, the room is spacious, and the bed is very comfortable. It has parking on its premises, and no additional fees are charged. This hotel is a highly recommended option. There are very good places nearby the hotel for breakfast, lunch, and dinner, including places where several Argentinians work, which are also very good options.",4,en,0.9658010601997375,positive,0,hotel,SOLO,2026-05-14
1060316280,85401,Rosen Inn at Pointe Orlando,Orlando,We recently stayed at the Rosen inn pointe Orlando over Easter We were a family of four sharing one room We had an amazing trip from start to finish and the Rosen was a great base to hit all the parks especially universal and sea world which were close by we had a hire car to get to Disney which is about a 20 mins drive Rossen inn is in a great location on international drive with loads of restaurants and bars within close walking distance after a full on day at the parks! Rossen inn rooms are a little dated but it was only a base for us to sleep after being out all day! The rooms were clean and fresh towels everyday Really great staff always friendly and helpful Nice bar serving food and drinks and a coffee and gift shop a normal shop selling snacks and essentials and a restaurant which we only used for the buffet breakfast which was decent The hotel is a universal partner hotel so there was a complementary bus service to the universal parks which you need to book the day before Overall I wouldn't really recommend the rossen inn really good value for money and a great hotel to explore the parks and all the great things Orlando has to offer,4,en,0.5807177424430847,positive,0,hotel,FAMILY,2026-05-15
1060337242,24889567,Arlo Wynwood,Miami,"Our stay at the Arlo hotel was perfect. The best part was the staff; Andrés at the reception was very kind and resolved all our questions immediately. In the restaurant, Víctor served us wonderfully, being very attentive and professional; both made our vacation even better! 100% recommended Thank you, Andrés and Víctor The Spaniards and the Cuban one",5,en,0.9077198505401611,positive,-1,Unknown,FAMILY,2026-05-15
1060402926,12451425,Universal Aventura Hotel,Orlando,Julio gave the best service possible. The view from my room was magnificent,5,en,0.8214627504348755,positive,-1,Unknown,FAMILY,2026-05-16
1060502786,15089284,Hyde Midtown Miami,Miami,"Very comfortable room, quiet, excellent bed and shower. Lots of dining alternatives on the same street and within a block of the hotel. Friendly staff.",5,en,0.9218467473983765,positive,-1,Unknown,FAMILY,2026-05-17
1060532674,12451425,Universal Aventura Hotel,Orlando,Nice hotel with easy to use technology in the room,4,en,0.9832236170768738,positive,0,hotel,BUSINESS,2026-05-17
1060568639,85031,Miami Marriott Biscayne Bay,Miami,Our stay and breakfast were amazing! Thank you to Aurea for the best service at Gold Coast Kitchen!,5,en,0.9340477585792542,positive,1,service,FAMILY,2026-05-17
1060586146,2253238,Hampton Inn & Suites By Hilton Miami Brickell Downtown,Miami,"I had a terrible experience. Starting with the check-in. I had a reservation made by Blue Travel, paid in advance, voucher printed, all ok! Arriving there the completely unprepared employees simply said that they didn't find my reservation, that there was nothing with my name there, and said they couldn't do anything. I called the blue travelers said everything was okay and opened an internal help to call the hotel to try to resolve. I arrived super early at the hotel, we were with two little children, arriving from travel, tired and committed at 17hs. My boy fell at the reception, hurt his mouth, nothing supported anyone willing to help. I've been calling Blue for 4 hours, the super blue assistant asks, trying to help. So that after that time a whole hotel employee (seems to have been the manager) found my reservation, says he was in another system. Hi???!!!!! How is it? At least they had to have looked into all their systems before making me wait this whole time at the reception with two little children. Completely frustrated. When they released the room they even offered someone to help us with the bags. Completely finished with our stay.",1,en,0.9427574276924133,negative,0,hotel,FAMILY,2026-05-17
1060617756,2253238,Hampton Inn & Suites By Hilton Miami Brickell Downtown,Miami,"Hotel is lovely--modern, immaculate and common areas were designed thoughtfully. Friendly and helpful staff. We would stay here again. Very happy here!",5,en,0.9266429543495178,positive,0,hotel,COUPLES,2026-05-17
1060716113,12451425,Universal Aventura Hotel,Orlando,Great atmosphere and experience.,5,en,0.8738449811935425,positive,-1,Unknown,FRIENDS,2026-05-18
1060790490,85031,Miami Marriott Biscayne Bay,Miami,"Alex is attentive and welcoming. Thank you for giving us an upgrade and early check-in. The restaurant staff Aurea, Gabriela and Fanny are friendly. It is good that the Marriott Biscayne Bay is spacious and newly renovated. We enjoyed our time! Thank you!",5,en,0.9046697020530701,positive,-1,Unknown,COUPLES,2026-05-19
1060812467,25222291,Holiday Inn Orlando International Dr-ICON by IHG,Orlando,"The staff of the Holiday Inn Orlando International Dr. provided me with warmth, professionalism and genuine care. Salima, the lovely café kiosk owner, was particularly attentive and friendly, always eager to please. Melody, the barista made good margaritas, and along with the chef, tried hard to provide me with my requests. Annabelle and Jasmine from the front desk made me feel welcomed right from my arrival. And of course, Atif, the GM no less, was so accommodating yet professional, making sure that I will be comfortable and enjoy my short stay at the hotel. Though some of my expected features were not met, those were effectively compensated by the hospitality, attentiveness, warmth and friendliness of the entire team.The hotel itself is well-maintained, the room was big and squeaky clean. I particularly loved the bed and sheets. THANK YOU to the entire staff for going above and beyond to make me feel valued and welcome.",5,en,0.9156849980354309,positive,-1,Unknown,SOLO,2026-05-19
1060842289,25222291,Holiday Inn Orlando International Dr-ICON by IHG,Orlando,"I had an excellent experience with Shaun at the Holiday Inn, we checked in very early and appreciated the kindness.",5,en,0.9788760542869568,positive,4,shaun,FAMILY,2026-05-19
1060869966,25222291,Holiday Inn Orlando International Dr-ICON by IHG,Orlando,"Lovely hotel, great location, and clean. Very friendly staff, eager to help. At the reception, Shaun and Isabella were very attentive.",5,en,0.9649737477302551,positive,0,hotel,FAMILY,2026-05-19
1060871547,1149365,Kimpton Epic Hotel by IHG,Miami,Great experience. David Gil was very helpful on my entire trip! Will return soon for my next vacay!,5,en,0.9688549041748047,positive,-1,Unknown,SOLO,2026-05-19
1060872290,25222291,Holiday Inn Orlando International Dr-ICON by IHG,Orlando,Shaun was a good helper and he listen to us and he take time helping us,5,en,0.9916739463806152,positive,4,shaun,FAMILY,2026-05-19
1060875629,1149365,Kimpton Epic Hotel by IHG,Miami,Very good hotel. I like it I'll be back soon,5,en,0.9639075994491577,positive,0,hotel,FAMILY,2026-05-19
1060905682,2253238,Hampton Inn & Suites By Hilton Miami Brickell Downtown,Miami,"We were traveling as a group, I want to thanks all people in this HOTEL for providing us excellent hospitality services during our stay at this hotel. Group sales department and all staff were very flexible and friendly . Location is very prime and close to a very good bars and restaurants I WOULD RECOMAND THIS PLACE TO ALL WHO LOOKING FOR A EXCELLENT EXPERINCE IN MIAMI",5,en,0.9630682468414307,positive,0,hotel,FRIENDS,2026-05-20
1060989221,85401,Rosen Inn at Pointe Orlando,Orlando,We have stayed here many times over the last 25 years and each time it gets better than the last. Stand out feature of this place is the fantastic staff. All so friendly and give the place a real family feel. If we come back to Orlando this hotel will be top of our list. Thankyou Rosen once again,5,en,0.9719688296318054,positive,0,hotel,COUPLES,2026-05-20
1060997924,15089284,Hyde Midtown Miami,Miami,"If I could give zero stars I would. 1 star is simply too much. My boyfriend and I have stayed at this hotel several times because of the convenience in location and walkable area, but this visit was extremely unacceptable and incredibly disappointing. We booked through a third-party site at a confirmed promotional rate, and the hotel employee refused to honor it and overcharged us. While we understand mistakes happen, the front desk employee, by the name of Ken, would not correct the mistake or offer any resolution, despite the price on the website and their received confirmation that we booked through that website. Our proof was rudely dismissed. It all felt like a SCAM. No supervisor was on site or on call to correct the problem. This level of service is extremely disappointing and unprofessional. We will not be staying here EVER again! Would not recommend anyone else to stay either!!",1,en,0.9694274663925171,negative,0,hotel,COUPLES,2026-05-20
1060998103,25222291,Holiday Inn Orlando International Dr-ICON by IHG,Orlando,Excellent welcome Shaun with my family,5,en,0.9691027402877808,positive,4,shaun,COUPLES,2026-05-20
1061000181,25222291,Holiday Inn Orlando International Dr-ICON by IHG,Orlando,Shaun was great at the reception . Very nice location,5,en,0.9229273796081543,positive,4,shaun,COUPLES,2026-05-20
1061014011,1149365,Kimpton Epic Hotel by IHG,Miami,"We love this hotel. This is our second stay as a family. We do find this area fantastic with access to Bayside and Brickell within a short walk. We did Lyft to the beach $21. We also visited the Nu Stadium and this was $38 one way. Whole foods on the next block. The hotel facilities are excellent, pool area on the 16th floor is excellent, pools warm, lovely view and Area 31 was great. Towels provided and also suncream. The gym is fab and all you need. Parking and valet parking both excellent. We had a room on the 26th floor facing into the city, the view was excellent but there was some street noice, but very little when doors closed. We requested a pet free room as my husband has allergies, this was accommodated. We did notice several dogs around. We loved sitting on the balcony watching the yachts go up and down the river. All staff we encountered were incredible, really went the extra mile. We can’t wait to return.",5,en,0.9633921384811401,positive,-1,Unknown,FAMILY,2026-05-20
1061038768,25222291,Holiday Inn Orlando International Dr-ICON by IHG,Orlando,Very nice and clean! Close to a ton of restaurants and things to do! Staff is super welcoming. Anaya helped check us in and she was great!! She’s a 10/10!!,5,en,0.9577599167823792,positive,-1,Unknown,BUSINESS,2026-05-21
1061066425,10673726,Hampton Inn & Suites Miami Wynwood Design District,Miami,"Our stay at the Hampton Inn & Suites Miami Wynwood Design District was absolutely fantastic and provided the perfect start to our vacation before our cruise. As we were celebrating our 10th wedding anniversary, the team went above and beyond to prepare an unforgettable surprise for us. The lovely flowers, beautiful room decorations, and thoughtful arrangements were truly remarkable and created a lasting memory. Our accommodations were excellent; the room was spacious, and the large floor-to-ceiling windows offered a wonderful view of the vibrant street below. Throughout our stay, the staff displayed incredible kindness, consistently checking in to see if we needed anything, offering great local recommendations, and seamlessly arranging our shuttle to the cruise port. Breakfast was also highly enjoyable, with a helpful team always ready to assist. Logistically, the location is unbeatable. The property is just a short walk from the area's famous artsy murals and galleries. Having a pharmacy and several great restaurants nearby was also incredibly convenient for tackling all of our last-minute pre-cruise needs. We would definitely return to this property if we find ourselves in Miami again.",5,en,0.7385831475257874,positive,0,hotel,COUPLES,2026-05-21
1061099740,12451425,Universal Aventura Hotel,Orlando,"We transferred to Universal Aventura for 5 nights after 9 nights at Disney. Following the manic, busy atmosphere of the Disney Hotel (which was fab), Aventura was like an oasis of calm and tranquility! There’s obviously going to be children everywhere, but Aventura is designed to appeal more to the older clientele, there was no real Universal overkill, just the shop and everything so tastefully designed and airy. The lifts were central and the wings all had their own colour so finding which direction you needed to go in was easy. Receptionist on check in was lovely. In fact everyone was that we met. Bar 17 at the top, views are amazing. Rooms were lovely, clean, beds comfy and all the gadgets appealed to a couple of big kids! Only negative was that the sink was very ‘gluggy’ and made loud gurgling noises throughout the night. I wouldn’t hesitate coming back again, it was absolutely fabulous ☺️",5,en,0.8356532454490662,negative,0,hotel,FAMILY,2026-05-21
1061123721,25222291,Holiday Inn Orlando International Dr-ICON by IHG,Orlando,"I love staying at this hotel! The rooms are super spacious and always very clean. Shaun at the front desk is great too! Definitely recommend staying here if you’re looking for a safe, clean, inexpensive LBV area hotel.",5,en,0.9457781910896301,positive,0,hotel,SOLO,2026-05-21
1061138099,1149365,Kimpton Epic Hotel by IHG,Miami,"We spent this past Sunday and Monday nights at the Kimpton Epic Hotel by IHG in Miami. It was an outstanding stay in every way possible…We were celebrating my husband’s birthday. The staff was welcoming, professional and engaging. The suite was beyond exquisite with Panaramic views of the city as well as the water. Walls of floor to ceiling glass enhanced our stay. The balcony was huge and wrapped around the entire suite. Patricio greeted us immediately upon arrival. We instantly bonded~ he made us feell like family. A true gentleman. Pedro was our server for our lunch and two breakfasts. He was absolutely wonderful and caring and treated each person in the restaurant with kindness and respect. The housekeepers did an amazing job. Our rooms were kept immaculate. Thank-you to Calvin (manager) for our suite assignment. It was beyond awesome !!! Jhanathan carried our luggage out to our car and gave us our final good-bye leaving a lasting happy impression. We highly recommend this Kimpton and really look forward to a return visit 😎😎😎",5,en,0.926917314529419,positive,0,hotel,COUPLES,2026-05-21
1061139637,2253238,Hampton Inn & Suites By Hilton Miami Brickell Downtown,Miami,"Se have been holding Board Meetings and vendor events at Hampton Inn Brickell for many years. It is our number one hotel for Business meetings, hosting our international employees, and even our vendors like staying here. The hotel in the past 3 years has gone thru renovations and the meeting rooms are comfortable, and the AV system is up to current requirements. Christina and Nataly are always helping with suggestions in making everything 100% successful. The breakfast is amazing and the blueberry muffins are top of the line. I do appreciate them. The value for money is always key and the professional and at the same time relaxing atmosphere is great. The location couldn't be better. Minutes' walk to Brickell City Center.",5,en,0.8192338943481445,positive,0,hotel,BUSINESS,2026-05-21
1061155212,1149365,Kimpton Epic Hotel by IHG,Miami,"My daughter and I had a 3-day visit and we loved every minute of our stay here! From the moment we pulled up and the valet greeted us, to our wonderful front desk lady (Cindy) and the staff at the pool, they all were phenomenal. A special shout to Cindy who took care of us from the moment we walked in! She was so personable and helpful. We really adored her!",5,en,0.7092055678367615,positive,-1,Unknown,FAMILY,2026-05-22
1061160908,87115,Sonesta Miami Airport,Miami,Ana made me feel so comfortable after getting stuck in miami she greeted me very well and recommended the best food & drink on the menu.,5,en,0.9593031406402588,positive,-1,Unknown,SOLO,2026-05-22
1061227230,2253238,Hampton Inn & Suites By Hilton Miami Brickell Downtown,Miami,"My company is involved with some festivals in the Miami area which can be a stressful time. However, the sales department especially Nataly assisted with my crew's reservations even with some last minute changes. She was always professional; responding in a tinely manner and giving a personal touch. We look fwd to more business dealings with this sales team. Thank you",5,en,0.9616199731826782,positive,-1,Unknown,BUSINESS,2026-05-22
1061233184,25222291,Holiday Inn Orlando International Dr-ICON by IHG,Orlando,"Jasmine made our check-in at the Holiday Inn Icon incredibly easy and welcoming! She was friendly, efficient, and started our stay off on such a positive note. Great customer service and truly appreciated after a day of travel. Thank you, Jasmine!",5,en,0.95687335729599,positive,3,jasmine,FAMILY,2026-05-22
1061233399,217397,Homewood Suites by Hilton Miami-Airport/Blue Lagoon,Miami,"Me and my husband, mother in law and father in law step son and friend stayed in the 2 bedroom suite. It was a lovely reporting. The 2 bedroom is extremely spacious and convenient and the view of the water was beautiful. The shuttle to and from airport is super helpful and also they have a port to the port of Miami for cruise for a very reasonable price. I would definitely recommend this location for a pre cruise trip.",5,en,0.9802929759025574,positive,0,hotel,FAMILY,2026-05-22
1061246629,25222291,Holiday Inn Orlando International Dr-ICON by IHG,Orlando,"The check-in with Jasmine was seamless and easy. She was so friendly and helpful. The room was spacious, clean, and very comfortable. It was so convenient to be next to the pool as we were there for a competition.",5,en,0.9235876202583313,positive,3,jasmine,FAMILY,2026-05-22
1061247104,25222291,Holiday Inn Orlando International Dr-ICON by IHG,Orlando,"Emily checked me in and was amazing! Very kind, and fast. I also lost my wallet there, And they made sure I got it back. I have stayed here before. And I will definitely be coming back. It’s a great little staycation for me.",5,en,0.9680947065353394,positive,-1,Unknown,FRIENDS,2026-05-22
1061252701,15089284,Hyde Midtown Miami,Miami,Great experience. Quiet Neighborhood and centrally located with good restaurant option nearby,5,en,0.9827637076377869,positive,0,hotel,BUSINESS,2026-05-22
1061275964,15809999,Mr. C Miami Coconut Grove,Miami,"World class experience! First and foremost, the staff is excellent. From the bellhops like Carlos, who grabbed my bags instantly and truly wanted to help. To the front desk staff who cared very much about making sure I had a great experience. Gabriel and Rachel wanted to help me get settled in, inform me of all the perks of the stay, and were there if I ever needed anything. THE POOL IS AMAZING. Calm, chill, and NOT BUSY. I think when I was there on the Thursday before MDW, there were like 7 people there. An attentive pool staff made sure I had drinks or towels. The gym is chill and nice. And the bellini's were delicious. The location is phenomenal. There's so much going on within 2-3 blocks of the hotel. It's really convenient. Oh, and I forgot to mention, my room was SPECTACULAR. I felt like a king. I love the balcony and all of the Mr. C branidng items. I love the nautical theme of the hotel. It was an elite experience. Highly recommend.",5,en,0.9221581816673279,positive,-1,Unknown,SOLO,2026-05-23
1061284025,217395,Mayfair House Hotel & Garden,Miami,Antonio bartending provided excellent attention,5,en,0.9859398603439331,positive,-1,Unknown,FAMILY,2026-05-23
1061285410,25222291,Holiday Inn Orlando International Dr-ICON by IHG,Orlando,"We had a bad experience at a nearby hotel, so I stopped by to inquire about availability. Avi greeted me, and was so warm and helpful I immediately booked a stay. The exceptional first impression was really impressive",5,en,0.7687119841575623,positive,-1,Unknown,FAMILY,2026-05-23
1061339474,25222291,Holiday Inn Orlando International Dr-ICON by IHG,Orlando,"Lovely front desk staff - Emily & Avi were especially helpful and pleasant. Clean rooms, excellent location & proximity to the Rosen Aquatic center.",5,en,0.921843945980072,positive,1,service,FAMILY,2026-05-23
1061342482,6727321,The Vagabond Hotel Miami,Miami,"The Vagabond Hotel is literally one of a kind. The decor, the history, the staff.. you have to see for yourself! It’s located in a great neighborhood in Miami and close to the conference I attended! My room was amazing, best sleep I’ve had in days and the pool and decor are incredible. Bring your selfie stick and take loads of pics to brag about your stay here! Also, incredibly clean! 🏆🏆🏆",5,en,0.894927978515625,positive,0,hotel,BUSINESS,2026-05-23
1061345326,85031,Miami Marriott Biscayne Bay,Miami,"Aires in the gold Coast restaurant was amazing, friendly, professional, and caring. Thank you for having such great employees..",5,en,0.9739208221435547,positive,-1,Unknown,FAMILY,2026-05-23
1061352106,1149365,Kimpton Epic Hotel by IHG,Miami,Dimenica was very nice and helped out big time.,5,en,0.9850589036941528,positive,2,jorge,FAMILY,2026-05-23
1061355666,1149365,Kimpton Epic Hotel by IHG,Miami,"The hotel is amazing and very dog-friendly. David Gil was especially kind, helpful, and friendly throughout our stay and really made the experience even better.",5,en,0.9842680096626282,positive,1,service,FAMILY,2026-05-23
1061365027,24889567,Arlo Wynwood,Miami,The hotel is nicely located walking distance to everything. Staff very friendly and attentive.,5,en,0.9322165846824646,positive,-1,Unknown,FRIENDS,2026-05-23
1061365317,85031,Miami Marriott Biscayne Bay,Miami,Hotel was fine. In a weird area,2,en,0.9573091268539429,positive,0,hotel,BUSINESS,2026-05-23
1061367486,217395,Mayfair House Hotel & Garden,Miami,"My friend and I had a lovely time at the Mayfair House Miami. The hotel is beautiful with all the architectural elements around. The staff were incredibly friendly and helpful. Our room was spacious and clean. Located near many restaurant options, small local parks and water views. Cannot wait to return on my next trip to Miami.",5,en,0.7135440111160278,positive,0,hotel,FRIENDS,2026-05-23
1061370692,217397,Homewood Suites by Hilton Miami-Airport/Blue Lagoon,Miami,Staff members courteous and professional. Airport shuttle efficient; ask for Yuri. He is extremely pleasant and helpful!,5,en,0.9680957198143005,positive,2,jorge,SOLO,2026-05-23
1061371243,87115,Sonesta Miami Airport,Miami,"I want to give a huge shoutout to Sayda at the Sonesta Miami Airport bar and restaurant! She is always incredibly friendly, efficient, and attentive every time I visit. Her customer service is outstanding, and she truly makes guests feel welcome and appreciated. Sayda is definitely an asset to the Sonesta team and easily my favorite bartender. She always goes above and beyond to create a great experience. If you stop by the bar, I highly recommend asking for her!",5,en,0.8386368155479431,positive,1,service,BUSINESS,2026-05-23
1061391407,235516,AC Hotel Miami Wynwood,Miami,"I work remotely, I needed to print a sheet, and they sent me to a business five blocks away because the hotel lacks a printer for guests. It has a good location; fortunately, it is a five-block transfer.",4,en,0.9615642428398132,positive,-1,Unknown,FRIENDS,2026-05-23
1061402739,217395,Mayfair House Hotel & Garden,Miami,Antonio es lo Maximo. He made our stay a great time.,5,en,0.988055408000946,positive,-1,Unknown,COUPLES,2026-05-24
1061402817,217395,Mayfair House Hotel & Garden,Miami,"Antonio and this place was absolutely incredible. Best drinks, ambiance and great company.",5,en,0.9732770323753357,positive,-1,Unknown,FRIENDS,2026-05-24
1061402837,217395,Mayfair House Hotel & Garden,Miami,Incredible service greate drinks! Antionio was personable and ready to serve out group. He def went above and beyond!!,5,en,0.9824761152267456,positive,-1,Unknown,FRIENDS,2026-05-24
1061402922,217395,Mayfair House Hotel & Garden,Miami,Couples brunch and then drinks and good laughs.,5,en,0.8280800580978394,positive,-1,Unknown,COUPLES,2026-05-24
1061404516,217395,Mayfair House Hotel & Garden,Miami,Antonio is a great server! Very attentive and made great drinks. Definitely recommend!!,5,en,0.960233747959137,positive,-1,Unknown,FRIENDS,2026-05-24
1061407002,2253238,Hampton Inn & Suites By Hilton Miami Brickell Downtown,Miami,"I’ve worked with Christina Delaney and her team, Nataly Mejia and Grace Guajardo, for the past 3 years during my frequent trips to Miami, and their support has consistently been exceptional. Christina and her team are always incredibly responsive, proactive, and accommodating with reservations, schedule changes, and last-minute requests. Their professionalism and attention to detail make every trip seamless, and I truly appreciate the partnership they’ve built with me and our organization.",5,en,0.8711442351341248,positive,-1,Unknown,BUSINESS,2026-05-24
1061473757,85031,Miami Marriott Biscayne Bay,Miami,Nice hotel!! The rooms were so clean and nice. Beautiful view from the 28th floor.,4,en,0.9571910500526428,positive,-1,Unknown,FAMILY,2026-05-24
1061485592,1149365,Kimpton Epic Hotel by IHG,Miami,Hernan was amazing. Great service.,5,en,0.9497677683830261,positive,-1,Unknown,FRIENDS,2026-05-24
1061485880,1149365,Kimpton Epic Hotel by IHG,Miami,"Hernan was amazing!!! As the moment we’ve arrived he took care of us. He’s personality was great, great vibes. Definitely will ask him again. Don’t lose him",5,en,0.9720033407211304,positive,-1,Unknown,FRIENDS,2026-05-24
1061485939,1149365,Kimpton Epic Hotel by IHG,Miami,The hotel was gorgeous and our bell boy Hernan was phenomenal. He helped us with everything we needed help with from beginning to end of the trip.,5,en,0.9514740109443665,positive,-1,Unknown,FRIENDS,2026-05-24
1061533599,217395,Mayfair House Hotel & Garden,Miami,The hotel is a beautiful oasis in Coconut Grove! Location is amazing and the service has been great! Robert was super helpful throughout our stay!,5,en,0.9514038562774658,positive,-1,Unknown,COUPLES,2026-05-25
1061581995,85401,Rosen Inn at Pointe Orlando,Orlando,"For our third Orlando trip we had three rooms and stayed 2 weeks. This hotel never lets us down. Great location on I drive, great air on, 3 pools that were never packed and clean rooms. Bar food is great if you need something quick when you arrive and staff are always good throughout the hotel. As we are really only using the hotel as a place to sleep and maybe a pool day or two this is perfect. If you want luxury then go elsewhere and pay a lot more.",5,en,0.9483389854431152,positive,0,hotel,FAMILY,2026-05-25
1061608686,85031,Miami Marriott Biscayne Bay,Miami,"We had a great experience for breakfast 2 mornings in a row with Aurea. She is efficient, kind, thinking ahead as servers should. Exceptional service.",5,en,0.9514739513397217,positive,1,service,COUPLES,2026-05-25
1061609110,85031,Miami Marriott Biscayne Bay,Miami,"Aurea was our server at the buffet restaurant, and she was absolutely amazing! She turned a simple buffet experience into something outstanding, fun, warm, and genuinely caring. Marriott needs more people like her. Thank you to Marriott management for hiring such wonderful staff.",5,en,0.9879025220870972,positive,1,service,FAMILY,2026-05-25
1061617633,25222291,Holiday Inn Orlando International Dr-ICON by IHG,Orlando,The check in experience with Jasmine was great!,5,en,0.9904703497886658,positive,3,jasmine,BUSINESS,2026-05-25
1061619061,85031,Miami Marriott Biscayne Bay,Miami,Aurea was a wonderful attentive server at breakfast.,5,en,0.9442976117134094,positive,1,service,FAMILY,2026-05-25
1061624418,1149365,Kimpton Epic Hotel by IHG,Miami,Everyone at the hotel was beyond helpful. Made our experience great ! Would love to be back,5,en,0.9524790048599243,positive,1,service,BUSINESS,2026-05-25
1061649221,1149365,Kimpton Epic Hotel by IHG,Miami,David was great at helping us. 5 stars to him,5,en,0.9548413753509521,positive,6,david,SOLO,2026-05-25
1061665569,2253238,Hampton Inn & Suites By Hilton Miami Brickell Downtown,Miami,"Great service, takes care of the customer.",5,en,0.982151448726654,positive,1,service,BUSINESS,2026-05-25
1061689100,25222291,Holiday Inn Orlando International Dr-ICON by IHG,Orlando,"Hanna at checkin was wonderful! She was friendly, welcoming, and knowledgeable. Room, lobby, and hotel were clean and spacious. Will definitely return!! It was super convenient, free parking, Great onsite restaurant, walkable to many restaurants, and fun things to do. Can't wait to go back!",5,en,0.8532677292823792,positive,3,jasmine,FRIENDS,2026-05-26
1061752485,217397,Homewood Suites by Hilton Miami-Airport/Blue Lagoon,Miami,Gorge was awesome. He was very friendly and made sure our ride to the airport was seamless. Thanks Gorge. Hilton must be lucky to have you.,5,en,0.9678255915641785,positive,-1,Unknown,FAMILY,2026-05-26
1061755499,2253238,Hampton Inn & Suites By Hilton Miami Brickell Downtown,Miami,"Hotel, staff and sales team are amazing! Whether staying for one night, one week or more, this hotel is great! I travel frequently for work and my company often hosts quests in the area. For this, I always work with the sales team (Christina Delaney, Nataly Mejia and Grace Guajardo for my reservations. They are quick to respond to requests and needs, friendly & personable, and always ready to assist with the extras, like booking a conference room or adding guests at the last min. Amazing team of people! Highly recommend this team, staff and hotel.",5,en,0.7717121839523315,positive,-1,Unknown,BUSINESS,2026-05-26
1061759118,217395,Mayfair House Hotel & Garden,Miami,The check-in Was smooth. The restaurant hostess Patricia was very friendly and seated us in a nice location of our choice! The staff here is great!!! Also Love the staff and vibe at SipSip!!!,5,en,0.9561931490898132,positive,-1,Unknown,FRIENDS,2026-05-26
1061776356,25222291,Holiday Inn Orlando International Dr-ICON by IHG,Orlando,Shaun’s customer service was amazing !! Will definitely come back !!,5,en,0.9780057072639465,positive,4,shaun,COUPLES,2026-05-26
1061786899,25222291,Holiday Inn Orlando International Dr-ICON by IHG,Orlando,Shaun was great. I came for a conference and he gave a lot of information to help me out. Never stayed at a holiday inn before and he made a great first impression. When I come back with the family in the fall we’ll be staying here.,5,en,0.9815946221351624,positive,4,shaun,SOLO,2026-05-26
1061825883,25222291,Holiday Inn Orlando International Dr-ICON by IHG,Orlando,"Check-in was a breeze, the rooms were clean and the staff were very helpful. Anaya went out of her way to answer my questions. She was very kind, definitely a good representation for Holiday Inn.",5,en,0.9797518849372864,positive,3,jasmine,FAMILY,2026-05-27
1061902039,25222291,Holiday Inn Orlando International Dr-ICON by IHG,Orlando,Shaun was absolutely amazing and very helpful! Will definitely be back!!,5,en,0.9340630173683167,positive,4,shaun,COUPLES,2026-05-27
1061911943,2253238,Hampton Inn & Suites By Hilton Miami Brickell Downtown,Miami,"Service, rooms, food, and facilities were top-notch.",5,en,0.969703733921051,positive,0,hotel,FAMILY,2026-05-27
1061919504,1149365,Kimpton Epic Hotel by IHG,Miami,"Very good vibes from start to finish, the hotel is luxury in itself. The location is central and has a lot of nightlife in the area, with many eateries and entertainment within walking distance. Driving in Downtown Miami can get stressful and full of people so I'm glad for the valet services that are offered. Ramon Chavez from valet was especially very quick with service and attentive, making that experience much appreciated. Everything was better than expected.",5,en,0.9327427744865417,positive,0,hotel,FRIENDS,2026-05-27
1062000822,6727321,The Vagabond Hotel Miami,Miami,"What a lovely surprise! When you see this “motel” you ate skeptical but don’t be fooled. It is modern and has everything you need, even a swim at the pool when you get home at night! Perfect.",5,en,0.990125834941864,positive,0,hotel,FAMILY,2026-05-28
1062015972,1149365,Kimpton Epic Hotel by IHG,Miami,Incredible stay. Upgraded room. Crib waiting for us upon arrival. Front desk staff always available and helpful. Jhonathan was very helpful with bags and advice. Breakfast excellent. Pool was nice.,5,en,0.8987752199172974,positive,0,hotel,FAMILY,2026-05-28
1062020972,25222291,Holiday Inn Orlando International Dr-ICON by IHG,Orlando,"This review is stunningly Amazing. Great prices extremely clean but the best was definitely the costumer service. Jasmine was professional, sweat and just the best!!!",5,en,0.9933578372001648,positive,3,jasmine,BUSINESS,2026-05-28
1062023864,85031,Miami Marriott Biscayne Bay,Miami,"It was a perfect experience. Aurea was very attentive, offering an outstanding service.",5,en,0.9798648357391357,positive,1,service,BUSINESS,2026-05-28
1062023902,85031,Miami Marriott Biscayne Bay,Miami,"Aureas service at the beakfast Restaurant was very friendly, warm and attentive. She took very good care of us. Thank you",5,en,0.9401516914367676,positive,1,service,BUSINESS,2026-05-28
1062025495,6727321,The Vagabond Hotel Miami,Miami,"I love the Vagabond Hotel. The staff is super nice and helpful, the rooms are clean, and the vibe is excellent :)",5,en,0.9556141495704651,positive,0,hotel,SOLO,2026-05-28
1062034128,288592,"Brickell Arch, A Luxury Collection Hotel, Miami",Miami,"Tables furnished to modern, without towels. The dishes are served directly at the table, you have nowhere to support the cutlery. A horror. Food well more or menas.",2,en,0.9433854222297668,negative,-1,Unknown,BUSINESS,2026-05-28
1062038217,25222291,Holiday Inn Orlando International Dr-ICON by IHG,Orlando,"My husband used points to book this hotel for my daughter and I. When we arrived and realized the room was in his name we were told we had to call the third party company it was booked thru. They said they were unable to change the name on the reservation, meaning my daughter and I could not check in. We were panicked!! Jasmine at the front desk jumped thru hoops to make it happen that we could check in, she was a lifesaver!!! I was so thankful for her help! The hotel is beautiful and clean! Really thankful for Jasmine- who turned around what potentially would have been a really frustrating situation!!",5,en,0.891608476638794,positive,0,hotel,FAMILY,2026-05-28
1062044792,1149365,Kimpton Epic Hotel by IHG,Miami,"Overall the stay was amazing with a great view, breakfast was great the server was Coronado, and valet at checking out was above and beyond by Jean Baptiste.",5,en,0.942099928855896,positive,2,jorge,COUPLES,2026-05-28
1062044814,1149365,Kimpton Epic Hotel by IHG,Miami,"Jean Bapt was a great help when I was coming in and leaving, the pace was really beautiful.",5,en,0.9810364842414856,positive,2,jorge,BUSINESS,2026-05-28
1062052917,12451425,Universal Aventura Hotel,Orlando,"Usually we stay in Royal Pacific or the Hard Rock hotel two of Universal’s “premium” hotels but for some reason the prices were coming in ridiculously high, literally twice the price of previous years so we had to drop down a level, with some trepidation. So glad I did, we had a wonderful stay, walking distance (if you’re relatively active) to the parks which we did a number of times but also free transportation if you wish, a lovely room, they kindly honoured my request for a certain level & view which really made the experience better. The pool was great, staff excellent, more slightly adult related so far more relaxing at night and around the pool. We bought Express passes separately and even with this we saved hundreds staying here compared to the other hotels, that impressed that I’ll probably opt to stay here in the future over the premium hotels.",5,en,0.9790835380554199,positive,0,hotel,COUPLES,2026-05-28
1062072683,217395,Mayfair House Hotel & Garden,Miami,"This hotel is absolutely gorgeous and feels like a real tropical getaway without really getting away! My now fiance used this location to set up the most perfect surprise proposal a surprise engagement photoshoot - with help from the staff! The rooms were so beautiful, and they went above and beyond by sending complimentary champagne up to our upgraded room, all as a congratulatory gesture to our engagement. 10/10 and most definitely will be staying there again soon! Amazing service by such a great team. Huge thank you to: Kenya, David, Emily P., Emily R., FD, Fabricio, Aaron, Ariana and Gregory.",5,en,0.8705747723579407,positive,-1,Unknown,COUPLES,2026-05-29
1062165599,25222291,Holiday Inn Orlando International Dr-ICON by IHG,Orlando,Shaun was amazing at getting me checked in and has great customer service.,5,en,0.9822030067443848,positive,4,shaun,FAMILY,2026-05-29
1062166090,25222291,Holiday Inn Orlando International Dr-ICON by IHG,Orlando,Clean atmosphere Shaun was very courteous and polite very helpful as my family and I were tired after such a long drive he assured us check in time and was complete in a timely manner. Very pleased thus far,5,en,0.9518436193466187,positive,4,shaun,FAMILY,2026-05-29
1062167068,2253238,Hampton Inn & Suites By Hilton Miami Brickell Downtown,Miami,"We had a wonderful stay at the Hampton Inn in Miami with my family. The hotel was very clean, comfortable, and located in a great area. The staff was incredibly welcoming and helpful throughout our entire visit. We loved the complimentary breakfast, which had plenty of options for everyone. During breakfast, we actually met the hotel manager, who was very nice and made us feel so welcome. The beds were super comfortable after a long day of exploring the city. We highly recommend this hotel for families and will definitely stay here again!",5,en,0.4437068700790405,positive,0,hotel,FAMILY,2026-05-29
1062172845,217397,Homewood Suites by Hilton Miami-Airport/Blue Lagoon,Miami,Skip the Uber take the shuttle which is free to the Hilton hotels. Jorge was very nice,5,en,0.9671185612678528,positive,-1,Unknown,FAMILY,2026-05-29
1062276343,25222291,Holiday Inn Orlando International Dr-ICON by IHG,Orlando,Coffee shop was great coffee and good service so was the bartender Nick,4,en,0.959635853767395,positive,-1,Unknown,FAMILY,2026-05-30
1062292608,2253238,Hampton Inn & Suites By Hilton Miami Brickell Downtown,Miami,"Nice hotel in great location. Free breakfast was good with bacon, eggs, waffles,etc. The rooms were clean @nd roomy. Hotel is showing its age a little bit. This hotel is located in a great down town location just minutes from the cruise terminals. Also, the Brickel location was safe @nd full of walkable diners and shopping.",4,en,0.951491117477417,positive,0,hotel,COUPLES,2026-05-30
1062294645,25222291,Holiday Inn Orlando International Dr-ICON by IHG,Orlando,Jasmine helped us with our early check in and waived the fee she is very sweet and helpful. Overall 5/5 stars.,5,en,0.9446660280227661,positive,3,jasmine,FRIENDS,2026-05-30
1062311099,1149365,Kimpton Epic Hotel by IHG,Miami,"I had an epic experience at the Kimpton epic hotel. It is definitely my go to when I’m in Miami. The service and location was absolutely perfect and accessible to everything. You’re close to everything yet far enough away from some of the nuances that Miami’s nightlife can entail. Service at area 31 is incredible. I’d recommend the shrimp and lobster wraps. Rudy’s service element was exceptional. He made sure my breakfast was executed correctly. Most importantly, My experience was highlighted by David Gil, the gentleman who helped me with my baggage and was very knowledgeable about advising me of nearby gyms and places that I can enjoy. I highly recommend this hotel and their impeccable staff!",5,en,0.9561886787414551,positive,-1,Unknown,SOLO,2026-05-30
1062317112,1149365,Kimpton Epic Hotel by IHG,Miami,Left my cruise and was able to check into my room early. Plus the staff was nice ( something not too present here in MIA). Special shout out to my bellsman Jhonathan. Thanks for looking out for me for my BDay 🫡,5,en,0.9681458473205566,positive,0,hotel,COUPLES,2026-05-30
1062328136,85031,Miami Marriott Biscayne Bay,Miami,"A shout out to Officer Yazdi Patel and Housekeeper Yusimi Cruz. I left some valuables behind which can be so frustrating as much as I travel. I spoke with the facility (in person), and was quickly connected to Yazdi who said ""I'm on it"". That usually means I will never hear back again OR might have to chase 10 more people to get a response. Yazdi called me back, found what I was looking for, and was able to get them back to me the next morning. I love good customer service (talking to humans), and cannot thank Yazdi enough for even trying to find something that was valuable to me. This does not happen often - so I wanted to take a quick moment to say thank you to Yazdi and Yusimi! A great hotel, but the customer service was beyond stellar. Thank You!",5,en,0.8692836761474609,positive,1,service,BUSINESS,2026-05-30
1062330662,217395,Mayfair House Hotel & Garden,Miami,Amazing hotel the best valet team specially Carlos,5,en,0.983312726020813,positive,1,service,FAMILY,2026-05-30
1062486132,87115,Sonesta Miami Airport,Miami,The food was good and so was the drink.,5,en,0.9594876766204834,positive,1,service,FRIENDS,2026-06-01
1062565254,25222291,Holiday Inn Orlando International Dr-ICON by IHG,Orlando,The stay is comfortable and i am a regular here when I come for work or family trips. Jasmine was there to assist me and she made things easy and she is a very friendly person.,5,en,0.9422934651374817,positive,-1,Unknown,BUSINESS,2026-06-01
1062568504,1149365,Kimpton Epic Hotel by IHG,Miami,Excellent service and excellent accommodations. Definitely will be back! Thank you Jean B. for your help with our car!,5,en,0.9673110842704773,positive,1,service,FAMILY,2026-06-01
1062593037,2253238,Hampton Inn & Suites By Hilton Miami Brickell Downtown,Miami,Just an 8-minute walk from Brickell City Centre.,5,en,0.4952642321586609,positive,0,hotel,FAMILY,2026-06-01
1062601031,85031,Miami Marriott Biscayne Bay,Miami,"The checkin process was a mess. The manager was not helpful at all. We went through all the steps prior to have credit card authorization and when we got there they would not accept it. We are bonvoy members and this location did not treat as though. The best part of the stay was the waitress at breakfast, Aurea. She was so kind and sweet.",4,en,0.7328565716743469,positive,0,hotel,FAMILY,2026-06-01
1062626663,10673726,Hampton Inn & Suites Miami Wynwood Design District,Miami,Excellent location. Excellent service! Brandon at the front desk was able to accommodate a special request for mobility limited room. Would definitely stay here again!,5,en,0.9450350403785706,positive,0,hotel,FAMILY,2026-06-02
1062627491,10673726,Hampton Inn & Suites Miami Wynwood Design District,Miami,"Dear Management Team at Hampton Inn I am a statewide inspector for a fire alarm and life safety company, and I frequently travel throughout Florida and Georgia. I am writing to commend the exceptional service I received from Brandon and Kanika during my recent stay. Their hospitality and professionalism were truly impeccable, ranking among the best I have encountered in my many years of travel. Employees like Brandon and Kanika are the foundation of a great company. Because of their outstanding service, I am recommending to my management team that this Hampton Inn location be the exclusive choice for our team members traveling to the Miami area. Thank you for the amazing work.",5,en,0.7154005169868469,positive,0,hotel,BUSINESS,2026-06-02
1062627783,25222291,Holiday Inn Orlando International Dr-ICON by IHG,Orlando,Hanna was so friendly!! She made checking in a breeze. She recommended some local resteraunts and made me feel so welcome. She was so sweet and I cannot thank her enough for being so hospitable.,5,en,0.9760538935661316,positive,-1,Unknown,BUSINESS,2026-06-02
1062631818,217397,Homewood Suites by Hilton Miami-Airport/Blue Lagoon,Miami,Jorge was a wonderful driver! Very friendly and helpful!,5,en,0.9823688268661499,positive,2,jorge,BUSINESS,2026-06-02
1062635244,25222291,Holiday Inn Orlando International Dr-ICON by IHG,Orlando,Hanna made our experience checking in so seamless after a long travel day . She was considerate with our requests and gave great local recommendations.,5,en,0.9556941390037537,positive,3,jasmine,BUSINESS,2026-06-02
1062687747,87115,Sonesta Miami Airport,Miami,"The hotel is fantastic. Clean and organized accommodations. Staff in all departments were very attentive. I would like to highlight the service from Fatima and Gustavo at breakfast, and also from Rick and Pedro at reception. Thank you all very much. Marcos Raposo",5,en,0.9666659832000732,positive,-1,Unknown,BUSINESS,2026-06-02
1062706762,85031,Miami Marriott Biscayne Bay,Miami,"Wonderful Service at the breakfast Restaurant in the hotel . Aurea was an amazing host and we enjoyed it so much. Always friendly with a little talk. She made the breakfast a perfect start. The buffet was wonderful, with nice Choices of fruit and omlettes. Thank you. We will come back.",5,en,0.8834988474845886,positive,1,service,BUSINESS,2026-06-02
1062733812,1149365,Kimpton Epic Hotel by IHG,Miami,"Hotel has beautiful views, walking distance to everything and very helpful, polite and hard working staff. Room was clean and pleasant but I was expecting to be a bit more wowed by the esthetics.",5,en,0.79012131690979,positive,0,hotel,FAMILY,2026-06-02
1062741386,2253238,Hampton Inn & Suites By Hilton Miami Brickell Downtown,Miami,The Hampton Inn & Suites in Brickell is a great place to stay. The location is ideal for Brickell and the service is always great.,5,en,0.887981116771698,positive,0,hotel,BUSINESS,2026-06-02
1062757032,85031,Miami Marriott Biscayne Bay,Miami,Great Service! Yazdi & Alex were very helpful!,5,en,0.9678782820701599,positive,1,service,BUSINESS,2026-06-03
1062826276,85031,Miami Marriott Biscayne Bay,Miami,"Áurea was excellent! She provided outstanding customer service, was friendly, attentive, and made us feel welcome throughout our stay. Her professionalism and kindness truly made a difference. We highly recommend her and would gladly return.",5,en,0.97364342212677,positive,1,service,BUSINESS,2026-06-03
1062836823,85031,Miami Marriott Biscayne Bay,Miami,The service was spectacular! Alex at the front desk was very accommodating. I Will be looking forward to coming back!,5,en,0.9339046478271484,positive,-1,Unknown,FAMILY,2026-06-03
1062846251,217397,Homewood Suites by Hilton Miami-Airport/Blue Lagoon,Miami,"Walter at reception made our day and our stay! He solved every issue we had. Another ice machine would be a nice addition, and a jacuzzi would complement the pool area very well for the colder days.",4,en,0.9696030020713806,positive,-1,Unknown,FAMILY,2026-06-03
1062866481,1149365,Kimpton Epic Hotel by IHG,Miami,"I had a great experience at the hotel. The staff were very helpful & friendly, especially Jean Baptiste! I would highly recommend.",5,en,0.9446568489074707,positive,-1,Unknown,FRIENDS,2026-06-03
1062876136,85401,Rosen Inn at Pointe Orlando,Orlando,"We stayed here for 7 nights and it was a good base for exploring due to its location. Trolley bus stop right outside so easy to get around. Room was dated but clean. Towels and bins changed daily, and I bed change halfway through our stay. Staff were all friendly. Would stay again.",4,en,0.7779387831687927,positive,-1,Unknown,FAMILY,2026-06-03
1062877692,1149365,Kimpton Epic Hotel by IHG,Miami,"I had a serious accident in the shower during my stay due to what I believe is a safety hazard in the bathroom. After the incident, I sent multiple emails over the course of nearly two months trying to contact management. Not once did anyone respond, follow up, or even check on my well-being. (There’s a big step when you’re going in the shower) What is most disappointing is not only the lack of concern after a guest was injured, but the complete absence of communication. If you stay here, please be extremely careful in the shower area, as it may pose a safety risk. I expected at least a response or acknowledgment, but received nothing. Customer service and guest safety should be taken much more seriously.",1,en,0.8944275975227356,negative,0,hotel,FRIENDS,2026-06-03
1062943579,6727321,The Vagabond Hotel Miami,Miami,"Second stay and still delighted by the beauty of the room and the kindness of the staff; one feels very comfortable here, and the hotel's location allows for quick access to both Downtown and Miami Beach. I recommend it without hesitation.",5,en,0.9463820457458496,positive,0,hotel,SOLO,2026-06-04
1062947205,1149365,Kimpton Epic Hotel by IHG,Miami,Jean Baptiste was so kind and welcoming. He was a breath of fresh air in the morning.,5,en,0.9867361187934875,positive,2,jorge,FAMILY,2026-06-04
1062970135,288592,"Brickell Arch, A Luxury Collection Hotel, Miami",Miami,"My husband and I went to dinner at Mare resturant,such a lovely place with an elegant desing and great views.I woud like to thank you to Mr Leandro for being very friendly,extremely courteous and always ready to assist with a smile. Leandro is a real asset to the hotel.He represents Luxury Collection in the best possible way.",5,en,0.8738638162612915,positive,1,service,COUPLES,2026-06-04
1062976967,25222291,Holiday Inn Orlando International Dr-ICON by IHG,Orlando,"Jasmine at the front desk was amazing she helped me out greatly, she was very knowledgeable and super patient. Just because of her I would definitely stay again",3,en,0.9680620431900024,positive,-1,Unknown,COUPLES,2026-06-04
1062981812,217397,Homewood Suites by Hilton Miami-Airport/Blue Lagoon,Miami,Jorge was right on time in taking us to the airport. He leaves every hour on the hour. He is a safe driver who didn’t follow to close or speed which I appreciate and keeps water bottles for customers. Also the van can hold 13 people fyi.,5,en,0.9843736290931702,positive,2,jorge,FAMILY,2026-06-04
1063019988,2253238,Hampton Inn & Suites By Hilton Miami Brickell Downtown,Miami,It is our four time here. Everything is wonderful. This time I need to mention Mirella the bartender was exceptional. We have a great experience. Congratulations!!!,5,en,0.8720752000808716,positive,-1,Unknown,COUPLES,2026-06-05
1063033046,10673726,Hampton Inn & Suites Miami Wynwood Design District,Miami,During an unexpected visit to the UM Hospital my husband and I need to book a last minute hotel room. Brandon at the front desk was very accommodating. He was able to check us into a room and he called to verify if everything was okay. We would definitely recommend this hotel.,5,en,0.9665578007698059,positive,-1,Unknown,COUPLES,2026-06-05
1063100381,2253238,Hampton Inn & Suites By Hilton Miami Brickell Downtown,Miami,"My favorite hotel in all of Brickell. Excellent service and attention, especially from Carlos at Concierge.",5,en,0.9633329510688782,positive,0,hotel,BUSINESS,2026-06-05
1063139697,1149365,Kimpton Epic Hotel by IHG,Miami,Excellent attention and service from Mr. Ramón Chavez. He attends with ease. He is sincere with the service. It is evident that he values his work greatly.,5,en,0.9883400797843933,positive,2,jorge,FAMILY,2026-06-06
1063139963,25150899,The Elser Hotel Miami,Miami,Smooth check-in. Excellent service from Manuel!,5,en,0.9860630035400391,positive,1,service,FAMILY,2026-06-06
1063139995,25150899,The Elser Hotel Miami,Miami,"I gave The Elser a second chance and regretted it. I had experienced issues during a previous stay and originally told myself I would not return. However, I decided to give the hotel another opportunity. Unfortunately, the second experience was even more frustrating than the first. The problems began before I arrived. I experienced multiple booking issues and had to cancel and rebook my reservation. Before making the long drive to Miami, I specifically called to confirm that the room I wanted was available. After driving approximately nine hours, I called again about 15 minutes before arrival and was once again assured that the room was available. When I arrived, I was assigned a completely different room. The room I was shown did not meet expectations and had cleanliness and condition issues. At that point, I decided not to stay. What should have been a simple resolution turned into more than a week of follow-up regarding charges, billing questions, and conflicting explanations. The most disappointing part was the lack of transparency and communication. I spent days trying to obtain clear answers while also involving American Express. Different explanations were provided at different times, making a frustrating situation even worse. Mistakes happen in hospitality. Rooms can become unavailable and misunderstandings occur. What separates a great hotel from a poor one is how those situations are handled. Unfortunately, I found the communication, accountability, and guest service after the problem occurred to be far below expectations. There are many excellent hotels in Miami. Based on my experiences, I would encourage travelers to carefully consider their options before booking at The Elser.",1,en,0.4694414436817169,negative,0,hotel,FAMILY,2026-06-06
1063140012,25150899,The Elser Hotel Miami,Miami,"Yes. Very good. Yes, yes. Excellent service.",5,en,0.9738747477531433,positive,1,service,FAMILY,2026-06-06
1063140949,1149365,Kimpton Epic Hotel by IHG,Miami,"⭐⭐⭐⭐⭐ After a very disappointing experience at another hotel, I was honestly considering driving the nine hours back home and canceling my birthday trip altogether. Thankfully, Sophia and bellhop Idael at the Kimpton EPIC completely changed that. Because of what had happened at the previous property, I was hesitant to book another hotel without seeing the room first. Sophia took the time to listen to my concerns and graciously allowed me to view the room before booking. Idael personally escorted me to the room, answered my questions, and made me feel comfortable from the moment I arrived. After viewing the room, I briefly visited another nearby hotel to compare options. The experience there was cold and unwelcoming, which only made me appreciate the genuine kindness and professionalism I had received at the Kimpton EPIC even more. I immediately returned and booked my stay. What stood out most was that Sophia and Idael genuinely cared. This wasn't just another reservation to them. I was celebrating my birthday with my daughter, two military veterans, and our dog, and they understood how important this trip was. At a time when I was stressed, disappointed, and ready to give up on the entire trip, they made us feel welcomed, respected, and valued. They didn't just provide excellent customer service—they helped save my birthday celebration. Their kindness, patience, and willingness to go above and beyond turned what could have been a terrible experience into a wonderful memory. While my experience with the spa was disappointing, the hospitality provided by Sophia and Idael was exceptional. They are the reason I chose the Kimpton EPIC, and they are the reason I would absolutely return. Thank you, Sophia and Idael, for your outstanding service, compassion, and professionalism. You made all the difference, and Kimpton EPIC is fortunate to have you both.",5,en,0.4460671842098236,positive,0,hotel,FAMILY,2026-06-06
1063149067,25150899,The Elser Hotel Miami,Miami,Excellent Services!! Highly recommend this hotel. The room are great and the service is fast.,5,en,0.9776986837387085,positive,0,hotel,FAMILY,2026-06-06
1063182044,1149365,Kimpton Epic Hotel by IHG,Miami,"Always a pleasure to stay at the Kimpton Epic Hotel. Jhonathan is such a kind person. He assisted my husband and I with early check in, made sure we had water, and handle our bags with great care. We always looking forward to seeing him when we stay here.",5,en,0.9703669548034668,positive,0,hotel,COUPLES,2026-06-06
1063188699,217397,Homewood Suites by Hilton Miami-Airport/Blue Lagoon,Miami,Overnight stay to get to the airport after a cruise. Very hospitable even though we were a few hours early for check-in. We were just happy to be able to sit down. Super friendly. Pool was nice. Shuttle driver yuri was excellent.,5,en,0.9448307156562805,positive,0,hotel,FRIENDS,2026-06-06
1063205626,25222291,Holiday Inn Orlando International Dr-ICON by IHG,Orlando,It’s a excellent experience to help us check in,5,en,0.9939036965370178,positive,1,service,FAMILY,2026-06-06
1063215642,25150899,The Elser Hotel Miami,Miami,We had a wonderful stay. Everything was perfect! And also cori,5,en,0.9494125843048096,positive,1,service,FAMILY,2026-06-06
1063217890,25150899,The Elser Hotel Miami,Miami,"Great location, for a complimentary upgrade and Kori was great at the front desk, very helpful. Only downside if you have parties on different floors, you can't go to the rooms on different floors. But very safe",5,en,0.8675760626792908,positive,0,hotel,FAMILY,2026-06-06
1063223676,6727321,The Vagabond Hotel Miami,Miami,Raul at the front desk was unbelievably accommodating in the midst of an unfortunate rooming mixup. I was out of a room where I was supposed to be staying due to overbooking and He was able to notify me of a vacancy when his location had a last minute cancellation. He went above and beyond to help out. I highly recommend the vagabond!,5,en,0.9815883040428162,positive,2,jorge,SOLO,2026-06-06
1063228447,25150899,The Elser Hotel Miami,Miami,"I recently vacationed in Miami and stayed at The Elser and, unfortunately, my experience was overshadowed by a dispute regarding charges for minibar items that were never consumed. The prices of the items in the room were extraordinarily high, and we intentionally did not touch any of them. Despite this, charges appeared on my account. What was most frustrating was the lack of confidence this situation created in the hotel's internal processes and their staff's accountability. Dealing with unexpected charges and account discrepancies is not something any guest should have to worry about while on vacation, particularly at a property that positions itself as a premium hotel experience. For a property that presents itself as a premium hotel, I expected much better controls and customer service when addressing concerns of this nature. Instead, the experience left me feeling disappointed and questioning how such charges could occur after my checkout. While the location and facilities may appeal to some travelers, trust is an essential part of any hotel stay. Unfortunately, this experience has left me unable to recommend this property, and I would not choose to stay here again.",2,en,0.934794008731842,negative,0,hotel,FRIENDS,2026-06-06
1063243049,25150899,The Elser Hotel Miami,Miami,Manuel what a bell man amazing guy very friendly really made me feel at home,5,en,0.9881226420402527,positive,5,manuel,COUPLES,2026-06-06
1063259255,25150899,The Elser Hotel Miami,Miami,"Fabian was very helpful and professional, gave us great recommendations for activities nearby and made sure we got settled in comfortably.",5,en,0.9105215668678284,positive,2,jorge,COUPLES,2026-06-06
1063263315,25150899,The Elser Hotel Miami,Miami,"We had some issues with our room and the Manager, Andrew, and our bellboy, Fabian, were extremely helpful and made a difficult situation very smooth and pleasant. The rooms are very nice too with amazing views.",5,en,0.9168819189071655,positive,0,hotel,FAMILY,2026-06-07
1063269261,24889567,Arlo Wynwood,Miami,"Arlo Wynwood was the perfect location for our Miami visit—new, upscale design and amenities; beautiful room and bath with a fantastic shower in the heart in the heart of the arts district. Staff was available throughout the stay and seemed eager to assist as needed. We highly recommend this hotel.",5,en,0.9100448489189148,positive,-1,Unknown,COUPLES,2026-06-07
1063274206,25150899,The Elser Hotel Miami,Miami,This is the second time I come to the hotel I just love it,5,en,0.9244253039360046,positive,0,hotel,SOLO,2026-06-07
1063345369,25222291,Holiday Inn Orlando International Dr-ICON by IHG,Orlando,"Very pleasant, very well looked after by Shaun at the front desk.",5,en,0.9782819747924805,positive,4,shaun,COUPLES,2026-06-07
1063346670,87115,Sonesta Miami Airport,Miami,"The hotel is perfect, the staff was so helpful and make our stay the best.",5,en,0.9747303128242493,positive,0,hotel,BUSINESS,2026-06-07
1063346699,85031,Miami Marriott Biscayne Bay,Miami,My husband and son had a breakfast buffet and I had an à la cart item. We all enjoyed our food. Great food and service! Aurea was the best! So friendly and attentive. We thoroughly enjoy her! We will definitely be back. Hopefully tomorrow morning for breakfast again.,5,en,0.963891327381134,positive,1,service,FAMILY,2026-06-07
1063358704,25150899,The Elser Hotel Miami,Miami,"Extremely disappointing experience at what is marketed as a premium property. We booked a One Bedroom Bay View apartment specifically because it included a washer and dryer, as we had just disembarked from a cruise and needed to do laundry before boarding another cruise the following day. Shortly after checking in, we discovered the dryer was not working. What followed was over two hours of frustration. We repeatedly contacted Concierge, Guest Services and Reception and were repeatedly told that someone from Engineering would arrive within 15 minutes. No one ever did. After nearly two hours, a manager finally informed us that the hotel was already aware the dryer was broken and that we would need to change rooms. In other words, the hotel was aware of the issue before our arrival, knowingly checked us into a room with a defective amenity, failed to disclose it, and then wasted more than two hours of our stay giving us false assurances that someone was coming to fix it. To make matters worse, the assistant manager we dealt with had a dismissive attitude throughout the interaction. I later emailed a formal complaint regarding the experience and never received any response. To make matters worse, we had already unpacked and started laundry. We were eventually moved to a studio, a downgrade from the one bedroom apartment we had booked and paid for. No assistance was offered with the move, and by the time everything was resolved, around two and a half hours of our one-night stay had been lost. The cleanliness was also below expectations, with visible dirt around the laundry area and hair left in the bathroom. The issue was never the broken dryer. Things break. The issue was the lack of transparency, poor communication, wasted time and the complete failure to take ownership of the situation. Having travelled extensively and stayed in hotels around the world, this was one of the most poorly handled service recoveries I have experienced. Unfortunately, I would not stay here again.",1,en,0.9633826613426208,negative,0,hotel,COUPLES,2026-06-07
1063370734,1149365,Kimpton Epic Hotel by IHG,Miami,We had the best time! David was amazing with our luggage after checkout! Excited to come back!,5,en,0.9609366059303284,positive,-1,Unknown,FRIENDS,2026-06-07
1063373615,1149365,Kimpton Epic Hotel by IHG,Miami,"We came to thia hotel and we were greeted by Jhonathan. He has been a positive light during our entire stay (we stayed 2 overnights in May and then came back for 2 more over nights in June). He gave great recommendations to try different places in the area and made sure we got our needs met (grabbing waters, gett coffee after coffee hours, and explaining wine hour and such)! Even when we left the hotel, he was there to help with our bags till the very end. We will definitely come back because of him! Also some shout outs to Juan one of the servers at Area 31 and Victoria at the spa for massage and facial. The whole experience was relaxing, stress-free, and positive.",5,en,0.9803334474563599,positive,1,service,BUSINESS,2026-06-07
1063395381,25150899,The Elser Hotel Miami,Miami,Manuel was a good bell man. I checked in early and left late even when I wasn’t checked in they made sure I didn’t have to walk around with my bags and they were secure.,5,en,0.9831832051277161,positive,5,manuel,FRIENDS,2026-06-07
1063460091,85401,Rosen Inn at Pointe Orlando,Orlando,"First room had an odour like urine, there were sugar ants in the bed. The chair had a rip in it. On. Positive the reception staff were lovely and the area looked well equipped We were moved to an upper floor however there was tiny bugs in the bed and the toilet didn’t flush. Staff were great and thankfully we got a refund.",2,en,0.9479071497917175,positive,0,hotel,COUPLES,2026-06-08
1063479490,85031,Miami Marriott Biscayne Bay,Miami,Our server Aurea was fabulous,5,en,0.928975522518158,positive,1,service,FAMILY,2026-06-08
1063480407,6727321,The Vagabond Hotel Miami,Miami,"the staff was incredibly friendly and gracious, greeting us in the morning with coffee and hellos. the rooms were clan and rooms spacious with a very comfortable bed and pleasant art deco decor. the area offers a variety of food options in easy walking distance. reasonably priced and we will definitely stay there again.",5,en,0.7545023560523987,positive,0,hotel,FAMILY,2026-06-08
1063516449,1149365,Kimpton Epic Hotel by IHG,Miami,David went above and beyond with the baggage service.,5,en,0.9692633152008057,positive,6,david,FAMILY,2026-06-08
1063542524,25222291,Holiday Inn Orlando International Dr-ICON by IHG,Orlando,"Great location. Friendly staff room was great. Clean , comfy bed perfect Location Is great",5,en,0.9351440072059631,positive,0,hotel,BUSINESS,2026-06-09
1063543415,1149365,Kimpton Epic Hotel by IHG,Miami,"Hotel overbooked! We flew in from Europe to the U.S. and had a booking at EPIC in Miami. We had booked a room well in advance through the hotel’s website and received a confirmation, but when we arrived after a 10-hour flight, we were told that the hotel was overbooked and that we couldn’t get our room. After a long discussion, we finally got the room we had booked. I will never book a room at EPIC again. So dissapointed.",1,en,0.8954012989997864,negative,0,hotel,COUPLES,2026-06-09
1063557468,1149365,Kimpton Epic Hotel by IHG,Miami,"The Kimpton Epic Hotel in Miami Florida is the best hotel I have ever seen and ever stayed at and I have stayed twice. No hotel tops the Kimpton Epic! It always smells so amazing, and you're treated like royalty. The hotel is beautiful, the rooms and view are breathtaking, the food is delicious. You will never find a better hotel. I still remember the nice smell. And I want to give a special shout out to Sophia Manreque who worked with me and made sure I got the exact hotel room I needed for the view that I wanted, she is the sweetest ever and I want to give her a special thanks. I LOVE KIMPTON EPIC IN MIAMI FLORIDA! YOU WILL NEVER FIND A HOTEL BETTER THAN KIMPTON EPIC!",5,en,0.358394593000412,neutral,0,hotel,FAMILY,2026-06-09
1063558609,217397,Homewood Suites by Hilton Miami-Airport/Blue Lagoon,Miami,"Great shuttle service! Our flight was delayed am we barely called before the shuttle service closed but driver, Jorge, picked us up with a smile and was very helpful and friendly! Highly recommend!",5,en,0.9608922004699707,positive,2,jorge,FAMILY,2026-06-09
1063560062,25150899,The Elser Hotel Miami,Miami,"Good experience all around. Fabian was a great help, very good attitude, really made our stay better.",5,en,0.9836792349815369,positive,2,jorge,FRIENDS,2026-06-09
1063560328,25150899,The Elser Hotel Miami,Miami,fabian who helped us transport our luggage to our room was really cool and friendly! def a good introduction to this hotel.,5,en,0.9812109470367432,positive,2,jorge,COUPLES,2026-06-09
1063632095,25150899,The Elser Hotel Miami,Miami,"My experience here was absolutely wonderful. I want to give a special shoutout to Corami, who goes above and beyond. It is so rare to see someone take their work as seriously and professionally as she does, and it made a huge difference in my visit. Humanity honestly needs more people who are as passionate and dedicated to what they do as she is. Highly recommend!",5,en,0.9735894799232483,positive,1,service,FRIENDS,2026-06-09
1063635666,25222291,Holiday Inn Orlando International Dr-ICON by IHG,Orlando,Destiny helped us while checking in!! She was super fast and efficient and really helped us out. She made the check in process a breeze. :),5,en,0.9493933320045471,positive,3,jasmine,FAMILY,2026-06-09
1063643149,15089284,Hyde Midtown Miami,Miami,"We stayed at The Hyde for the Memorial weekend! It is very central close to the mix, South Beach, Brickell and Wynwood are all within 15 minutes by car. The receptionists Carol and George are very friendly and helpful! Check-in was seamless and we also asked for a late checkout. The hotel itself is surrounded by restaurants, breakfast spots and shops. Very convenient to walk to. The rooms were clean, however I wish toiletries like shower cap, cotton rounds etc were available as a complimentary option. But there’s a Target in the area to get those too. Atmosphere was amazing! Even though Midtown is pretty busy, we got to relax. Thank you again Hyde Midtown for having us!",4,en,0.5610283613204956,positive,0,hotel,COUPLES,2026-06-09
1063643669,2253238,Hampton Inn & Suites By Hilton Miami Brickell Downtown,Miami,"Room and bathroom spacious and comfortable. The hotel has a swimming pool, a jacuzzi and a gym. Breakfast is good, but it can improve. In the last two days of the stay no more offered various fruits (only apple or banana) and salty breads (only bagel and form bread). They were kindly flexible regarding check-in and check-out times. Anne from the reception was very attentive. The location is good, with access to shopping and restaurants in the vicinity.",5,en,0.6181029081344604,positive,-1,Unknown,COUPLES,2026-06-09
1063646112,2253238,Hampton Inn & Suites By Hilton Miami Brickell Downtown,Miami,"Spacious and comfortable room and bathroom with fridge, microwave, coffee maker and hairdryer. One problem was the room door that ""grabbed"" and required a lot of strength to open and close. The hotel has a swimming pool, a jacuzzi and a gym. Breakfast is good, but it can improve. In the last two days of the stay no more offered various fruits (only apple or banana) and salty breads (only bagel and form bread). They were kindly flexible regarding check-in and check-out times. Anne from the reception was very attentive.",5,en,0.5972564816474915,positive,0,hotel,COUPLES,2026-06-09
1063687005,25150899,The Elser Hotel Miami,Miami,"The hotel is very modern and clean, the location is very central. The staff is professional, very friendly and helpful!",5,en,0.9721031785011292,positive,0,hotel,BUSINESS,2026-06-10
1063808809,288592,"Brickell Arch, A Luxury Collection Hotel, Miami",Miami,"Everything was perfect,great quiet location on the luxury neighborhood,beautiful decoration, splendid views of Biscayne Bay,a very calm and relaxing atmosphere, plus and elegant, attractive, with strong empathy and chivalrous Italian Manager named Leandro.A wine list featuring a curated selection to suit every taste, as well as a menu that while not extensive includes dishes that go beyond just Mediterranean Cuisine. What else could you ask for ?",5,en,0.9853946566581726,positive,1,service,BUSINESS,2026-06-11
1063905957,217397,Homewood Suites by Hilton Miami-Airport/Blue Lagoon,Miami,Jorge was the best part! First impressions are everything!!!,5,en,0.9864470362663269,positive,2,jorge,FAMILY,2026-06-11
1064042178,10673726,Hampton Inn & Suites Miami Wynwood Design District,Miami,Rooms were nice. Good breakfast. Lobby furniture was worn and needs replacing.,4,en,0.8206557035446167,positive,0,hotel,FRIENDS,2026-06-12
1064066025,25150899,The Elser Hotel Miami,Miami,"I stayed at The Elser Miami to celebrate my birthday and unfortunately my experience fell far below expectations, especially considering the cost of the stay and the reputation of the property. Upon arrival, my room was not properly prepared. The microwave was dirty, the TV remote did not work, and I had to contact staff for assistance. Throughout my stay, housekeeping services were inconsistent. I made multiple requests for housekeeping and replenishment of items, but service was delayed and appeared rushed when it was finally completed. I also found expired items among the snacks and beverages provided in the room, which was concerning from both a quality control and guest safety standpoint. The most frustrating issue involved billing. After checkout, I noticed charges that I did not recognize and had to contact the hotel myself for an explanation. I was initially charged for minibar items that I did not consume. Although the charge was eventually removed, I was never provided with proof of what items I was supposedly accused of taking. As a guest, I should not have to dispute charges that were incorrectly applied in the first place. There was also significant confusion regarding credits, refunds, and charges. I was told one amount would be credited to my account, but later received different information from management. Even after multiple emails, I still do not feel that my questions regarding the charges and credits have been fully addressed. The worst part of my stay occurred on checkout day. The elevators were not functioning properly, creating major delays for guests trying to leave the property. My boyfriend and I were forced to carry our luggage down numerous flights of stairs in order to leave for the airport. Because of these delays, two Uber drivers canceled on us, and we were left scrambling to avoid missing our flight. What was most disappointing was the lack of assistance and concern shown to guests. A simple apology was offered, but no meaningful effort was made to address the inconvenience. When I later contacted management with a detailed explanation of the issues I experienced—including the room condition, housekeeping concerns, billing discrepancies, minibar accusations, elevator outage, transportation delays, and physical strain caused by carrying luggage down multiple floors—I received a response that addressed only a small portion of my concerns while ignoring many of the others. The hotel itself is beautiful and the location is convenient, but guest service, communication, billing transparency, and problem resolution need significant improvement. Based on my experience, I would not choose to stay here again, nor would I recommend it to others expecting a luxury hotel experience.",1,en,0.6274318099021912,negative,0,hotel,COUPLES,2026-06-13
1064104797,217397,Homewood Suites by Hilton Miami-Airport/Blue Lagoon,Miami,Jorge was very nice very accommodating and very good at communicating.,5,en,0.9704067707061768,positive,2,jorge,FAMILY,2026-06-13
1064127186,2253238,Hampton Inn & Suites By Hilton Miami Brickell Downtown,Miami,Clean room…wonderful service,5,en,0.9800207614898682,positive,0,hotel,COUPLES,2026-06-13
1064127866,217397,Homewood Suites by Hilton Miami-Airport/Blue Lagoon,Miami,"Jason, Nour, Keilly were amazing!! Phenomenal service from each of them. Top notch service and made us feel at home from the minute we walked in the door to the minute we left. If they are not already management make them ASAP!!!",5,en,0.9778101444244385,positive,-1,Unknown,FAMILY,2026-06-13
1064132003,12451425,Universal Aventura Hotel,Orlando,"Nice environment, clean rooms, the hotel’s design makes the pool area feel like you’re in a wind tunnel. A few food options on site. We tried the pizza, which was not bad, but it was a bit greasy. Starbucks is on-site as well.",4,en,0.951568603515625,positive,-1,Unknown,FAMILY,2026-06-13
1064148641,217397,Homewood Suites by Hilton Miami-Airport/Blue Lagoon,Miami,Jorge was very friendly and got us to our destination safely.,5,en,0.9212564826011658,positive,2,jorge,FAMILY,2026-06-13
1064185499,217395,Mayfair House Hotel & Garden,Miami,"This restaurant was great! The pork and shrimp dishes were fantastic. Our waitress Dani was the best! Really knowledgeable, friendly and attentive! 10/10",5,en,0.8905089497566223,positive,1,service,COUPLES,2026-06-14
1064190972,25222291,Holiday Inn Orlando International Dr-ICON by IHG,Orlando,"Amazing hotel in good location!! Rooms are huge with baths! Every single staff member was lovely and knew us by name. Loads restaurants close by and loads of bars! Avi is amazing and helped us right out, perfect member of staff! Will defo be back. Thanks guys",5,en,0.9511362314224243,positive,-1,Unknown,FAMILY,2026-06-14
1064232753,217397,Homewood Suites by Hilton Miami-Airport/Blue Lagoon,Miami,"Jorge was very professional and courteous, and on time got me to my flight And timely my overall experience with it was excellent",5,en,0.983253538608551,positive,2,jorge,SOLO,2026-06-14
1064278944,217397,Homewood Suites by Hilton Miami-Airport/Blue Lagoon,Miami,"Our shuttle driver, Jorge, was great. The hotel comfortable and conveniently located. We will be back!",5,en,0.914767861366272,positive,2,jorge,FRIENDS,2026-06-14
1064297614,1149365,Kimpton Epic Hotel by IHG,Miami,David provided exceptional service and he was very helpful throughout our whole stay!!,5,en,0.9863816499710083,positive,6,david,FRIENDS,2026-06-14
1064308201,25150899,The Elser Hotel Miami,Miami,Amazing. Also thanks to Fabian for bag assistance.,5,en,0.9585350751876831,positive,2,jorge,SOLO,2026-06-14
1064423608,25222291,Holiday Inn Orlando International Dr-ICON by IHG,Orlando,Great lobby and super friendly staff. Love how the big hotel feels small with all the nice meeting areas around the building. Near tons of restaurants and the ferris wheel.,5,en,0.9535052180290222,positive,-1,Unknown,FAMILY,2026-06-15
1064433886,1149365,Kimpton Epic Hotel by IHG,Miami,"Stars given for this review are based on the hotel being beautiful & specifically due to Hernan from Valet being so nice and personable. He was so helpful from the second we stepped onto the property. From helping with our bags, assisting with ice, and offering help with anything else to make sure we were comfortable for our stay. Such a great help and really appreciated his kindness.",5,en,0.9951286911964417,positive,-1,Unknown,FRIENDS,2026-06-15
1064545674,85401,Rosen Inn at Pointe Orlando,Orlando,"Stayed twice for three nights in Rosen Pointe, always start and end in my favourite hotel. Tried to get more or less the same room twice, unsuccessful but honestly, I didn’t care. We were met with the usual very friendly and accommodating reception staff. Our room as usual, was immaculate and all amenities were available for a comfortable stay. We travel around and had a bad experience at one hotel, we couldn’t wait to return to the Rosen Pointe where you are guaranteed a clean, comfortable room. Laundry onsite, parking onsite, everything you want is available and location is fantastic. All the staff are friendly , professional and go the extra mile to ensure you have a pleasant stay. See you all in September.",5,en,0.7298012375831604,positive,-1,Unknown,COUPLES,2026-06-16
1064562869,1149365,Kimpton Epic Hotel by IHG,Miami,"Excellent service, very kind Jonathan.",5,en,0.9600903391838074,positive,1,service,COUPLES,2026-06-16
1064571979,217397,Homewood Suites by Hilton Miami-Airport/Blue Lagoon,Miami,"Jorge our shuttle driver was great, got us from hotel to airport safe and sound and very quickly!!! Very nice & kind driver",5,en,0.9694289565086365,positive,2,jorge,FRIENDS,2026-06-16
1064572074,217397,Homewood Suites by Hilton Miami-Airport/Blue Lagoon,Miami,great! Free breakfast and shuttles! All staff members were great. Shuttle driver (Jorge) was great and offered us ice cold water!! He was right on time and carried all of our luggage!,5,en,0.9617488980293274,positive,2,jorge,FRIENDS,2026-06-16
1064577656,217397,Homewood Suites by Hilton Miami-Airport/Blue Lagoon,Miami,"The trip was amazing. The room was very clean, tidy, and the staff were very nice! Breakfast was included and was delicious! A shuttle to the airport was also free! Jorge, our shuttle driver, was also very kind and efficient. I would recommend a visit, and I plan on staying again in the future!",5,en,0.9425000548362732,positive,-1,Unknown,COUPLES,2026-06-16
1064590468,2253238,Hampton Inn & Suites By Hilton Miami Brickell Downtown,Miami,"One of the nicest Hampton Inns we have stayed in. Nataly, Christina and Grace are an extremely attentive and responsive event staff. When traveling for work it's a treat to know you are fully supported by the hotel staff in making your event a success. Would definitely book again!",5,en,0.9553180932998657,positive,0,hotel,BUSINESS,2026-06-16
1064701280,217397,Homewood Suites by Hilton Miami-Airport/Blue Lagoon,Miami,JORGE WAS EXTREMELY HELPFUL AND EVEN PROVIDED US WITH A COLD BOTTLE OF WATER AT NO CHARGE…Jorge was also earlier than the hotel told us he would be…,5,en,0.9416903257369995,positive,2,jorge,FAMILY,2026-06-17
1064718927,25150899,The Elser Hotel Miami,Miami,Manuel was awesome!!! The room was amazing.,5,en,0.9395394921302795,positive,5,manuel,FRIENDS,2026-06-17
1064843796,25150899,The Elser Hotel Miami,Miami,Manuel G was very helpful and directed us to parking and very helpful when we arrived!!!,5,en,0.9852574467658997,positive,5,manuel,FAMILY,2026-06-18
1064939889,217397,Homewood Suites by Hilton Miami-Airport/Blue Lagoon,Miami,Homewood Suites Miami Airport/Blue Lagoon Jeff the security night personal was very friendly and understanding. Great Guy,5,en,0.977478563785553,positive,-1,Unknown,FAMILY,2026-06-19
1064946768,85031,Miami Marriott Biscayne Bay,Miami,"We when to the M Club and we have a wonderful time. The host Carolina Pose was very helpful and always taking care of our needs with charm, kindness and respect. The supervisor Michael Nocie was there too looking for everything to be available and organize. They are a great team.",5,en,0.9658008813858032,positive,-1,Unknown,FRIENDS,2026-06-19
1064948675,6727321,The Vagabond Hotel Miami,Miami,"the cutest kitschy hotel i've ever seen! i loved it! my room was clean, quiet and bed was comfy. the shower was big enough for two people! the pool area was lush and pretty and there is a mermaid mosaic at the bottom of it! super cute! the front office staff was polite and helped me find local dining. i'd definitely come back!",5,en,0.9468001127243042,positive,0,hotel,SOLO,2026-06-19
1064952135,288592,"Brickell Arch, A Luxury Collection Hotel, Miami",Miami,"Mare restaurant is very luxurious and spacious, the lamps on each of the tables add a special touch that creates an even more inviting atmosphere. Leandro ( Manager) and Estefany ( Hostess) made our stay absolutely wonderful from start to finish, our dinner was not just good, but memorable, they went above and beyond to made sure everything was smooth and confortable and their positive attitude made a big difference. It’s rare to find such a great combination of efficiency and personal touch, they truly made us feel valued and well taken care of.",5,en,0.9829360246658325,positive,1,service,FRIENDS,2026-06-19
1064953924,217395,Mayfair House Hotel & Garden,Miami,"Wonderful greeting, great room and amenities",5,en,0.9633373618125916,positive,-1,Unknown,FAMILY,2026-06-19
1065037699,25222291,Holiday Inn Orlando International Dr-ICON by IHG,Orlando,"Great location near ICON Park and not far from Orange County Convention Center. Big rooms, swimming pool available. Good breakfast, kind Staff. Kate was very helpful and also an interesting small talk interlocutor.",5,en,0.8698669075965881,positive,0,hotel,BUSINESS,2026-06-20
1065097859,25150899,The Elser Hotel Miami,Miami,Fabian was very helpful and nice,5,en,0.9446102380752563,positive,2,jorge,COUPLES,2026-06-20
1065100547,25150899,The Elser Hotel Miami,Miami,"Fabian was great, he was efficient and helpful and very positive, brilliant start to my holiday already.",5,en,0.9909680485725403,positive,2,jorge,FRIENDS,2026-06-20
1065127988,2253238,Hampton Inn & Suites By Hilton Miami Brickell Downtown,Miami,"We stayed here for one week and had a great experience. The staff were friendly and always responsive, making us feel welcome throughout our stay. The rooms and common areas were consistently clean, and the housekeeping was reliable. Breakfast each morning was excellent with a good variety and fresh options. A special thanks to Carlos and the manager for being really helpful and making our stay even better. Overall, a comfortable and enjoyable stay that we would happily recommend.",5,en,0.9265561699867249,positive,-1,Unknown,FAMILY,2026-06-21
1065208186,2253238,Hampton Inn & Suites By Hilton Miami Brickell Downtown,Miami,Location was perfect for business trip. Angelica and Sulie made my stay comfortable and clean. Front desk staff were prompt in providing help too. Fitness center was great! Loved the World Cup experience too. Recommend fully!,5,en,0.9579928517341614,positive,0,hotel,BUSINESS,2026-06-21
1065217851,217397,Homewood Suites by Hilton Miami-Airport/Blue Lagoon,Miami,Yuri was friendly and most importantly promptly on time for both pickups! We really enjoyed our shuttle service from Homewood Suites Miami Blue Lagoon. Gorris Family,5,en,0.9156852960586548,positive,2,jorge,FAMILY,2026-06-21
1065219282,25222291,Holiday Inn Orlando International Dr-ICON by IHG,Orlando,Shaun was very friendly and helpful!,5,en,0.9763120412826538,positive,4,shaun,COUPLES,2026-06-21
1065278151,12451425,Universal Aventura Hotel,Orlando,"I would describe Adventura hotel as a very mid level hotel that is lacking in very key areas you would expect from a Universal resort property. Don’t let the “sleek and modern design” fool you, this is a very mid tier hotel. First, the amenities are very sub par. The quality of the food served at the Urban Pantry is essential cafeteria food charged at resort level prices. Think $15.99 for powdered eggs and cardboard toast. The only quality food they offer is the fresh oven pizza which is very good. The cleaning service is also very porous. They only clean rooms once every two nights and if you leave a single personal item on your bed they will disregard it entirely. The front desk will not inform you of this. In a five night stay I did not get my room completely cleaned one time. The pool is very drab and not impressive whatsoever. You’re better off paying more to stay somewhere else. Considering most people vacationing to Universal expect a resort level experience you will not get that here so be warned: yes the location is convenient and yes the price is reasonable, but keep in mind you get what you pay for and you will be disappointed by Adventura if you choose to stay here.",2,en,0.6683288216590881,negative,0,hotel,COUPLES,2026-06-22
1065346806,25222291,Holiday Inn Orlando International Dr-ICON by IHG,Orlando,"Great hotel, staff were really attentive and helpful, especially Destiny at the front desk.",5,en,0.9565538763999939,positive,1,service,COUPLES,2026-06-22
1065374160,85401,Rosen Inn at Pointe Orlando,Orlando,"Unfortunately we had a disappointing experience at Rosen Inn - would not choose to stay here again. The hotel was ok as a base for visiting the parks but the cleanliness standards were not what we expected… The room and hotel areas felt quite dirty, and we also had issues with noise from dogs barking and whining throughout the day, which made it difficult to relax after long days out. The biggest disappointment was having a personal item taken from our room during housekeeping (taken whilst we were out). I reported it immediately and completed a lost & found form, but despite chasing this several times during our stay, I received no updates or resolution. After returning home, I contacted Guest Services twice to request reimbursement for the item and received an acknowledgement stating someone would respond within 48 hours. Three weeks later, I still have had no response… It’s disappointing because the issue itself was small, but the lack of communication, ownership and customer service made the situation much worse! Another issue during our stay was the constant pressure from Wyndham services staff. We were approached repeatedly every day when trying to book a park shuttle, despite making it clear we were not interested. I would not recommend this hotel if you are looking for a clean, modern or comfortable place to relax after busy days. I stayed here 7 years ago too and unfortunately very little appears to have changed, the hotel feels dated and in need of updating. If you are only looking for a basic place to sleep and store your bags while spending most of your time at the parks, then it may be suitable, but I would not choose to stay here again based on the cleanliness, outdated condition and the poor handling of issues during our stay.",2,en,0.39368465542793274,negative,0,hotel,COUPLES,2026-06-22
1065385761,12451425,Universal Aventura Hotel,Orlando,"This is a nice hotel but it’s not a 10 out of 10 in my opinion. The rooms are small, ours had a considerable amount of dust in some areas, no convenient place to store luggage, the towels are scratchy, the a/c unit is loud (we had to turn it off to sleep), the beds are very firm while the pillows and blankets are thin. Our beds didn’t have fitted sheets. For privacy, we kept the curtains drawn at night. It can be a five minute wait for the elevators and the staircases are equipped with a fire alarm if you open the door — so you’re forced to wait for the elevator. And don’t be surprised if it’s too full or you have to stop at every floor on the way down. I agree with other reviews that the hotel staff are pleasant and helpful, the hallways were clean and never smelled bad, the location is convenient, Bar 17 has the best view of all the hotels, the pool was big and warm, the Starbucks was fast even when there was a line and the food at Urban Pantry was relatively decent — although the scrambled eggs weren’t really scrambled, more of a toddler’s attempt at making an omelette.",4,en,0.9179799556732178,positive,0,hotel,FAMILY,2026-06-23
1065495702,25222291,Holiday Inn Orlando International Dr-ICON by IHG,Orlando,Our experience at the holiday inn Orlando International dr-Icon was amazing! The staff are very friendly. Rooms are super clean and provided with fresh linens and coffee daily.,5,en,0.8422254920005798,positive,0,hotel,FAMILY,2026-06-24
1065497093,85029,Intercontinental Miami By IHG,Miami,Beautiful hotel in the heart of the FIFA 26 celebration in Miami.,5,en,0.9181461334228516,positive,-1,Unknown,COUPLES,2026-06-24
1065498157,25222291,Holiday Inn Orlando International Dr-ICON by IHG,Orlando,The front desk staff were very friendly at check-in and even took my number to let me know when our room would be ready.,5,en,0.9112846851348877,positive,1,service,BUSINESS,2026-06-24
1065518645,85031,Miami Marriott Biscayne Bay,Miami,"A beautiful experience. The room are comfortable with amazing views of Miami. The absolute best part of the trip was the staff, especially at the Gold Coast Kitchen. Aurea is professional, attentive, and made our entire family feel joy with her humor. The hotel management is doing an excellent job. Please recognize Aurea. My post is late, but her professionalism and warmth are not forgotten! Thank you for your exceptional care.",5,en,0.9369290471076965,positive,-1,Unknown,FAMILY,2026-06-24
1065531763,85029,Intercontinental Miami By IHG,Miami,"Good service, the whole environment is beautifully welcoming, especially Jacqueline Flores, very attentive, affectionate, and super special.",5,en,0.9810429811477661,positive,1,service,FAMILY,2026-06-24
1065535946,85029,Intercontinental Miami By IHG,Miami,"The Club Lounge at the InterContinental Miami is one of the standout parts of the hotel experience. The space itself offers fantastic views over Biscayne Bay, a calm and comfortable atmosphere, and an excellent food and drinks selection throughout the day. What really makes it exceptional, though, is the service. It is truly spectacular — warm, attentive, and highly professional. The team strikes the perfect balance of being present when you need them while giving you space to relax. They remember the small details, make every interaction feel personal, and elevate the lounge from a simple hotel perk into a genuine highlight of the stay. Special thanks to our server Jacqueline Flores!",5,en,0.7700347304344177,positive,-1,Unknown,FAMILY,2026-06-24
1065542275,85401,Rosen Inn at Pointe Orlando,Orlando,"I previously stayed at this hotel in 2022 and had a very positive experience. The rooms were clean, fresh, the location was excellent, and the overall standards were good. Unfortunately, my recent stay was a huge disappointment. I am disabled, so having a clean, safe, and well-maintained room is particularly important i did make them aware. Sadly, the room was filthy, the carpets were heavily stained and sticky, there was an unpleasant smell throughout, the bathroom shower would not drain properly, the internet did not work for me, and the room door kept sticking. I also left with what appeared to be insect bites after my stay. When I went to reception for assistance with the internet and to ask a few other questions, communication was extremely difficult. I was told by the receptionist her English was limited as she was PuertoRican, and I was given a telephone number to call instead, but there was no answer. Before leaving, I reported all of these issues to the hotel manager. I received no sincere apology, no offer to investigate or resolve the problems, and no goodwill gesture despite the condition of the room and the impact the stay had on me. I left feeling that my concerns were dismissed. I was also told I was given a room which had a view of International Drive, but that was not teue, for me to see International Drive I would have to come out of the Room, stand on a side angle and try to look through the trees. It is such a shame to see how much this hotel has declined since my previous visit. Based on my recent experience, I cannot recommend staying here. The cleanliness, maintenance, and customer service fell far below the standard I expected.",1,en,0.4215853214263916,negative,0,hotel,FAMILY,2026-06-24
1065596906,217397,Homewood Suites by Hilton Miami-Airport/Blue Lagoon,Miami,"Jorge is always very kind, professional and has a warm spirit. We stay at this hotel anytime we have an overnight layover at the airport.",5,en,0.9595596194267273,positive,2,jorge,FAMILY,2026-06-24
1065622202,85029,Intercontinental Miami By IHG,Miami,"Alberto Ferrer was amazing, a very kind person highly recommended.",5,en,0.9888916611671448,positive,-1,Unknown,SOLO,2026-06-27
1065627297,85029,Intercontinental Miami By IHG,Miami,Great location to cruise port and Miami Beach by short Ubers. Staff is awesome. Rooms are very clean. Beautiful views.,5,en,0.9308411478996277,positive,0,hotel,FAMILY,2026-06-27
1065629680,120210,The Florida Hotel & Conference Center,Orlando,"Beautiful hotel and accommodations. Connected to Mall, so shopping experience easy with all inside. Hotel restaurant was fantastic!",5,en,0.9658504724502563,positive,-1,Unknown,BUSINESS,2026-06-24
1065630371,120210,The Florida Hotel & Conference Center,Orlando,"The Florida Hotel is a complete 5-star experience and well worth the cost. The employees are polite, professional, and helpful beyond measure. This was my second year attending a conference at The Florida Hotel and they exceeded my expectations once again. The ENTIRE hotel is clean and smells AH-MAZING!!! The atmosphere is warm and inviting for people of all ages and demographics. I HIGHLY recommend The Florida Hotel whether you are visiting for a vacation, a conference, or a couple's getaway. You will NOT be disappointed.",5,en,0.9470183849334717,positive,-1,Unknown,BUSINESS,2026-06-24
1065631506,25222291,Holiday Inn Orlando International Dr-ICON by IHG,Orlando,Everything amazing and the breakfast has been the best of the hotels I stayed before.,5,en,0.9628623723983765,positive,-1,Unknown,FAMILY,2026-06-24
1065631798,25222291,Holiday Inn Orlando International Dr-ICON by IHG,Orlando,Shawn was wonderful. Stayed here many times. Wonderful hotel.,5,en,0.9435698986053467,positive,4,shaun,BUSINESS,2026-06-24
1065637397,85029,Intercontinental Miami By IHG,Miami,This was an amazing family trip. The associates were a delight to speak to. Everyone was eager to help you and offer assistance when approached. Our room was super and clean. Everything was well thought off ahead of time and the amenities were top notch. Our club experience was amazing. The team there remember you and welcome you every time you stop by. A special thank you to the Chief Concierge Rosello for always being hospitable and giving the best tips especially with FIFA World Cup going on and for ensuring our stay is going as expected. A big thank you to Mauricio for his help. Thank you and see you soon.,5,en,0.9534571766853333,positive,1,service,FAMILY,2026-06-24
1065648316,85029,Intercontinental Miami By IHG,Miami,Jacqueline did an excellent job with top tier service and her friendly and kind demeanor. This was my friend and I’s first time enjoying the club lounge and experiencing our stay at the intercontinental. We appreciate her diligence and speaking with her and will be back!,5,en,0.9695895314216614,positive,1,service,FRIENDS,2026-06-24
1065667769,120210,The Florida Hotel & Conference Center,Orlando,This hotel is one of the greatest location in Orlando.,5,en,0.9853289127349854,positive,0,hotel,BUSINESS,2026-06-25
1065675721,1308392,Signia By Hilton Orlando - An Official Walt Disney WorldR Hotel,Orlando,"My experience with Christine was very memorable, she brought laughs and love to the table. Loved hanging out at the zeta and celebrating my birthday!",5,en,0.9887998104095459,positive,-1,Unknown,FRIENDS,2026-06-25
1065732367,1308392,Signia By Hilton Orlando - An Official Walt Disney WorldR Hotel,Orlando,All the staff were so professional and kind. They were supportive yet not intrusive.,5,en,0.8604909777641296,positive,1,service,BUSINESS,2026-06-25
1065752481,85031,Miami Marriott Biscayne Bay,Miami,"Excellent service, staff is polite, friendly and professional, Kudos to Aurea for her excellent service in the dinning room.",5,en,0.9826659560203552,positive,1,service,FAMILY,2026-06-26
1065777769,85029,Intercontinental Miami By IHG,Miami,Excellent and friendly service provided by Jacqueline and Sorayda. Great food options and drinks. Thank you very much!,5,en,0.9340735077857971,positive,1,service,COUPLES,2026-06-28
1065803097,85029,Intercontinental Miami By IHG,Miami,"Our stay at the InterContinental Miami was unforgettable, thanks to Concierge Rhiannon Aguilar. We traveled to Miami for our intimate wedding during the FIFA festivities, and she went above and beyond in every way. She upgraded us to a beautiful suite, officiated our ceremony, created my bridal bouquet, connected us with a wonderful photographer, and made us feel like family from the moment we arrived. Her kindness, creativity, and genuine care turned what could have been a stressful experience into one of the most meaningful days of our lives. Rhiannon is the definition of exceptional hospitality, and the InterContinental is fortunate to have her. We will never forget her.",5,en,0.8884401321411133,positive,-1,Unknown,FAMILY,2026-06-26
1065805424,1308392,Signia By Hilton Orlando - An Official Walt Disney WorldR Hotel,Orlando,"We've been coming to this resort for the past nine years, and one tradition we always look forward to is having multiple dinners at Myth Bar at the Signia by Hilton. The food is consistently excellent, and the service is outstanding. Maria is truly amazing—she always remembers us year after year and makes every visit feel special. She's attentive, friendly, and one of the main reasons we keep coming back. We always look forward to seeing her and highly recommend dining here!",5,en,0.9539965391159058,positive,1,service,FAMILY,2026-06-26
1065811619,1308392,Signia By Hilton Orlando - An Official Walt Disney WorldR Hotel,Orlando,"enjoyed our trip, the BEST part was watching the USMNT play against Turkey on the deck at the Myth Bar. Maria took INCREDIBLE care of us - I would return again for sure.",5,en,0.9321866631507874,positive,1,service,BUSINESS,2026-06-26
1065865552,217397,Homewood Suites by Hilton Miami-Airport/Blue Lagoon,Miami,"The hotel was very nice. The bed is comfortable! Short distance walk to some stores but the best part was the shuttle driver, Jorge. He was very pleasant and on time! Thank you so much Jorge!",5,en,0.9671356678009033,positive,-1,Unknown,FAMILY,2026-06-26
1065867312,2253238,Hampton Inn & Suites By Hilton Miami Brickell Downtown,Miami,"What a beautiful Hampton! We were pleasantly surprised as we just randomly booked this hotel to be near the port for our next day cruise. It was $40 by taxi from the airport. The hotel has a shuttle for $12 pp to the port-thats a wonderful perk! The hotel staff was welcoming especially Sherice! She was personable and professional! The bar food and drinks were perfect especially the service by Mirella. She did nice wine pours and checked on us to make sure our food was great, parm fries and empanadas! The room was comfy and the breakfast was very good. I would recommend this Hampton Miami Brickell.",5,en,0.8988737463951111,positive,0,hotel,FRIENDS,2026-06-26
1065871097,217397,Homewood Suites by Hilton Miami-Airport/Blue Lagoon,Miami,"Jorge airport driver right on time and got us to the airport when we needed to be, Fiendly and efficient —took care of bags without asking! Homewood Suites and Jorge —thank you!!",5,en,0.9725636839866638,positive,2,jorge,COUPLES,2026-06-26
1065873043,217397,Homewood Suites by Hilton Miami-Airport/Blue Lagoon,Miami,Jorge was a great shuttle service. Very polite and good driver.,5,en,0.9739919304847717,positive,2,jorge,FAMILY,2026-06-26
1065873302,217397,Homewood Suites by Hilton Miami-Airport/Blue Lagoon,Miami,Jorge was friendly and helpful. It’s our first time in Miami. Thanks Jorge for starting our vacation off right.,5,en,0.9483029842376709,positive,2,jorge,FAMILY,2026-06-26
1065882592,217397,Homewood Suites by Hilton Miami-Airport/Blue Lagoon,Miami,"It was a wonderful experience, everything was very clean, the workers were very friendly, very cordial. Recommended. I will definitely return.",5,en,0.9794420599937439,positive,0,hotel,SOLO,2026-06-26
1065887867,217397,Homewood Suites by Hilton Miami-Airport/Blue Lagoon,Miami,Jorge picked us up at the airport and helped load the luggage. He proceeded to take us to the hotel without any problem. Keep up the great work.,5,en,0.9354844689369202,positive,2,jorge,FAMILY,2026-06-26
1065893481,25222291,Holiday Inn Orlando International Dr-ICON by IHG,Orlando,Araya made my check in super easy and fast!,5,en,0.9220499992370605,positive,3,jasmine,FAMILY,2026-06-26
1065920606,85029,Intercontinental Miami By IHG,Miami,"Jaqcqueline was absolutely wonderful great energy, she was the most positive and absolutely made our whole group want to come back.",5,en,0.9933928847312927,positive,1,service,FRIENDS,2026-06-27
1065926766,288592,"Brickell Arch, A Luxury Collection Hotel, Miami",Miami,"7:04 Add Leandro and •ll 5G: 84 epastia = I want to sincerely thank everyone at the restaurant for your outstanding hospitality and exceptional service. This was my second time visiting, and once again, you exceeded all expectations. A special thank you to Leandro and Sebastian for your incredible hospitality and attention to detail. I was invited by a friend to watch and celebrate the World Cup, and with Miami being so busy and hectic, I know it wasn't an easy day. Despite how incredibly crowded the restaurant was, you and your entire team went above and beyond to make sure we were comfortable, well taken care of, and truly enjoyed our experience. Your kindness, professionalism, and genuine care did not go unnoticed. Thank you, Leandro, Sebastian, and the entire staff for working so hard and making our visit such a memorable one. We truly appreciate everything you did and can't wait to come back. Well done!",5,en,0.7890658378601074,positive,1,service,FRIENDS,2026-06-27
1065928443,25150899,The Elser Hotel Miami,Miami,The wait time at the front desk was ridiculous. Then I was told they had an influx of check-ins. They knew they were coming and were still unprepared. One of the front desk employees was a girl in training and there was no supervisor or trainer to help her with a line of people waiting. I ended up checking in twice. Signed the same paperwork twice and finally got our room key. Oh and they told us we were getting a free upgrade to a 3 bedroom but it was not the bay view we paid for. For the price of their rooms I would expect exceptional service. Nothing impressive about anything in this hotel except the location.,1,en,0.5900875926017761,negative,-1,Unknown,FAMILY,2026-06-27
1065930043,1308392,Signia By Hilton Orlando - An Official Walt Disney WorldR Hotel,Orlando,erica c was so amazing ! couldn’t ask for better service ! and the food was amazing !,5,en,0.9741785526275635,positive,3,jasmine,FAMILY,2026-06-27
1065933478,25222291,Holiday Inn Orlando International Dr-ICON by IHG,Orlando,"My recent stay at this Holiday Inn (June 23 – June 27) was a wonderful experience from start to finish. We were in town for a volleyball tournament and booked multiple rooms, and we were thoroughly impressed with the accommodations. The rooms were very nice, clean, and offered great value for the price. ​The location is incredibly convenient, situated just off International Drive with easy access to a wide variety of restaurants and attractions. It made our trip much smoother having so many dining options within walking distance or a very short drive. ​Beyond the facilities, I was consistently impressed by the level of service and the genuine friendliness of the entire staff. I interacted with the folks at the front desk a couple of times, and both times, they were exceptionally helpful and efficient. ​I would highly recommend this location to anyone visiting Orlando, whether for a tournament or a vacation.",5,en,0.8516476154327393,positive,0,hotel,FAMILY,2026-06-27
1065967186,25222291,Holiday Inn Orlando International Dr-ICON by IHG,Orlando,"Excellent hotel with massive rooms. Anaya on reception was especially helpful, checking us in early at 2pm. Very helpful, we had a great stay and the darts in the bar was great fun. Great location next to Icon park, which has many dining and dining options.",5,en,0.9635784029960632,positive,0,hotel,FAMILY,2026-06-27
1065982347,25222291,Holiday Inn Orlando International Dr-ICON by IHG,Orlando,"We had a great stay! The hotel is in a great location, and the atmosphere was relaxing and welcoming. The room was spacious, clean, and comfortable. We felt it was a great value for the price. The staff were friendly, welcoming, and always helpful. We really enjoyed our time here.",4,en,0.5476887226104736,positive,0,hotel,FAMILY,2026-06-27
1065990969,87115,Sonesta Miami Airport,Miami,"Great airport hotel, by far the best we have been to in Miami. One drawback is the charges for holdings packages which were not disclosed ahead of time.",4,en,0.7817520499229431,positive,0,hotel,COUPLES,2026-06-27
1065992070,25222291,Holiday Inn Orlando International Dr-ICON by IHG,Orlando,I have been coming here for a while now and I absolutely love the location and the vibe of this hotel. I also have to give a big shoutout to my very good friend Salima who is always so sweet to me and my family. She always is so helpful and always has a smile on her face every time I come and get coffee. I always look forward to seeing her every time I come here. Love her !!!,5,en,0.9602547883987427,positive,-1,Unknown,FAMILY,2026-06-27
1065992232,85029,Intercontinental Miami By IHG,Miami,Wonderful hotel I was the guest of the lounge was wonderful quiet great atmosphere good food very fresh good wings. Alberto was more than wonderful hostvery friendly very smiley.,5,en,0.8386806845664978,positive,-1,Unknown,FRIENDS,2026-06-27
1066000055,217397,Homewood Suites by Hilton Miami-Airport/Blue Lagoon,Miami,"Stayed here pre-cruise. Room was spacious and clean, digital key worked great (though I did have to circle back to the front desk for my gold water bottles). Breakfast was standard hotel but had enough waffle irons so that even when it was crowded there was an open iron to use. Lovely view across the water from our room. I also liked that the bedroom in the 1br suites is tucked away from the hall, so even if the halls were noisy, we wouldn’t have been able to hear it. Airport transportation was quick and friendly, although the call tree was a little confusing (if you press 1 for airport shuttle, it brings you to a recording about the number to call for the airport shuttle, which…I just did that? and then doesn’t let you do anything else. I had to call back and wait for someone to pick up). Quick drive from the airport.",5,en,0.736619234085083,positive,0,hotel,COUPLES,2026-06-27
1066001899,85031,Miami Marriott Biscayne Bay,Miami,We loved our stay here! They found us a room early and we enjoyed the pool and the lovely amenities! We ate at the Gold Coast restaurant twice and Aurea was amazing to us! So attentive and caring and even taught us some Spanish! Love her!,5,en,0.9673075675964355,positive,-1,Unknown,FAMILY,2026-06-27
1066013958,217397,Homewood Suites by Hilton Miami-Airport/Blue Lagoon,Miami,Jorge was very pleasant and professional,5,en,0.9578217267990112,positive,2,jorge,FAMILY,2026-06-27
1066033875,85029,Intercontinental Miami By IHG,Miami,Thank you Jacqueline! Excellent service!,5,en,0.8768330812454224,positive,1,service,FRIENDS,2026-06-27
1066065454,25150899,The Elser Hotel Miami,Miami,Fabian saved the day. He helped me voice my concern to the manager Frederick which completely changed everything around. I would’ve rated it higher but the woman at the front desk was not helpful at all. But Fabian and Frederick are heroes. The room is spectacular. Because of them I would return.,3,en,0.9841446280479431,positive,2,jorge,FRIENDS,2026-06-28
1066143028,217397,Homewood Suites by Hilton Miami-Airport/Blue Lagoon,Miami,Homewood Suites Miami Florida Blue Lagoon. It’s so nice and the Airport Shuttle driver Horhay is amazing.,5,en,0.9862026572227478,positive,-1,Unknown,FAMILY,2026-06-28
1066146607,2253238,Hampton Inn & Suites By Hilton Miami Brickell Downtown,Miami,"The hotel has a great location and was very clean. The breakfast was tasty, and the coffee was particularly good – I can really recommend it. Additionally, all the staff were very friendly and made the stay even more pleasant. 😊",5,en,0.9496432542800903,positive,-1,Unknown,FAMILY,2026-06-28
1066157425,217397,Homewood Suites by Hilton Miami-Airport/Blue Lagoon,Miami,Gorge was a great driver! Found us easily at the airport,5,en,0.9695120453834534,positive,2,jorge,FAMILY,2026-06-28
1066158831,85029,Intercontinental Miami By IHG,Miami,So I traveled with my family this year and it’s right by a harbor and you can see cruise ships all day. So the view is awesome. It was crowded because it was World Cup time obviously so obviously that wasn’t great but not their fault. The room service was really kind. When I went to get my car out of valet they were so nice to me and my family. Rooms were clean worth the money and there was a big party for the World Cup and I couldn’t hear it when the curtains as closed. Will book again.,5,en,0.8536556363105774,positive,0,hotel,FAMILY,2026-06-28
1066162106,1308392,Signia By Hilton Orlando - An Official Walt Disney WorldR Hotel,Orlando,"Amazing property, Sara our SrEM was fabulous and Mo, Manny, Polo, Juan, Yosbany and crew took perfect care of us. Food was amazing! Loved rooms and endless amenities!",5,en,0.9357488751411438,positive,-1,Unknown,BUSINESS,2026-06-28
1066167759,217397,Homewood Suites by Hilton Miami-Airport/Blue Lagoon,Miami,"Jorge was so great, he picked us up promptly, helped us with our bags and even had cold water waiting for us! We definitely will book home wood suites to ride with him again.",5,en,0.9489570260047913,positive,2,jorge,FAMILY,2026-06-28
1066169305,217397,Homewood Suites by Hilton Miami-Airport/Blue Lagoon,Miami,Jorge was very helpful with assisting us to our destination,5,en,0.9173893928527832,positive,2,jorge,FAMILY,2026-06-28
1066186294,2253238,Hampton Inn & Suites By Hilton Miami Brickell Downtown,Miami,"I have had the privilege of working with Christina Delaney, Area Director of Sales & Marketing for Hampton Inn & Suites Miami Brickell, along with her sales team, Nataly Mejia and Grace Guajardo, for more than 10 years. Throughout that time, Christina and her team have consistently delivered outstanding service and support in connection with our BDO offsite conferences and meetings. They have repeatedly gone above and beyond to accommodate our needs, including audiovisual and other event-related requests, and their professionalism, responsiveness, and commitment to excellence have been instrumental in the success of our events. I highly recommend Christina and her team for their exceptional service and dedication.",5,en,0.8035733699798584,positive,0,hotel,BUSINESS,2026-06-28
1066189664,25150899,The Elser Hotel Miami,Miami,We loved the Elser! Amazing amenities especially during the World Cup. Manuel was excellent at assisting with our baggage. Very accommodating and personable. Thank you for the best service!,5,en,0.9457520246505737,positive,5,manuel,FAMILY,2026-06-28
1066200208,85029,Intercontinental Miami By IHG,Miami,"Had a great experience at InterCon Miami! Jacqueline Flores is wonderful, she went above and beyond for me and my family, thank you for making our stay the best time!",5,en,0.931554913520813,positive,0,hotel,FAMILY,2026-06-29
1066208616,85029,Intercontinental Miami By IHG,Miami,"Excellent hotel with very good attention; they checked me in before the scheduled time, and the breakfast was very good.",5,en,0.9727277159690857,positive,0,hotel,FAMILY,2026-06-29
1066209389,1308392,Signia By Hilton Orlando - An Official Walt Disney WorldR Hotel,Orlando,Zeta was amazing as always. The fish was fresh and the curry delicious. Rex took extra care of us as we were here staying before our wedding in Disney and recommended the pineapple dessert which was beyond tasty! He also recommended the Dragon roll which was perfect to share since we also got an appetizer and split the curry too.,5,en,0.9514189958572388,positive,1,service,COUPLES,2026-06-29
1066211472,1308392,Signia By Hilton Orlando - An Official Walt Disney WorldR Hotel,Orlando,"My sister and I thoroughly enjoyed our meals; as well as the hostess BriAnna. Brianna was very warm, well-versed in the Disney Park “Animal Kingom,”and welcoming. Rex our waiter and subject matter expert was very personable and professional.",5,en,0.963793158531189,positive,1,service,FAMILY,2026-06-29
1066214009,288592,"Brickell Arch, A Luxury Collection Hotel, Miami",Miami,Great location for Downtown Miami. Very nice bar and restaurant on 25th floor. Good view of the bay. Very spacious and well appointed rooms. Only negative was the very poor sound insulation between the rooms. Pool area is good although being in a separate building makes it a bit of a trek to get there due to the lift configuration.,5,en,0.5067437887191772,negative,-1,Unknown,FAMILY,2026-06-29
1066277090,85401,Rosen Inn at Pointe Orlando,Orlando,"We chose to stay at this hotel again after moving from another as we have stayed here before and found it clean and comfortable. Only reason I have scored 4/5 this time is rooms are now not fully cleaned each day, After speaking to some of the staff they said this changed after the passing of Mr Rosen and was taken over by his family.",4,en,0.3997783958911896,positive,0,hotel,COUPLES,2026-06-29
1066306844,2253238,Hampton Inn & Suites By Hilton Miami Brickell Downtown,Miami,"I loved staying here. Everything was excellent: the staff was super friendly, and the room was very comfortable and clean. The breakfast was also very good. The location is unbeatable, in the heart of Brickell, close to everything: restaurants, shops, and places of interest. Without a doubt, I would recommend this hotel 100%. It is a perfect option; I would definitely return without hesitation.",5,en,0.8700926303863525,positive,0,hotel,FAMILY,2026-06-29
1066316327,120210,The Florida Hotel & Conference Center,Orlando,"We participated in 4 days of convention and the reception, room, and conference halls were all excellent.",5,en,0.9516264796257019,positive,-1,Unknown,BUSINESS,2026-06-29
1066321088,1308392,Signia By Hilton Orlando - An Official Walt Disney WorldR Hotel,Orlando,I visited this resort mid June in the peak of summertime and had the best time. I’m from Florida so this was more of staycation but it felt like a real vacation. The most memorable part of my experience was our server Mariano at Beech. Not only was he extremely busy but he made sure to give us service like we were the only people there. He was so incredible and truly tied the whole experience together.,5,en,0.97041255235672,positive,-1,Unknown,COUPLES,2026-06-29
1066329806,3932244,Universal Cabana Bay Beach Resort,Orlando,The rooms need renovating. It was clean but the cover on the bed was worn with threads sticking up everywhere. They don't advertise that the lazy river tubes cost extra! Never cleaned room. Asked for clean washcloths and was told they had to put a request in. Never got them!! One and done for me and the family.,2,en,0.8359919786453247,negative,0,hotel,FAMILY,2026-06-29
1066336063,120210,The Florida Hotel & Conference Center,Orlando,"This hotel honestly is incredible. The rooms are just amazing, spacious and clean. Your staff are just wonderful and the food in Crickets and the main restaurant are superb. Breakfast is fantastic, offering a variety of dishes. Attached to the Florida Mall and near Target, you have an abundance of 🛒 choices. The hotel gym is just amazing with a lot of machines and weights. I'll most certainly be back. Stacey",5,en,0.9629637002944946,positive,-1,Unknown,BUSINESS,2026-06-29
1066341908,120210,The Florida Hotel & Conference Center,Orlando,"The location was great, near the water as well as shopping. The atmosphere was friendly and very cordial. Room darkening curtains were great After my red eye flight. Breakfast was delicious and service was awesome. I loved the hotel And my experience",5,en,0.9157379269599915,positive,0,hotel,BUSINESS,2026-06-29
1066363055,120210,The Florida Hotel & Conference Center,Orlando,"Very Good Location, the environment and treatment from the employees was great, very friendly and attentive to our needs, A+ on room cleanliness, the service was amazing,,, we go every year and will keep going ,,, Definitely Recommend",5,en,0.9681530594825745,positive,0,hotel,BUSINESS,2026-06-30
1066400106,120210,The Florida Hotel & Conference Center,Orlando,"This Hotel has it all. Comfortable beds in a large comfortable, spotlessly clean spacious room. The room itself has a kettle, coffee machine, microwave and fridge. The staff always go above and beyond for all their guests. The pool is large and warm with many beds to relax on. The Gym is very well equipped. Crickets bar has great food and a good selection of drinks. The breakfast buffet has literally everything you can think of including an omelet station and the coffee is perfect. And to top all of this is the wonderful shopping mall. This hotel has it all so look no further and book now. True review.",5,en,0.8745769262313843,positive,-1,Unknown,BUSINESS,2026-06-30
1066408439,2253238,Hampton Inn & Suites By Hilton Miami Brickell Downtown,Miami,"I do not usually write many reviews and I should have written this back in March after our stay at the Hampton Inn & Suites, I have made a conscious effort to battle with my prehistoric login details and make a point of writing a review for this hotel. I stayed in March 2026 with my husband and 6 year old son - we are from the UK and this was a pre-cruise stay leaving from Miami port. The hotel is in a great location, just by Brickell Station so we were able to get the Miami Mover train at the airport to the station and 15 mins later at Brickell - for something like $5 for us all! Hotel is lovely, reception staff were attentive and welcoming. Our room was clean with excellent facilities. I has signed up to Hilton rewards and received a welcome gift with water/snack which was very appreciated after a long day of travelling across the pond! BREAKFAST - was soo soo good! My son enjoyed making the waffles himself and there was a great selection of hot and cold foods. Enough to set you up for a busy day in Miami and this saved us a lot of money!! We went to the pool which was nice - never too busy and views of skyscrapers really set the scene that we were in Miami. We had free drink vouchers given to us at check in which we used in the hotel bar. This was a large clean area - same as used for breakfast - which was a nice place to chill out. PLOT TWIST - we enjoyed this hotel so so much, that we actually pushed our flights back after our cruise and stayed a further two nights to finish exploring Miami. That is how much I would recommend it! I did see a transfer bus to the port for cruises which looked well organised. We used an Uber which was easy and took around 40 mins with traffic. I noticed lots of guests were cruisers, some co-corporate and many with children. There is a fantasic gastropub located next to the hotel - same building - called Batch. We ate here each evening and it was the perfect american experience. I will review independently but I would strongly recommend it if you are staying.",5,en,0.3947864770889282,positive,0,hotel,FAMILY,2026-06-30
1066433446,120210,The Florida Hotel & Conference Center,Orlando,"My wife and I have been enjoying our stays at the Florida Hotel and Conference Center for more than 20 years for personal or professional appointments, conferences or just for pleasure. The hotel is a beautifully elegant and comfortable accommodation that always provides the very best in service. The hotel provides a great variety of dining experiences but also opens to an exceptional mall, so there is really no need to drive around looking for restaurants or shops. However, we are most appreciative of the gracious staff that begins with a warm welcome from Mo or Jean and then cheerful greetings at check-in. The hotel staff really go out of their way to ensure a great stay, and we thank them all for so many years of making our stays so enjoyable, relaxing, and refreshing.",5,en,0.8531938791275024,positive,-1,Unknown,FAMILY,2026-06-30
1066440367,85029,Intercontinental Miami By IHG,Miami,"We had a wonderful stay at the InterContinental Miami. The views were breathtaking, and the lounge was exceptional. The staff were amazing throughout, and the location couldn't have been better. The rooms were spotlessly clean and truly lived up to the InterContinental brand name. I can't wait to return.",5,en,0.7221140265464783,positive,-1,Unknown,COUPLES,2026-06-30
1066452758,85029,Intercontinental Miami By IHG,Miami,"The staff was very friendly, informative, and accommodating. The front desk personal made us feel welcomed and had us laughing. Helped us with the checkin process. Love the atmosphere of the hotel.",5,en,0.95340895652771,positive,1,service,FAMILY,2026-06-30
1066452856,1149365,Kimpton Epic Hotel by IHG,Miami,drove down from treasure coast to hang out with the FIFA international visitors. LOVE Kimpton hotels. It is WHY i joined IHG. Thank you Eduardo for assisting mother and I too and from our vehicle🙏🛐 we could not have done so well without you. LOVE this hotel❣️ I will always be looking for Kimpton hotels to stay in 👀🎁 TRY the spa in Vero Beach. The salt room is LIFE ✨🧘‍♀️,5,en,0.9700384736061096,positive,0,hotel,FAMILY,2026-06-30
1066461811,85031,Miami Marriott Biscayne Bay,Miami,"Check-in was very friendly and warm, which is honestly very rare in the U.S.! I used a Suite Upgrade Award to upgrade to an ocean view suite, and the view was absolutely stunning. I arranged this trip for my parents, and they were sooo impressed by the room!",5,en,0.9757323861122131,positive,0,hotel,FAMILY,2026-06-30
1066464082,1308392,Signia By Hilton Orlando - An Official Walt Disney WorldR Hotel,Orlando,"We stayed at this hotel for a conference and enjoyed the atmosphere. There were several public spaces so it never felt crowded. The room was bright, spacious and exceptionally clean, the beds and pillows were very comfortable. The bath products were lovely, and the towels were plush. The gym was bright with plenty of machines, and the pool and lazy river area was wonderful for relaxing after work. The drinks at the Beech Grill were outrageous, so be forewarned, we also found the front desk not super friendly, and there is loud music being pumped into the public spaces at all times which can off putting when one is trying to work or relax. The location is far removed from any amenities, so plan on dining in. There was very good food and service at Luce, and a great little coffee/convenience shop.",4,en,0.8578591346740723,positive,-1,Unknown,BUSINESS,2026-06-30
1066474222,1308392,Signia By Hilton Orlando - An Official Walt Disney WorldR Hotel,Orlando,The overall experience was amazing. The staff were great and so helpful. They were also super friendly and very nice.,5,en,0.9671730995178223,positive,1,service,FAMILY,2026-06-30
1066477750,25150899,The Elser Hotel Miami,Miami,The room was great. I was amazed the moment I walk in. Everything was clean and ready for us.,5,en,0.879989743232727,positive,0,hotel,FAMILY,2026-06-30
1066496767,1308392,Signia By Hilton Orlando - An Official Walt Disney WorldR Hotel,Orlando,Ricky from Harvest was amazing and great service. Food was so delicious!,5,en,0.9650714993476868,positive,1,service,FAMILY,2026-07-01
1066497163,1308392,Signia By Hilton Orlando - An Official Walt Disney WorldR Hotel,Orlando,"Our family was blown away by the amazing service and kindness of the Signia staff. We were especially grateful for and impressed by Harvest Bistro. Chef Dannilo and our server Ricky both were so kind when we mentioned our child’s multiple severe food allergies. They made sure he had a delicious, safe meal that he could eat and we didn’t have to stress over. This is a very big deal for our family. We usually do not go out to restaurants for fear of cross contamination but the chef was kind and patient making sure to take every precaution for our son. He was so happy to be eating at a restaurant together and the food was delicious too! Our only wish is that this restaurant was open more! Our family also really enjoyed the lazy river, waterslide, and arcade. I highly recommend this hotel and eating at the Harvest Bistro!",5,en,0.5339272022247314,positive,1,service,FAMILY,2026-07-01
1066512852,1308392,Signia By Hilton Orlando - An Official Walt Disney WorldR Hotel,Orlando,"We stayed at Signia Orlando for 3 nights. We had such a wonderful experience because of the services we received from some of the excellent employees. I would like to give a shout to the following. BRENDA (server from Harvest Bistro), you are such a joy to engage with. Your genuine friendly and welcoming personality and also recognizing my sister’s surprise birthday, greeting and singing for her made us enjoyed breakfast. I observed that you provide the same hospitable service to every guest. Such a true excellent representative of the property and your company. SAMANTHA, supervisor, another wonderful representative. She gave us a warm welcome and took time to come to our table and gave my sister a birthday greeting. She is very pleasant, sweet, and professional. ELIJAH, such a friendly and hospitable individual as well. He was always smiling and polite. Very attentive in trying to clear our table when needed. Brenda, Sam, and Elijah thank you very much to all of you for giving us a memorable excellent experience.",5,en,0.9537470936775208,positive,1,service,FAMILY,2026-07-01
1066513372,1308392,Signia By Hilton Orlando - An Official Walt Disney WorldR Hotel,Orlando,"My sisters and I had breakfast at Harvest Bistro and the employees at this restaurant are great. Samantha, very professional and sweet. Felt very comfortable as customer engaging with her. Brenda, excellent service, very helpful, very energetic and with positive attitude. Made us feel welcome. Elijah, very good hospitality and always had smile on his face.",5,en,0.9919641613960266,positive,1,service,FAMILY,2026-07-01
1066528359,3932244,Universal Cabana Bay Beach Resort,Orlando,The Hotels offers Everything You Need also for Kids and adults. So much fun for everybody,5,en,0.7699714303016663,positive,-1,Unknown,FAMILY,2026-07-01
1066589181,1308392,Signia By Hilton Orlando - An Official Walt Disney WorldR Hotel,Orlando,Mary Anne at the front desk was amazing and so accommodating! Made our stay unforgettable! She is so sweet. Thank you Mary Anne.,5,en,0.8888100385665894,positive,-1,Unknown,FAMILY,2026-07-01
1066601992,24889567,Arlo Wynwood,Miami,"My sister and I took a girls trip to Miami and my sister found this hotel. From the time we walked into the door we knew this was our vibe. Rooms were very nice and clean. The fortune cookies and card on the beds was such a nice touch. I absolutely love details like this. The hotel itself was so nice and the esthetic screamed modern, chic, but also warm and welcoming. Customer service excellent. Aisha was amazing! She was so helpful, resourceful, patient and just had the sweetest spirit. We loved everything about this hotel and will definitely be back!",5,en,0.9775846004486084,positive,-1,Unknown,FAMILY,2026-07-01
1066609920,25222291,Holiday Inn Orlando International Dr-ICON by IHG,Orlando,We had a fabulous visit. Housekeeping was amazing! Thank you!,5,en,0.9736453890800476,positive,-1,Unknown,FAMILY,2026-07-01
1066614005,25150899,The Elser Hotel Miami,Miami,"Manuel was amazing, top notch employee🔥",5,en,0.9896702766418457,positive,5,manuel,FAMILY,2026-07-01
1066624251,25150899,The Elser Hotel Miami,Miami,"The rooftop is such a great spot! The views, the vibe, and the atmosphere make it a must visit. Raúl made the experience even better! He was incredibly friendly and provided spectacular service. He really stood out. If you stop by, definitely ask for Raúl!",5,en,0.9793452024459839,positive,-1,Unknown,FAMILY,2026-07-02
1066627167,1308392,Signia By Hilton Orlando - An Official Walt Disney WorldR Hotel,Orlando,Erica C was an amazing waitress. She was excellent with the kids and our large party.,5,en,0.9722934365272522,positive,3,jasmine,FAMILY,2026-07-02
1066627170,1308392,Signia By Hilton Orlando - An Official Walt Disney WorldR Hotel,Orlando,Ricky was very attentive. Thank you for a great experience at dinner.,5,en,0.960238516330719,positive,1,service,FAMILY,2026-07-02
1066628036,1308392,Signia By Hilton Orlando - An Official Walt Disney WorldR Hotel,Orlando,"Great service and food with Luke, thanks so much",5,en,0.9555826783180237,positive,1,service,BUSINESS,2026-07-02
1066670194,6727321,The Vagabond Hotel Miami,Miami,"This was probably the 10th time we've stayed at The Vagabond, so time to update first review. My son's family lives a few blocks from the Vagabond, so it's very convenient for us when we visit. We love the hotel. All the essentials...clean, friendly staff, nice updated rooms, big sparkling-clean pool. On top of that it's really cool, with lots of Rat-pack era nostalgia. Having this hotel available to us has really enhanced our family visits. Fancy high rises are great, and we often stay at them, but the Vagabond is a great change, and we really enjoy staying there.",5,en,0.8584052324295044,positive,0,hotel,FAMILY,2026-07-02
1066686141,85031,Miami Marriott Biscayne Bay,Miami,"We had a great stay here. The staff at the restaurant were exceptionally kind, specially Aurea. We are traveling with two little kids and the staff made it easier for us.",5,en,0.8867482542991638,positive,1,service,FAMILY,2026-07-04
1066689167,1149365,Kimpton Epic Hotel by IHG,Miami,Excellent service overall. Valet was on time and Jean Baptiste provided us excellent service.,5,en,0.9834129810333252,positive,2,jorge,COUPLES,2026-07-04
1066694263,85031,Miami Marriott Biscayne Bay,Miami,"Aurea was a wonderful host and server for our family at breakfast. She was so attentive to us and especially our kids, she was kind and helpful. We would love to come back. Food was great as well.",5,en,0.9329819083213806,positive,1,service,FAMILY,2026-07-04
1066699901,85031,Miami Marriott Biscayne Bay,Miami,"My experience was excellent. Everyone was nice and professional. My waitress, Aurea, was the kindest most attentive person I’ve met in a long time. I joked with my friend that I wanted to have her as my abuela. The food was fresh and delicious. Healthy options were available too. And the hotel was clean, modern, and well decorated. 10 out of 10!",5,en,0.9758549332618713,positive,-1,Unknown,FRIENDS,2026-07-04
1066706074,85029,Intercontinental Miami By IHG,Miami,"The experience in the lounge was spectacular!! Thanks to Sorayda, Alberto, and Chef Jhon for making a difference for us. The rooms, the pool… incredible. Great location Of course we would repeat!",4,en,0.9100367426872253,positive,-1,Unknown,FAMILY,2026-07-04
1066709483,25150899,The Elser Hotel Miami,Miami,"Cori , she’s very good , she’s very sweet with me The hotel experience was incredible and the room",5,en,0.9587441682815552,positive,1,service,FRIENDS,2026-07-04
1066713975,85029,Intercontinental Miami By IHG,Miami,"We stayed at the intercontinental Miami before we left for our cruise. Check in was easy. The room was immaculate. When you walk in to the hotel, it is clean and it smells fantastic. I loved the FIFA atmosphere for the World Cup. We had the breakfast at Ole in the morning Jessica the hostess was very accommodating to us. Make sure we had an area that my father could get to the buffet. Eliana, our waitress we remembered her from the last time I stayed here and she is impeccable. She came around and made sure we had everything we needed and even went and got us juice when we were already seated.",5,en,0.9596405625343323,positive,-1,Unknown,FAMILY,2026-07-04
1066715006,85029,Intercontinental Miami By IHG,Miami,My daughter helped us with a vacation and she suggested intercontinental in Miami. I loved walking in to a clean beautiful luxurious space and so clean. We stayed one night before our cruise and we had breakfast at the Ole restaurant. Jessica the hostess made sure my husband wasn’t too far away so he could go up and get his breakfast. He is slowing and uses a cane. The buffet was clean and the food was delicious. Our waitress Eliana was my waitress the last time I stayed and she was every bit the wonderful women she was the first time I came. If my husband forgot something she would get it for us. It was extremely busy yet we felt like we were her only table.,5,en,0.9336135387420654,positive,-1,Unknown,FAMILY,2026-07-04
1066742273,25150899,The Elser Hotel Miami,Miami,Great experience with Manuel! He’s the man!,5,en,0.9926587343215942,positive,5,manuel,FAMILY,2026-07-04
1066757968,85401,Rosen Inn at Pointe Orlando,Orlando,"We stayed here for just one night and as soon as we turned in to sleep, the smoke detector in our adjoining room went off. Despite multiple phone calls to the hotel office, they couldn't fix it for hours and ruined our entire night. Worse, when we spoke about this to the manager Eli the next day, he first claimed that the incident never happened, there was no such phone call and that I was lying. When I sent him the proof, he changed his tune and said that maybe it did happen but since it was eventually resolved (which it was by ~2 AM), I shouldn't be complaining. I then reached out to the manager Terry about this, who didn't even bother to respond.",1,en,0.9198048710823059,negative,0,hotel,FAMILY,2026-07-04
1066763518,25150899,The Elser Hotel Miami,Miami,Manuel was very kind to me and my family.,5,en,0.9757460951805115,positive,5,manuel,FAMILY,2026-07-04
1066807256,25150899,The Elser Hotel Miami,Miami,"I recently stayed at The Elser Hotel. This is the third time I have stayed here. The location is great, the beds are very comfortable and the service is usually really good. The bellmen were fantastic, both Aleandro and Fabien could not have been better bellman, helping us 6 girls with 16 bags constantly. Carlos in the package room was exceptional. I left a package there during my last stay and he kindly held it for me over the policy of 30 days. I am so appreciate of this level of service. The last time I stayed the concierge was also fabulous however this time I was confused and disappointed with the service I received from the young girl behind the desk there (not the same girl as last time). She didn't seem to know anything and couldn't actually help with any of our questions or requests. My iPrefer status was supposed to give me a late (1pm or 2pm) checkout. I called all morning from my room and even went to concierge to ask about this and despite them always saying they would call back and let me know, no one did. We were running late as there had also been a fire drill at 10:30am and we all had to walk down 17 floors to exit the building. I'm not concerned about a fire drill as I know these tests are necessary to carry out but never receiving a phone call back even despite me saying I am happy to pay extra for late check-out just went ignored. I will definitely be back hoping this was just an rare, unfortunate experience.",3,en,0.5103387236595154,negative,0,hotel,FRIENDS,2026-07-04
1066810104,85029,Intercontinental Miami By IHG,Miami,Beautiful property located in a great location walkable to Bayside Marketplace and a quick taxi ride to other locales. The bay view picture window in the room was gorgeous and it was wonderful to wake up to sunrise over the bay each morning. There's a concrete walkway next to the bay right outside the hotel for morning walks. The property also has a Sixt rental car location in the hotel. This came in handy as I rented a car and drove to Key Largo and Islamorado one day. The lonby is large and airy and upscale with that Miami vibe. Great stay here!,5,en,0.7889735698699951,positive,0,hotel,SOLO,2026-07-04
1066822741,85031,Miami Marriott Biscayne Bay,Miami,"Great attention from the waitstaff, and there are many options at the buffet, which I really liked about the hotel.",5,en,0.9702883362770081,positive,1,service,FAMILY,2026-07-05
1066822945,85031,Miami Marriott Biscayne Bay,Miami,Excellent hotel. Very good service. Thank you very much.,5,en,0.9603216052055359,positive,0,hotel,FAMILY,2026-07-05
1066836094,25150899,The Elser Hotel Miami,Miami,"Cori was so kind and helpful, she made our check in process so easy, she thoroughly explained about the hotel rules, amenities and the room. Cori is wonderful! So happy 😊",5,en,0.9433062076568604,positive,1,service,COUPLES,2026-07-05
1066847339,25150899,The Elser Hotel Miami,Miami,"Our experience was excellent. We traveled with our little dog and they accommodated us very well. Thank you, Federico, very kind.",5,en,0.9798741936683655,positive,-1,Unknown,FAMILY,2026-07-05
1066847353,25150899,The Elser Hotel Miami,Miami,"Thank you, Federico, and your entire team, a sensational stay, and everything was very good, exceptional attention!",5,en,0.9260695576667786,positive,1,service,FAMILY,2026-07-05
1066860246,25150899,The Elser Hotel Miami,Miami,"My stay at the hotel was incredible. The rooms were warm, comfortable, and impeccably clean. The service was outstanding—everyone was genuinely kind and attentive throughout my entire stay, from the moment I checked in at reception until my departure. Corami Sánchez was especially kind and welcoming, always greeting us with a warm smile and making sure we felt well taken care of. You can truly feel that the entire staff is committed to providing exceptional hospitality. I highly recommend this hotel—100%!",5,en,0.4469326436519623,positive,-1,Unknown,FRIENDS,2026-07-05
1066868902,217395,Mayfair House Hotel & Garden,Miami,The staffs are very helpful and friendly. A 5 star hotel. Will stay again.,5,en,0.9355372786521912,positive,-1,Unknown,FAMILY,2026-07-05
1066876973,87115,Sonesta Miami Airport,Miami,"Excellent experience! The food was delicious, and the service was outstanding. Ana, Fiorela, and Wilson were all incredibly friendly, attentive, and made us feel very welcome. They went above and beyond to make our visit enjoyable. Highly recommend this restaurant, and we’ll definitely be back!",5,en,0.96653151512146,positive,1,service,FAMILY,2026-07-05
1066881408,87115,Sonesta Miami Airport,Miami,wilson is the best he was so sweet and attentive!,5,en,0.9883397221565247,positive,3,jasmine,FAMILY,2026-07-05
1066926102,217397,Homewood Suites by Hilton Miami-Airport/Blue Lagoon,Miami,Jorge came right on time and got us to the airport :),5,en,0.9293979406356812,positive,2,jorge,FAMILY,2026-07-05
1066934561,217397,Homewood Suites by Hilton Miami-Airport/Blue Lagoon,Miami,Jorge was a great driver. Very friendly and helpful.,5,en,0.9786952137947083,positive,2,jorge,COUPLES,2026-07-05
1066946539,85329,Castle Hotel Autograph Collection,Orlando,"Like every month, we come to this hotel because of the very special attention that Clarita provides; today we missed Mauricio a lot, but we always return to this hotel because of the kindness and friendliness that Clarita has when serving us💖",5,en,0.9696576595306396,positive,0,hotel,FAMILY,2026-07-05
1066951840,85031,Miami Marriott Biscayne Bay,Miami,We stayed at this location in advance of a cruise and throughly enjoyed the location and amenities. Unfortunately I didn’t realize I left something in the room until I returned from my cruise. I immediately contacted the hotel and spoke with Loss Prevention supervisor Yazdi Patel. A special THANK YOU to Yazdi and housekeeper Yeney Mendez for finding my item. I would definitely stay here again.,5,en,0.9701763987541199,positive,0,hotel,FRIENDS,2026-07-05
1066963655,25150899,The Elser Hotel Miami,Miami,The hotel was very convienent to the airport and cruise port. It was very clean and staff was courteous and helpful. The gym was very impressive!,5,en,0.9470266103744507,positive,-1,Unknown,FAMILY,2026-07-05
1066979276,85029,Intercontinental Miami By IHG,Miami,"I am extremely disappointed with our experience at the InterContinental Miami. We specifically called ahead before our stay and made two requests: (1) a room with a view facing the 4th of July fireworks, and (2) reservations for two people for the hotel’s 4th of July pool deck celebration. We were assured over the phone that both requests would be taken care of. When we arrived, we discovered that neither promise had been honored. Our room did not face the fireworks as promised, and the front desk informed us that the 4th of July celebration had already sold out and that no reservations had been made for us. If the hotel could not accommodate these requests, we would have appreciated honesty from the beginning instead of being told everything was confirmed. We planned our holiday around these promises, only to arrive and find out they were never fulfilled. It completely changed our experience and was a huge disappointment. For a hotel that markets itself as providing exceptional service, this level of miscommunication and lack of follow-through is unacceptable. We expected much better, especially for a special holiday stay. Unfortunately, based on this experience, we cannot recommend this hotel and will not be staying here again in the future.",1,en,0.9780673980712891,negative,0,hotel,COUPLES,2026-07-05
1066997922,1308392,Signia By Hilton Orlando - An Official Walt Disney WorldR Hotel,Orlando,"We had a wonderful experience, and our server, Rex, was amazing. He was very kind, professional, and clearly has a lot of experience. He made us feel welcome, checked on us at the right time, and provided excellent service from beginning to end. He has such a nice personality and really made our visit even better. Highly recommend!",5,en,0.9596111178398132,positive,1,service,FAMILY,2026-07-05
1066998081,1308392,Signia By Hilton Orlando - An Official Walt Disney WorldR Hotel,Orlando,"Awesome service & hospitality. Rex was amazing, prompt & impeccable service. He was friendly, knowledgeable, and he gave great recommendations. We will definitely come back. Great food & outstanding service!",5,en,0.9593663811683655,positive,1,service,COUPLES,2026-07-05
1066998206,2253238,Hampton Inn & Suites By Hilton Miami Brickell Downtown,Miami,"Ernest, the manager, provided us with outstanding and high-quality service throughout our stay. The entire staff went above and beyond to make us feel welcome, comfortable, and valued from the moment we arrived. This hotel offers a truly high-standard experience in every aspect, from the service to the facilities and overall atmosphere. We sincerely appreciate the dedication and professionalism of the team and would like to thank everyone for making our stay such an enjoyable one.",5,en,0.8203400373458862,positive,-1,Unknown,FAMILY,2026-07-05
1067000566,1308392,Signia By Hilton Orlando - An Official Walt Disney WorldR Hotel,Orlando,"I had to take a moment and shout out Rex from Zeta. Not only was he an amazing server, he made us feel welcome and his attitude made our dinner enjoyable and so nice. Best birthday dinner Rex thank you.",5,en,0.9944326877593994,positive,1,service,COUPLES,2026-07-05
1067000833,217395,Mayfair House Hotel & Garden,Miami,"We stayed at the Mayfair and went up to the rooftop pool. Patricia, the pool area staffmember, was extremely friendly and accommodating. Made us feel very welcome!",5,en,0.9346243143081665,positive,0,hotel,COUPLES,2026-07-05
1067053826,217397,Homewood Suites by Hilton Miami-Airport/Blue Lagoon,Miami,Always a great stay especially Jorge our driver!!!,5,en,0.9616758227348328,positive,2,jorge,FAMILY,2026-07-05
1067057127,85029,Intercontinental Miami By IHG,Miami,"Really amazing. Honestly one of the best hotel experiences I’ve have in many many years. We stayed for two nights prior to an anniversary cruise. It was a quick ride from the airport. We were greeted by friendly staff at every turn but one stands out. Areej S gave us a very warm and genuine welcome. It just stood out as quality, sincere service and you could not as for a better first impression of a place with her at the desk. Our room was ready for us a little early, bags were delivered promptly, Concierge (Carmen) checked in on us, the room was clean and the bed was by far, one of the best hotel beds I’ve ever slept in. The partial bay view was fine and we had a nice view of the pool and some of the 4th of July festivities out there. Bar (Toro Toro) was also amazing, good food, creative drinks, recommendations on where to go for specific foods we were looking for. Overall, this has been the most positive hotel experience I’ve had in the last 30 years. It’s all started with Areej S and the rest of the staff.",5,en,0.9357792139053345,positive,-1,Unknown,FAMILY,2026-07-05
1067069821,2253238,Hampton Inn & Suites By Hilton Miami Brickell Downtown,Miami,"I stayed in this Hilton hotel for access to the FIFA fan-zone in Miami and it was a great hotel , with a wonderful location and service. I’d like to thank the sales team who helped me book the fifa experience to make the trip so memorable- Grace Guajardo , Christina Delaney and Nataly Mejia .My family all enjoyed our stay and service very much.",5,en,0.9474357962608337,positive,-1,Unknown,FAMILY,2026-07-06
1067073957,217397,Homewood Suites by Hilton Miami-Airport/Blue Lagoon,Miami,Jorge was really helpful and great,5,en,0.9573580622673035,positive,2,jorge,FAMILY,2026-07-06
1067083972,6727321,The Vagabond Hotel Miami,Miami,"What a find this hotel was. We had a car but didn’t want to use in Miami and this hotel was perfect for that. Free parking, a beautiful pool area and modern clean and spacious rooms. Downtown Miami is a short bus ride from just outside the hotel and South Beach is also manageable by public transport or approx $25 Uber. Lovely area to stay in with lots of restaurants and amenities nearby .",5,en,0.968877911567688,positive,0,hotel,FAMILY,2026-07-06
1067087857,25150899,The Elser Hotel Miami,Miami,"Gino at the Elser Hotel is one of the nicest and most hospitable employees. His kindness, help and grace made a great weekend! 10 stars for Gino. Thanks",5,en,0.9545671939849854,positive,-1,Unknown,SOLO,2026-07-06
1067103447,85029,Intercontinental Miami By IHG,Miami,Our stay was a five out of five experience from the moment we checked in we were given such a welcoming energy. Exceptional service from every department especially from Henroy who made sure everything was as perfect as can be for our anniversary entry all the way till our departure. We will certainly be back again,5,en,0.9529899954795837,positive,1,service,COUPLES,2026-07-06
1067104070,1308392,Signia By Hilton Orlando - An Official Walt Disney WorldR Hotel,Orlando,"Everyone on staff went out of their way to create a welcoming atmosphere. From the front desk to restaurants to housekeeping, all were great!",5,en,0.9843264222145081,positive,1,service,BUSINESS,2026-07-06
1067109545,1308392,Signia By Hilton Orlando - An Official Walt Disney WorldR Hotel,Orlando,"My family and I go to this hotel every single year and it never disappoints. The new lead designed bistro on the first level is with Starbucks offered every day. Roberto, one of the barista was amazing each and every morning providing excellent customer service to my daughter and I. We look forward to many more stays at this amazing hotel.",5,en,0.9697241187095642,positive,0,hotel,FAMILY,2026-07-06
1067132102,87115,Sonesta Miami Airport,Miami,Sayda was wonderful!! She made us feel at home and very welcomed.,5,en,0.9798881411552429,positive,1,service,FAMILY,2026-07-06
1067140489,1308392,Signia By Hilton Orlando - An Official Walt Disney WorldR Hotel,Orlando,We had Rex as a waiter. He was so personable and made great recommendations. He made our dining experience extra special.,5,en,0.9777222871780396,positive,1,service,BUSINESS,2026-07-06
1067140680,1308392,Signia By Hilton Orlando - An Official Walt Disney WorldR Hotel,Orlando,"We ate at Zeta, and Rex was our server. AMAZING SERVICE and hospitality. He kept our water filled and gave great suggestions on food. Such a wonderful and enjoyable experience.",5,en,0.9506088495254517,positive,1,service,FRIENDS,2026-07-06
1067147920,1308392,Signia By Hilton Orlando - An Official Walt Disney WorldR Hotel,Orlando,Best bar experience with Dorian and Santiago they were so great and personable and made my visit great. They truly show what personality should be be they are the best,5,en,0.9816444516181946,positive,-1,Unknown,BUSINESS,2026-07-06
1067148908,87115,Sonesta Miami Airport,Miami,"The hotel is nice, well located. Ana at the restaurant is the best.",5,en,0.9761080741882324,positive,-1,Unknown,BUSINESS,2026-07-06
1067214306,6727321,The Vagabond Hotel Miami,Miami,"stayed for one night before our cruise. great staff, clean rooms and very nice pool. don't hesitate to book. we received excellent restaurant recommendations from the staff",5,en,0.8580830097198486,positive,0,hotel,FAMILY,2026-07-06
1067214852,3932244,Universal Cabana Bay Beach Resort,Orlando,"Pleasant stay here at this retro 1950’s style hotel offering reasonable value for families who wish to visit the Universal parks. Regular bus transportation provided to and from the parks. Rooms basic but adequate, clean and comfortable. Food court offers several fast food type options which we only tried once - you pay at the till after you receive the food order then finding a table and sitting down - we found food was getting too cold too quickly. No table service option which we prefer. Pool area - has a nice lazy river - down side is that there are not enough parasols to offer shade Starbucks was a nice option",3,en,0.8838782906532288,positive,-1,Unknown,COUPLES,2026-07-06
1067258099,85401,Rosen Inn at Pointe Orlando,Orlando,"Overall the hotel is okay, but my experience with the hotel staff was terrible. Front desk doesn’t know all the details about the hotel, they would misinform you. I had booking issues. Third-party who I booked my stay with, splitted my stay into each night separate bookings. I asked the front desk if they can modify it and make it as a one booking, so that I don’t have to come to the front desk to activate my room key. They said they could and they did. But indeed, they didn’t and I had to activate my key every day. If you can’t do it, why you say you can?? The same thing happened with a shuttle. They told me shuttle reservation is open from 7am to 9pm when I can reserve the shuttle. But indeed, they’re open until 1:30pm. I came after that time and couldn’t reserve it. They reserve it 24 hours ahead. So I missed my deadline to reserve for the next day. And I missed my trip which I planned ahead. The hotel staff would knock on my door multiple times a day asking about my checkout!!!!! Wtf…. Cleaning staff is so unprofessional!!!! I had “do not disturb” sign on my door. And they still would open the door & walk in my room. They first day when it happened, I told it to the front desk. The front desk said they’d talk to the cleaning staff. But the cleaning staff still did it every single day of my stay there!!!! I do not recommend this hotel at all! The hotel staff would make your stay they’re horrible.",1,en,0.4675431549549103,negative,0,hotel,SOLO,2026-07-06
1067283560,1149365,Kimpton Epic Hotel by IHG,Miami,"The hotel was great. Very clean. Awesome location. Front Desk, valet, bellman, and the many servers/bartenders at area 31 were great! Eduardo and Archie were a great help at check-in and check out. Our room was great with a phenomenal view. Our only complaint would be the pool party on the 4th of July, it greatly reduced the hotel guests ability to enjoy the pool. That was unfortunate, but overall we really enjoyed our stay.",4,en,0.8461793661117554,positive,-1,Unknown,FAMILY,2026-07-06
1067284958,3932244,Universal Cabana Bay Beach Resort,Orlando,"First and foremost, I have to say that the people were nice. The Vacation Planner was SUPER HELPFUL as we had some questions that needed answered and he was able to help us figure out when we wanted to go to Epic, and get that booked. My father decided we were doing a cruise, my sister wanted to come see the new Epic park if our cruise would happen to leave out of Canaveral. To start, my father is on 100% disability with the VA, as such, we were able to get discounts on passes for Universal Studios and Islands of Adventure. When looking into transportation, we had some issues travelling last year with five of us in a Ford Exploder (Explorer) which is a mid-size SUV at best. With our luggage and my father's walker, it was a tight fit. So initially we were looking at a rental vehicle and a hotel, Universal for a few days and then NASA for a day somewhere in there. When we figured out that NASA was not important, and that Cabana Bay also had a discount for VA Disability... it was decided to instead, Uber to this ""resort"" and we shouldn't need a rental vehicle as there would be shuttles to wherever we needed to go park-wise. The major benefit to a Universal hotel is that you get in an hour early to the park... BUT, they do not explain how that works. And then is it ""such a benefit"" that it negates all of the other issues that the hotel has? As I will never stay at a Universal property hotel again, that is for you (the reader) to decide for yourself. First and foremost, this hotel is ""the cheap option"" obviously you can tell this by the price point alone, but moreso by the nickel & diming once you stay here. The hotel resort is spread over a massive property with multiple hotel wings. I did not have the time or energy to ""explore"" other wings or floors, so take what I give you with a grain of salt as to my experience alone. Florida is hot, and muggy... it just is, it's part of being there, especially in the summer. We booked a ""handicap"" room for my father, and a second room adjoining for my sister and her kids. When we booked, the reservation person told me that if he did not put her in an adjoining handicap room, she would not be near us... as the system was trying to put her in a room on the wing catty-corner to where we were to be at. Nonetheless, she did not ""need"" that room, so she was moved, and thankfully still within the same wing about 4 rooms away from where we were at. The biggest thought process in this is that if we were to take an Uber or something somewhere and get dropped off needing two separate drop offs because we were a mile away from each other. Nonetheless, that never actually happened, so it did not matter. Our room, per my step-counter on my watch, was a half mile away from where we got our breakfast at the Bayliner Cafe (a full mile round trip...). There were the main elevator to our floor, and then we passed three elevators before we got to our room. NOWHERE on that walk were there any places to sit down and rest. Mind you after the first day at the first park, I had a blister on either foot the size of a quarter... and it was hard and painful to walk, my father has a walker, thankfully it turns into a seat if he needs to sit... but then there is the fact that the weather is? Yeah, hot and muggy... You would think (logically) that each area near the elevator would have a sitting area for people waiting for the elevator to come get them... there are after all like 7 or 8 floors at least in the Americana wing (where we were at). Who knows, maybe higher floors had sitting and lower floors didn't get any, i do not know for certain.... but it would have been great to have had a place to break up that extremely long walk, ESPECIALLY with luggage on the in or the out! And we were not by any means the last room in the wing... lol!! Biggest issue with the room is that there were two sets of drapes, one blackout, one semi-translucent to let the light in, but not allow ""voyeurs"" to see in per se. They were controlled by remote control.... but there was no directions on how to use it. There were three buttons that were unmarked, and an up arrow and a down arrow. One of the arrows closed both, one of them opened both. No clue to this day how you open the blackout and close the other. Where is the issue? Well, I would make sure that before I climbed into bed (as my father would go to bed super early) that I would close the drapes (both). When I woke up 5 hours later... they [both] would be open... My dad does not understand technology very well, he stayed away from the remote. They were on a damned timer. In the middle of the night at some point while we were asleep, the hotel had it programmed to open our drapes.... Which while thankfully we were on the second floor, means that anyone in the wing across from us, if they happened to look across and down... got WAY more than they were looking for when I got out of bed to close the damn things so I could get dressed in the mornings!! Something my father mentioned, was that the handicap bars near the toilet were not placed well and it was VERY HARD for him to get himself up off the toilet. For *active* ""disabled Vets"" (or anyone with a physical handicap) that are able to bounce up and off a toilet with ease, you may not have an issue, but for an elderly man with knee problems and a heart condition... it was horrible. The place is MASSIVE. Book early, request a room near the lobby. Everything revolves around the lobby. The restaurant, the bus pickups, Uber, the pools... everything. There are many entrances/exits to the hotel wings for each specific pool... which is a plus, but it would be far better (imo) to be located further from one pool and closer to the lobby since that is where everything revolves around. For instance, our room was a half-mile walk (one way) to get to the restaurant closest to ""our wing"". For someone who is handicapped (we were in a handicap room, as my father is on 100% disability) it takes FOREVER to get a half-mile at an extremely slow pace, and with no benches or sofas or.... yeah. Cheap food... as you would expect from a resort. And of course it is expensive to purchase, and it comes ""this way"" like it or leave it. I do not eat a lot of fried food, or a lot of starchy foods. I wanted a burger, which ""comes with fries"". I told the lady I did not want fries, she said it comes with fries. I told her I cannot eat the fries, she said it comes with fries. I told her just leave the damned fries off my plate, and she left the fries off the plate muttering under her breath it costs the same either way. I don't believe in wasting food, I don't think I should take the food I am not going to eat and then just throw it away!!! That is a major problem! I then headed to the salad bar to grab my salad which was ""my side"". Thankfully the person at the checkout ""gave me a discount"" for not receiving fries... because I was fully prepared to just leave the $16 burger sitting on the counter had he charged me full price. The place needs to have options for people, a cheeseburger by itself, or with a side, multiple sides to choose from, not ""just fries, and only combined"". The food at the Bayliner Cafe (a cafeteria style) - Collect via a tray (under the counter, which nobody points out to you, and is not labelled, so you just gotta know they are there...) and you go to different stations to get ""main dishes"" or ""side dishes"" or you can buy prepackaged crap like you would at a gas station (prepackaged sandwiches, juices, energy drinks, milk, candy, etc) and pay before finding a seat... was so-so at best and some of it was downright nasty. That said, it is a resort catering to massive amounts of people, so that is as much as can be expected. For the salads there were multiple packets of dressing. However I never found barbecue sauce for people who wanted that as a condiment... and the Tabasco sauce was in tiny 1/2 oz packages which I needed 6 of to cover an omelet. This creates a LOT of waste that was unneeded for a resort catering to a bunch of people. There were Pump canister style condiments for Ketchup, Mustard and Mayo... would have made sense (imo) to have had one for BBQ, and one for Tabasco (or another hot sauce brand, though I love Tabasco, so good choice in my opinion there at least). I feel like a LOT of people use salsa on eggs... but there was no salsa in the mornings for the flavoring of either omelets or scrambled (powdered) eggs. There also was a severe lack of ""options""... such as if you got an omelet, you could ""build it"" with any of the listed ingredients.... but you couldn't get ""additional eggs"" (some places might offer a 2 egg omelet, a 3 egg omelet or a 4 egg omelet, etc. I was fine with the two egg, but some people might want more and be willing to pay more for it). Bacon was super expensive as a side, and having it ""as a side"" required a totally separate plate, you could not add it to a plate which seemed asinine as it was creating more dishes that needed to be washed, and more plates that needed to be carried with a higher chance of getting dropped or knocked over. Also, the bacon came as is... there was no Crispy or Moist... it was all the same, no choices. Omelet was probably the best breakfast item I tried. My father said the croissant was dry (even with meat and cheese on it). I did not go for ""the scrambled eggs"" because they looked nasty and tasteless. My dad went for them... he said they tasted like the crap the military used to feed him... *powdered eggs*. Our last morning when I went to grab some Tabasco sauce, I saw a girl approaching with her plate full of ""powdered eggs"" and was like, why is she bringing that? There is no salsa up here (which they should honestly have for either the scrambled eggs OR the omelet)... Well, I didn't ask, and I didn't have to ask, she must have taken a bite... because she put her plate under the ketchup dispenser and LOADED that plate with ketchup all over it to what I could only think was to offset the nastiness of those eggs!! LOL!! There is one size of ""beverage cup"" it is tiny... My suggestion? As soon as you get to the hotel, grab an Uber over to a grocery store and stock up on some refreshments... because buying from Universal is a HASSLE! Obviously it is not beneficial if you have a long stay to be eating all of your meals through prepackaged crap, you will need to go to a restaurant at some point, but seeing as there is no ""don't bring outside drinks in"" type of seating situation... you may as well go buy some 32 oz bottles of pop, water, tea, etc so you do not have to deal with their asinine system---- They have the Coca-Cola Freestyle machines (with a twist). They have them programmed to read RFID chips that they have placed on ""the tiny beverage cups"" (or the souvenir cups). If you buy the souvenir cup, my guess is that they program ""your stay"" into the RFID chip so that you are good to get your refills as you need. However, as I did not get the overpriced souvenir cup (I have too many souvenir cups at home, don't need more), I was left with the tiny beverage cup. After purchasing it, you have 90 minutes of refills after it is activated... and you can only fill it once every 2 minutes maximum... of course NOWHERE do they tell you this. Now, I understand, they need to make money, and I am sure plenty of people through the years have succeeded in gaming their system which have probably cost them thousands of dollars. So, generally speaking, I have no issue with what they did... However the execution of it was HORRIBLE. I do not drink pop anymore (for the most part, when I can), I drink unsweetened tea, or carbonated water. First issue I had, was that I did not fill my cup with ice (the beverages come out on average at 38-42 degrees and ice is just going to displace the amount of beverage going in. Likewise if for some reason I do not get to the beverage, the ice will melt and ""water-down"" the already cool drink before it really has a chance to ""get warm""... So as I was saying, I did not fill my cup with ice, I started to fill it with my AHA lemon-lime water... the bubbles rose to the top, so I stopped pressing on the button allowing the carbonation to settle before hitting the button again... the cup was about 2.3 full, and that is where it was going to stay!! Pressing the button gave me a message to place a cup down, but my cup was already down, so I lifted my cup, and put it back down... the machine WOULD NOT allow me to fill it the rest of the way up to the top. The next time I tried, I figured out that what I need to do... is be wasteful! Just keep filling the cup past when it starts to overfill with the carbonation until you actually see liquid running down the side of the cup, THEN release the button... THAT way, you can actually get a full cup!!! On a different day... I went back and I wanted to try something... the carbonated water had only two options for flavoring, while the Vitamin Water Zero had 8 options. So thinking back in the day when we used to mix the different flavors... I figured, I would fill my cup 1/2way up with AHA Lemon-lime to get ""the bubbles"" and the other half up with Vitamin Water Zero Strawberry (or something). Well.... THAT was a mistake... the point of these freestyle machines were that you could leave your cup there and you could mix and match flavors to your hearts desire... at least that is what Coke's intentions were 20 years ago!! Universal (corporate) has something else up their sleeves, take away any fun you might have on your vacation, and screw anyone that wants a beverage! Well... my carbonated AHA was 1/2 the way up, and I released the button, left the cup on the sensor, hit the back arrow, selected the Vitamin Water Zero icon, and received a message that said I needed to put a cuip down on the sensor... (WHAT?!?!?!) I lifted my cup, put it back down on the sensor. hit the icon again.... SAME MESSAGE!!! I said, fine, I will go to a different machine... (I was not walking very well after I got blisters on my feet, my problem for not wearing the best shoes... but still, being forced to walk to another machine because of this asinine product feature?) I get to the next machine, put the cup down and I get a message stating that I cannot have a refill for another 1 minute and 40 seconds.... REFILL? I DIDNT GET THIS REFILL YET!!!! So I threw the cup at the machine and I walked away pissed off. 5-6 minutes got me 1/2 of a cup of sparkling water.... and I will NEVER stay at a Universal property hotel again because of it! Yes, that might seem harsh, but it was absolutely asinine the troubles it gave. You might ask about water... if you do not have an RFID chip cup, you CAN get regular (non-flavored, non-carbonated water or ice from the machines with no issues). Now, to be fair, when I brought this issue up to the hotel staff, they ""made it right"" per se by giving us an offer to ""help us out"" due to the problems we faced... and that was awesome that they did it (I am not going to tell you what they gave us, because in different situations said solution might differ, also I do not want to push that people should be ""taking advantage"" of something for ""free crap"" either). It shows that there are people, humans that work for Universal the corporate entity that actually care about other humans whereas the corporate entity obviously does not. And while I accepted that offer, I feel that the right thing for them to do is to figure out a ""better way"" to not screw over their customers... otherwise they will not have a business to run. I went out and bought new shoes (on our last full day at the hotel, but before our cruise) and while I was out I stopped and got some sparkling water... BEST decision ever... not to deal with the hotels asinine beverage policy, which of course they blame on their ""food and beverage department"" but it is all wrapped up under one packaged label of *Cabana Bay*, so it affects the hotel and the brand one way or another. When we booked this hotel, one of the benefits that I had been told (specifically that I asked about for my father) was that there was a bus that left the hotel every 15-20 minutes throughout the day that went top the parks. I asked if we would be dropped off ""at the entrance to the parks"" or..... ""by the parking garages""? Because I had once lived in Winter Park during college and had been to City Walk many, many times... and it is a LONG WALK to get to the parks from the garages (even with the rolling walkways). I was specifically told that they would take us ""right up to the gates of the parks"". Well... anything to book a hotel room right?? That was a complete and utter lie. The resort buses PU/Dropoff area is between the entrance to City Walk, and the Parking Garages... so basically, you are about 700 feet from the parking garages when you get to the top of the escalator... Which meant we had to cross the massive walkways to get into the City Walk area, then go around the lake to get to Islands of Adventure which opened early (because Universal Studios did not). Also, make sure you have YOUR ROOM KEY with you... NOBODY told us this!!! We had ""our passes"" and the general thought process of ""Early Park Access"" is that you would not get ""into"" the park if you were not from one of the hotels... <> Everyone is allowed early entrance to ""the park"" apparently, so they can start doing any shopping they would like to do... you just cant get to ""the rides"" area without your early access which requires you to show your room key...🙄🙄🙄 I had mine, I gave my dad his, my nephews (who would be actually riding the rides) left their keys in the room, and their mom had hers with her... They went up ahead to go ride the rides, but couldnt get in because they didnt have the passes that we were told we didnt need after we got in... So they came back, found us, I passed out the passes, and they ran up again to find out that is ALSO not what was needed... they needed the room key to PROVE they were staying at a Universal hotel (your dates will be printed on your key [FYI]) so now she hurries up to show HER key which thankfully the guy allows them to go in as ""the general public"" who has also been let into the park early... is lining up separately in a different line, and as I get up to show my room key (since I actually had mine) they release everyone from the general public line... because it is now 9am... and I am thinking 9am they would now gain entry at the ""ticket takers""... NOPE. Why am I putting this here in the ""hotel"" review? Because IF you are staying at a Universal property hotel, I would imagine the ""reason"" is to-- go to the parks... because there is zero reason that I can tell as to why you would stay here if not for that ""perk"" alone. Also to note, the Cabana Bay bus slot at the PU/Drop spot... is (at least at the time of my writing this) the LAST slip in the parking lot.... meaning the furthest away at Universal City Walk. However, at Epic... it is significantly closer, thankfully. It's ""Slip 9"" which made us think it was going to be far, but it's a slight walk around a curved area and you are to the main drag. Same thing at Epic however, everyone gets let in, and you need your room key to get ""past a certain point"". A note on the transportation... the bus drivers were awesome, I was honestly expecting motor coaches, so I was pleasantly surprised to see that they were low-ride buses that have a couple places for handicapped accessibility strapping. The only thing that they are severely lacking is benches or seats nearby the bus stations so that people can rest or take a break as opposed to waiting in a line with no bus in 95 degree (actual, 105 degree real feel) muggy weather. also, expect that you might be standing up on the rides over they have a person count which exceeds the seat count...",3,en,0.3486279547214508,positive,0,hotel,FAMILY,2026-07-06
1067293188,85329,Castle Hotel Autograph Collection,Orlando,"From the front desk to the housekeeping to the Breakfast room staff, my stay was extremely pleasant. I would especially like to complement Luan and Clara who took care of us in the breakfast room for several days. They were both extrmely attentive and welcoming. The Castle Hotel Autograph Collection in Orlando is great for everyone from families, singles, business and extremely centrally located next to the Orlando Convention Center!",5,en,0.9671722054481506,positive,0,hotel,BUSINESS,2026-07-07
1067301784,10673726,Hampton Inn & Suites Miami Wynwood Design District,Miami,"Best location , near to several restaurants, stores , target and design district, all walking distance! Great breakfast, simple but very good. Staff is amazing!",5,en,0.9609169960021973,positive,0,hotel,BUSINESS,2026-07-07
1067383443,217397,Homewood Suites by Hilton Miami-Airport/Blue Lagoon,Miami,"Our driver, Jorge, is kind and lovely to travel with. Our 2 bedroom suite was clean and comfortable. We will stay here again.",5,en,0.9100776314735413,positive,2,jorge,FAMILY,2026-07-07
1067385940,1149365,Kimpton Epic Hotel by IHG,Miami,Great location!! Great rooms with balcony. The bathtub had a cutout for a pass through window. Amazing services with people holding doors. The little extra things mean a lot.,5,en,0.9625515341758728,positive,0,hotel,COUPLES,2026-07-07
1067395363,25150899,The Elser Hotel Miami,Miami,The Elser Hotel exceeded my expectations! A great place to kick off a family reunion! The check-in staff and porters were pleasant and helpful. The rooms were very comfortable! My family members also very much enjoyed the pool and pool bar/restaurant; a great place for all of us to congregate! I and my family members enjoyed both the food and the drinks! Several of my family members also appreciated the adjacent fitness center! The location of the hotel is obviously ideal for accessing the Miami Cruise Terminal; I really don't think that you can get much closer. I was pleased with the transportation provided by Travel VIP to get my family members to the terminal. That the hotel is located adjacent to the Market Place makes the location even more convenient; I know that several of my family members took advantage of this.,5,en,0.9708330035209656,positive,0,hotel,FAMILY,2026-07-07
1067396655,120210,The Florida Hotel & Conference Center,Orlando,"Everything was excellent, the service, the hygiene of the room, and the location.",5,en,0.9782534837722778,positive,0,hotel,FAMILY,2026-07-07
1067401671,1308392,Signia By Hilton Orlando - An Official Walt Disney WorldR Hotel,Orlando,"We stayed here over the July 4th holiday weekend and had a great overall experience, with a few tips for future guests. Room: We had room 614, a double queen with a nature preserve view. It was nice and spacious, though storage was a bit tight — just three drawers under the TV and one in the nightstand. We couldn’t see Disney Springs fireworks from our room (there weren’t any on the 4th), but we could clearly see their hot air balloon ride, so fireworks should be visible on nights they run. Parking: Self-parking has plenty of spots and an easy walk to the garage, but the gate can be finicky. WiFi/cell service is spotty down there, so digital key doesn’t work well — you’ll likely be tapping your physical room key repeatedly to get it to register. A confirmation beep on successful taps would be a nice fix. Food: Breakfast buffet at Harvest Bistro ran $103 for our family of four (with a 7-year-old and 12-year-old at half price). Our server Jeff was fantastic — great recommendations for restaurants, activities, and fireworks viewing spots. For comparison, IHOP the next morning came out to the same $103 before tip, since our kids don’t eat off the kids’ menu. Worth knowing there’s not much price difference either way.",4,en,0.6108806729316711,positive,0,hotel,FAMILY,2026-07-07
1067412846,217397,Homewood Suites by Hilton Miami-Airport/Blue Lagoon,Miami,"Yuri was awesome- very professional, respectful. We truly appreciate him.",5,en,0.9821580052375793,positive,2,jorge,COUPLES,2026-07-07
1067439921,217397,Homewood Suites by Hilton Miami-Airport/Blue Lagoon,Miami,"The experience was great, rooms were clean and well maintained. Hotel staff were very pleasant and accommodating. Yuri the shuttle driver was exceptional and has a high level of customer service.",5,en,0.9585768580436707,positive,2,jorge,SOLO,2026-07-08
1067448664,1308392,Signia By Hilton Orlando - An Official Walt Disney WorldR Hotel,Orlando,"Had an amazing first stay at Signia by Hilton Orlando during Memorial Weekend. I've stayed on the Waldorf side multiple times and loved it, but I've never stayed on the Signia side. My room was beautiful, spacious and updated. I was impressed with the upkeep of the property and the amenities. Despite being busy during Memorial Weekend, hotel staff did well to cater to the masses. Breakfast was delightful as were the meals I had at Zeta, Harvest Bistro, Beech poolside restaurant and the Bar. Notable mention going out to: Tavaun - Beech Server you rock! Luis - Beech Manager Kristen - Front Desk Agent Breanna - Host at Zeta Rex - Server Alfredo - Sever Elijah - Server Yanyssa A - Host I forgot the names at the other female hosts at Harvest Bistro Rodney - House Keeping Jean - House Keeping Ricardo my favorite server from La Louce Last but not least, Richard - Beech Server - who did an amazing job replacing my order when someone removed food and my chair taken by another guest after I step away to go to the counter. I appreciate you for being so helpful and understanding. Not so great service was provided by Tiffany - Beech Server. Do better! While my stays at the Waldorf is top tier in comparison, my overall stay was pleasant, service from the team was hospitable and I enjoyed my time there immensely.",5,en,0.6137497425079346,positive,1,service,SOLO,2026-07-08
1067456396,3932244,Universal Cabana Bay Beach Resort,Orlando,Good hotel it’s huge and busy though ! The shuttle was great outside to get to Universal And the early morning access for an hour was useful ! The Buffett obviously got busy too but the food was decent for mass produced food! Room was ok too for the 5 of us we had a family room.,4,en,0.9655295014381409,positive,-1,Unknown,FAMILY,2026-07-08
1067515255,85329,Castle Hotel Autograph Collection,Orlando,Wonderful staff and service. Attentive to our requests and explained the menu and buffet options clearly.,5,en,0.958405613899231,positive,1,service,FAMILY,2026-07-08
1067516024,85029,Intercontinental Miami By IHG,Miami,"We stayed one night at the InterContinental Miami before our return to Italy, taking advantage of its convenient proximity to the airport. The hotel and the rooms were impeccably clean, with excellent Wi-Fi throughout the property and a staff that was always friendly and helpful, 5 stars also for the breakfast with a rich buffet. During our stay, we spent a wonderful day by the pool with a terrace overlooking Biscayne Boulevard and enjoyed a pleasant aperitif dinner at the ""Toro Toro"" restaurant in the lobby. Both experiences were excellent. A special thanks goes to Roy, who with his kindness and friendliness made the day by the pool even more enjoyable. In general, we were extremely satisfied with the services offered and the treatment received: the professionalism, attention to detail, and care shown by the entire staff made our stay truly special. A hotel that knows how to make guests feel welcomed and pampered.",5,en,0.8509944677352905,positive,-1,Unknown,COUPLES,2026-07-08
1067526762,85029,Intercontinental Miami By IHG,Miami,I can’t think of one bad thing to say. Everything was amazing and it was one of the best stays I’ve had in a hotel in a long time. Service was great as well.,5,en,0.9391034841537476,positive,0,hotel,FAMILY,2026-07-08
1067532258,120210,The Florida Hotel & Conference Center,Orlando,"Clean and very quiet. Amenities for crews available. Bed was comfortable, room clean and the hallways were quiet. I didn't hear any loud speaking from staff in the hallways as I do at other hotels I stay at. Convenient location for dining and shopping.",5,en,0.9279487133026123,positive,0,hotel,BUSINESS,2026-07-08
1067546190,1308392,Signia By Hilton Orlando - An Official Walt Disney WorldR Hotel,Orlando,"We booked this hotel mainly for the pool area, which was exactly what’we hoped for. The pool was clean, well maintained, and the food service was excellent. Unfortunately, our checkout experience completely overshadowed an otherwise enjoyable stay. At checkout, the hotel apparently decided to run a system test at what had to be one of the busiest times of the day—possibly one of the busiest days of the year. There was no advance notice, no warning, and no communication to guests. As a result, my wife, our 11-year-old child, and I had to carry four 50-pound suitcases down 15 flights of stairs from the 15th floor to ground level, then climb another flight of stairs to reach the lobby. By the time we reached the front entrance, there were several valet attendants and bellmen standing nearby, yet not one offered to help my wife or our child with the luggage. Inside the lobby, the checkout line was nearly 20 people deep. I went to the concierge desk and asked to speak with a supervisor or front desk manager. The concierge disappeared into a back room, and a woman came out only to tell me I would have to wait in line. When I finally reached the front desk, I was assisted by Lisa, who was friendly and appeared to be new. I repeatedly asked to speak with a manager because I understood Lisa had limited authority to resolve the situation. After my final request, she told me the managers were busy directing guests to the stairwells. I left my name, phone number, and email address expecting someone from management to follow up. As of now, I have received no response. We left with damaged luggage, no explanation or apology from management, and a sweaty, exhausting ride to the airport. The only acknowledgment we received was, “Thank you for being a Diamond Member.” The pool and food service were great, but the lack of planning, communication, customer service, and follow-up during checkout completely overshadowed our stay. A little preparation and leadership could have turned a frustrating situation into a manageable one. Instead, it left us feeling ignored and disappointed.",1,en,0.4615698456764221,negative,0,hotel,FAMILY,2026-07-08
1067579495,1308392,Signia By Hilton Orlando - An Official Walt Disney WorldR Hotel,Orlando,"This is the best hotel getaway for families. We have two small children and their on-site restaurant La Luce is incredible for the kids. Chef Shirley and Maria the La Luce GM are incredible and made our kids feel like VIP guests. I loved the pork chop, it is my go-to when visiting. The rooms are amazing, we love the pool view rooms and the huge breakfast at Harvest is the best way to start our day before the theme parks. Also, the Lazy river cannot be beaten!",5,en,0.9834672808647156,positive,-1,Unknown,FAMILY,2026-07-09
1067580741,1308392,Signia By Hilton Orlando - An Official Walt Disney WorldR Hotel,Orlando,"Alejandra at Zeta, the manager Joe at Zeta and Dom at the front desk made this visit by far the best Hilton visit I’ve had. So grateful for their hospitality towards me and my daughter. Will be back for the food and the stay , thank you :)",5,en,0.980452835559845,positive,1,service,FAMILY,2026-07-09
1067584567,120210,The Florida Hotel & Conference Center,Orlando,"I really enjoyed my stay here! The staff was great, everyone was friendly and you could tell they genuinely enjoyed their job. The breakfast buffet was one of the best I’ve had in a while, everything was fresh!",5,en,0.9307962656021118,positive,-1,Unknown,BUSINESS,2026-07-09
1067607189,3932244,Universal Cabana Bay Beach Resort,Orlando,"Loved staying here. It’s our 3rd time and I would recommend however DO NOT use their automatic checkout. I have been waiting for 2 months for my incidental hold to be reversed only to find out they have charged me for room charges that I didn’t have. I opened a case with my bank to get back my incidental hold and cabana bay sent over ‘evidence’ of a room charge totalling $43.58. As a result my bank declined my chargeback. After looking at their ‘evidence’ the receipt didn’t have my name, room number or signature. The room number was 2729 but my room number was 4358. It would appear that a member of staff input the receipt amount as the room number and charged me. The fact that no human picked up this error before submitting it to my bank is insane. I would have been able to dispute this on the spot if I had completed checkout but now I’m back in the UK trying to sort this out but still getting nowhere. I’m so disappointed in the hotel and the way they have handled it. It’s really put a dampener on the stay with them",3,en,0.979900598526001,negative,0,hotel,FAMILY,2026-07-09
1067632177,85401,Rosen Inn at Pointe Orlando,Orlando,first time we have stayed here and i loved it. staff were very helpful. everyone wqs just so lovely and we felt very safe here at night. rooms were nice and we had fresh towels everyday as well as bins emptied. beds were changed every 4 days which was fine with me and a deep clean every week. location was lovely on international drive and easy to get to everything. i would give this hotel 10/10. we will definetely stay here again,5,en,0.8731959462165833,positive,-1,Unknown,FAMILY,2026-07-09
1067633741,85329,Castle Hotel Autograph Collection,Orlando,"Clara in the hotel restaurant is the person you want! She’s lovely and attentive. Overall great experience at this hotel under many points: cleanliness, relaxation, pool area, general staff, and of course, Clara!",5,en,0.9865574240684509,positive,-1,Unknown,BUSINESS,2026-07-09
1067648064,1149365,Kimpton Epic Hotel by IHG,Miami,Jean Baptiste was very kind and helpful with our bags. Was a great way to cap off the trip,5,en,0.9742828011512756,positive,2,jorge,FAMILY,2026-07-09
1067654720,85029,Intercontinental Miami By IHG,Miami,My visit to Miami Intercontinental was outstanding…notably the service in the lounge rendered by Alberto the Butler at Club Floor 29,5,en,0.9593663811683655,positive,-1,Unknown,SOLO,2026-07-09
1067664036,25150899,The Elser Hotel Miami,Miami,"We stayed one night pre-cruise at The Elser in June. After a long flight from the UK, we arrived and where greeted immediately by the bell staff who took our luggage straight from us and directed us into reception. Check in was quick and easy and the young guy was extremely polite and helpful. We received the keys to our room and were allocated a suite on the 32nd floor. Room 3215. The suite was absolutely beautiful, with an incredible view across Bayside, marina and the cruise port. The location of the hotel is fantastic. We didn't get to use the pool and restaurant but plan to stay longer when we next stay. We cannot wait to return and will stay a few extra night next November before another cruise to be able to use more of the facilities in the hotel. Hotel Elser thank you for a perfect stay. See you next time.",5,en,0.68955397605896,positive,0,hotel,COUPLES,2026-07-09
1067672443,85329,Castle Hotel Autograph Collection,Orlando,"Good location with many restaurants and attractions in the area. Hip feel in lobby, restaurant and pool area. Rooms are a bit weathered. Mattresses are ready for an upgrade. Gym needs significant upgrade. TVs not functioning well, dumbbells worn out and some missing, machines are old. Very nice restaurant staff. Clara, in particular, was always kind and welcoming each morning at breakfast.",4,en,0.928710401058197,positive,0,hotel,FAMILY,2026-07-09
1067685875,217397,Homewood Suites by Hilton Miami-Airport/Blue Lagoon,Miami,"Lovely experience, shout out to Walter for making this trip 10x better with his excellent customer service, really felt at home from the second he checked us in.",5,en,0.9879621863365173,positive,-1,Unknown,FRIENDS,2026-07-09
1067685891,217397,Homewood Suites by Hilton Miami-Airport/Blue Lagoon,Miami,Excellent customer service and went above and beyond to make us feel at home for the first time in Miami. Walter did everything for us from the moment we walked thru the doors,5,en,0.9656772017478943,positive,1,service,FRIENDS,2026-07-09
1067696141,25150899,The Elser Hotel Miami,Miami,Great hotel! Great pool! Manuel is the best and so helpful!,5,en,0.9796831607818604,positive,0,hotel,BUSINESS,2026-07-09
1067700673,1308392,Signia By Hilton Orlando - An Official Walt Disney WorldR Hotel,Orlando,My husband surprised me with a birthday dinner at “La Luce” a beautiful italian restaurant inside The Signia by Hilton hotel in Bonnet Creek Orlando Atmosphere was great - conveniently located and has complimentary valet Our waitstaff Luke & Nela were great. They truly made the evening special. From having a Birthday card signed by the staff to rose petals on the table 💛 The attention to detail was appreciated we were there for 3 hours enjoying every course of our meal. It was the perfect birthday celebration. Highly recommend - for a date to hand out to celebrate a special occasion. This is where to go Jen Feliciano,5,en,0.710533857345581,positive,1,service,COUPLES,2026-07-09
1067701472,1308392,Signia By Hilton Orlando - An Official Walt Disney WorldR Hotel,Orlando,Kirsten at desk front was spectacular and I caught her at her best. She is a magical human.,5,en,0.9715601801872253,positive,3,jasmine,BUSINESS,2026-07-09
1067778781,85329,Castle Hotel Autograph Collection,Orlando,Clara in the restaurant was attentive and helpful! Delicious!,5,en,0.9764435887336731,positive,-1,Unknown,BUSINESS,2026-07-10
1067786581,85029,Intercontinental Miami By IHG,Miami,"The hotel is in an excellent location with views over the bay. The hotel is excellent, beautifully maintained and decorated. The colleagues working there are all exceptional, especially Harold and Daniel who were incredible. The colleagues genuinely care, and will work hard to ensure you have a fantastic time. The room was very comfortable, the air conditioning was superb, and the bathroom was stunning. Highly recommended.",5,en,0.958751380443573,positive,-1,Unknown,SOLO,2026-07-10
1067788308,85029,Intercontinental Miami By IHG,Miami,"The Intercontinental Miami is a wonderful hotel. The rooms are large, well maintained, clean and nicely furnished. The staff is extremely accommodating, polite, and helpful. The staff and food in Toro Toro are very good and though pricey, worth every bite. The hotel is well located, adjacent to Miami’s above ground tram system that links all major areas of the city and the airport. The property itself has a Starbucks and two variety stores for incidentals. The gym and pool areas are excellent, with the gym being quite large and well equipped. Thanks for a great stay !",5,en,0.8190698027610779,positive,-1,Unknown,BUSINESS,2026-07-10
1067796659,1308392,Signia By Hilton Orlando - An Official Walt Disney WorldR Hotel,Orlando,My wife and i are staying here for the 3rd year straight every summer for 5-7 days we come to orlando for a buisness convention amd classes to grow your buisness and the staff id absolutely amazinh here im from bahhhston lol boston mass and we love it here shoutout to all the staff from room aervice to house keeping to the reat staff waiters pool service guys the life guards everyone front desk store employees that work til 2am with a smile and least but not least special yhanks to ROSA FROM HOUSEKEEPING ALSO JEFF EERSON ROCKY JOHN PAUL JOE EVELYN amazing hosts MORGAN L AREENE M YANYSSA A hosts THANK U FOR ANOTHER MEMORABLE EXP,5,en,0.9607417583465576,positive,1,service,COUPLES,2026-07-10
1067818262,85031,Miami Marriott Biscayne Bay,Miami,"Great location, it was nice to know that the hotel has such quality food and we did not need to leave the hotel. The food was good but the server AUREA was extremely helpful in helping in recommending our dishes.",5,en,0.9620073437690735,positive,-1,Unknown,FAMILY,2026-07-10
1067827829,85031,Miami Marriott Biscayne Bay,Miami,Aurea was fantastic! Highly recommend!,5,en,0.9505113363265991,positive,1,service,COUPLES,2026-07-10
1067836099,25150899,The Elser Hotel Miami,Miami,Manuel is the best and so helpful!,5,en,0.9868543148040771,positive,5,manuel,FAMILY,2026-07-10
1067844611,85031,Miami Marriott Biscayne Bay,Miami,"Bad service and terrible management. Final bill was not correct, was assured it would be corrected when we left but it was not. Tried to get them to correct it by contacting Marriott but was ignored after sending several emails. My final folio was less than what they charged my CC. Instead of correcting it they sent me a new folio 2 weeks later with what they charged my CC. They only did that when I dispute the charge with CC company.",1,en,0.993935227394104,negative,0,hotel,FAMILY,2026-07-10
1067846317,25150899,The Elser Hotel Miami,Miami,"When you arrive at the parking, you didn't know where to go. 2 valet guys and a lots of cars and guest. You go forward and go up, and up, and up, nobody to help you. Nobody to say how to pay parking or where is the lobby, or what you have to do. When you reach the room there's no clean. The floor of the room is disgusting, hair, fur, powder, plastic, terrible... If you need pan to cook, like I do, because I have a 18 months child, you will be surprised. Only 1 pan at the room. I've asked more and they took more than 4 hours to bring it. It's forbidden to smoke cigar, but it likes it's allowed to smoke weed. The smell is terrible every place you go, elevator, pools, rooms, disgusting...",2,en,0.9482870697975159,negative,0,hotel,FAMILY,2026-07-10
1067853977,1308392,Signia By Hilton Orlando - An Official Walt Disney WorldR Hotel,Orlando,Rex was great super nice server food was so tasty also the inside is spacious and comfortable and the food came fast everything was good,5,en,0.9332841634750366,positive,1,service,FRIENDS,2026-07-11
1067860788,85031,Miami Marriott Biscayne Bay,Miami,"During my stay, I received exceptional hospitality from the Marriott team. A special thank you to Frank at the restaurant (July 10, 2026) for his warm, attentive, and professional service. I would also like to recognize Miss Misha at the M Club for her outstanding hospitality throughout my stay. Their dedication to guest satisfaction truly enhanced my Marriott experience. Thank you both for making our visit so enjoyable. Your excellent customer service is greatly appreciated! — Tushar Bhansali",5,en,0.6238707304000854,positive,-1,Unknown,FAMILY,2026-07-11
1067917142,85029,Intercontinental Miami By IHG,Miami,"alberto is perfect！i love the longe in here, fresh food, lots of drinks",5,en,0.9483100771903992,positive,-1,Unknown,FAMILY,2026-07-11
1067931433,1149365,Kimpton Epic Hotel by IHG,Miami,"This has been the best hotel experience I’ve EVER had and I don’t say that lightly. I’m 54 and have been to plenty of hotels including the Kimpton in Savannah and this experience was just simply better. This exceptional experience started with Alex Caceres at the front desk. He was everything I could ask for in dealing with a front desk/guest services associate. He was professional yet warm, friendly. I was left with the impression I had been talking to a family member. The location was right on the river walk and you could step out of the hotel and watch the boats ride up and down the river. You are also a short walk to Bayside Market Place and to the metromover. You are also a short drive across the bridge to the cruise port in fact I could see our ship from our balcony. The room was clean, modern, and upscale. If you stayed at the Kimpton in Savannah the rooms here are completely different and what I would call swanky and more luxury focused. You can book the shuttle to take you to the cruise port for $12. We ate breakfast at Area 31 their on site restaurant and the food was typical breakfast food with good portions, tasty, and cooked to order. Service was again exceptional. I will be coming back to stay here every time I come back to Miami.",5,en,0.807272732257843,positive,0,hotel,COUPLES,2026-07-11
1067937876,85329,Castle Hotel Autograph Collection,Orlando,Services and the food was wonderful.,5,en,0.9569558501243591,positive,1,service,FAMILY,2026-07-11
1067942284,25222291,Holiday Inn Orlando International Dr-ICON by IHG,Orlando,"Great location, clean rooms, pool was huge, and the service was top tier. Ezgi at the fusion lounge was phenomenal and I highly recommend her smoked old fashioned!",5,en,0.9498097896575928,positive,-1,Unknown,FAMILY,2026-07-11
1067946266,85029,Intercontinental Miami By IHG,Miami,We had just missed breakfast in the lounge but Sorayda and her team were awesome. She managed to find us pastries and a few bits. We felt really welcome. We also got soft seal toys. 😊 Fantastic service!!,5,en,0.9453301429748535,positive,1,service,FAMILY,2026-07-11
1067955123,15089284,Hyde Midtown Miami,Miami,The property and amenities are first class and beautiful! The level of guest services and accommodations from George was impeccable! Enjoy this Modern property in the Heart of Midtown!,5,en,0.9612892270088196,positive,0,hotel,COUPLES,2026-07-11
1067995646,1308392,Signia By Hilton Orlando - An Official Walt Disney WorldR Hotel,Orlando,Luke at La Luce was fantastic the food was delicious,5,en,0.9216194152832031,positive,1,service,BUSINESS,2026-07-12
1068004774,15809999,Mr. C Miami Coconut Grove,Miami,"This is my third time staying at this hotel. My son attends a school close by and wanted a nice place to stay. However, I found the hotel lacking in areas that were very important. Turn down service, or When a driver would be picking up a guest the 3 men who worked at the hotel parking didn’t open the door to go into my car or coming back from a day out and when my daughter didn’t care for her pasta and sent it back because it was too sweet the bus lady didn’t tell the waiter. This hotel has limited staff and lazy. Many other hotels in the area.",1,en,0.8685688376426697,negative,0,hotel,FAMILY,2026-07-12
1068021722,217397,Homewood Suites by Hilton Miami-Airport/Blue Lagoon,Miami,Hello front desk Walter was very supportive and helpful with service. Wish and hope to visit you all again.,5,en,0.8945308923721313,positive,1,service,FAMILY,2026-07-12
1068049090,85401,Rosen Inn at Pointe Orlando,Orlando,"Second time we have stayed here, and will definitely/hopefully be back in 2 years. The hotel was very central for everything we wanted to do, we didn't have a car and just used the trolley bus, which was great. The hotel has 3 swimming pools, and we sat at one of the pools for around a couple of hours most days. There is no life guard on duty, and unfortunately sunbeds hoggers, which was a shame. They put towels down and disappear. The reception staff, ground staff, cleaning staff and restaurant staff were really nice, but the staff in the little coffee shop needed lessons in customer service. Likewise the angry barman in the zebra bar, although the other 2 barmen were very pleasant. Didn't tip him, although happy to tip the other 2. Wouldn't really look to stay anywhere else on international drive.",5,en,0.5689334273338318,negative,-1,Unknown,COUPLES,2026-07-12
1068063019,85029,Intercontinental Miami By IHG,Miami,Really enjoyed our stay. Reynier Daniela and sorayda were so helpful in the lounge and could not have done more. 5 star service and offers were great,5,en,0.939107358455658,positive,-1,Unknown,FAMILY,2026-07-12
1068105673,85329,Castle Hotel Autograph Collection,Orlando,Very friendly and helpful. Quick service,5,en,0.9670922160148621,positive,1,service,FAMILY,2026-07-12
1068116363,85031,Miami Marriott Biscayne Bay,Miami,Aurea was a warm welcoming server and bent over backwards to help us feel at home. She was very understanding with my children when they ordered and made great recommendations.,5,en,0.955987274646759,positive,1,service,FAMILY,2026-07-12
1068125854,25150899,The Elser Hotel Miami,Miami,"Manuel was an amazing helpful. Friendly, smiling, timely and great customer service. He is a jewel",5,en,0.9882985949516296,positive,5,manuel,FAMILY,2026-07-14
1068132500,85029,Intercontinental Miami By IHG,Miami,"I had an amazing experience at the Club Lounge. A special thank you to Jacqueline and Emilia, who were always attentive, welcoming and ready to help, they made my family and me feel genuinely cared !!!!!",5,en,0.9236956834793091,positive,1,service,FAMILY,2026-07-12
1068148805,1308392,Signia By Hilton Orlando - An Official Walt Disney WorldR Hotel,Orlando,"Absolutely fabulous trio, wonderful memories and delicious restaurants. Zeta sushi is the best around and my server Christine is sweet as can be, knowledgeable and had some great recommendations and was such a joy to talk to",5,en,0.9283775091171265,positive,1,service,BUSINESS,2026-07-13
1068149739,25150899,The Elser Hotel Miami,Miami,"The location was amazing, the room and the viwe were espectacular, we enjoyed the stay so much and Ariel was so great helping us on everything",5,en,0.9611236453056335,positive,-1,Unknown,FRIENDS,2026-07-13
1068230346,25150899,The Elser Hotel Miami,Miami,"Gino, from the concierge, was very helpful! The pool, rooftop bar, gym and all amenities are very good.",5,en,0.9425838589668274,positive,0,hotel,COUPLES,2026-07-13
1068235375,85029,Intercontinental Miami By IHG,Miami,"Overall it was an awesome property. Location was excellent! Staff very amicable and professional. Loved spending my hours by the pool. Staff there was super! Roy, Pablo, Stephanie made our long hours there a trully HAPPY HOUR! Mayling at Front Desk was just too nice and #1 at making our welcome the BEST! Would DEFINITELY stay there EVERY TIME I return to MIAMI!!! PS: Amazing view from every where you stood!!!",5,en,0.9040921330451965,positive,0,hotel,FAMILY,2026-07-13
1068241581,1149365,Kimpton Epic Hotel by IHG,Miami,"I came to Miami with 2 other friends, booking the stay here was the best decision we could’ve made. David has been incredibly attentive and helpful our entire stay. Any questions we’ve had, he’s answered or finds the answer for us. David has made this trip and stay a positive experience!! Thank you so much David!",5,en,0.8783785700798035,positive,-1,Unknown,FRIENDS,2026-07-13
1068248300,85029,Intercontinental Miami By IHG,Miami,"Amazing 3 nights experience! I highly recommend to get the Club Lounge VIP access, is truly worth it, they remodel it and it’s much better than before on the 29th floor, Jacqueline and Emilia are very nice and kind! I will go back for sure in the next couple of days. Thank you",5,en,0.9316593408584595,positive,-1,Unknown,FRIENDS,2026-07-13
1068262852,6727321,The Vagabond Hotel Miami,Miami,"We booked this hotel for one night during the FIFA WC match. It was great for the price point. The staff are very friendly and the pool area is really nice. Our only issue was the noise level. The walls are thin, so we could hear people at 2:15 am who were outside by the pool (even though we were at the very end of the hall). We heard very loud music again at 8:30am, so we didn't get a lot of sleep. Overall everything was clean and accommodating. If we stayed again, we would request a quieter area.",4,en,0.5288439393043518,positive,0,hotel,FAMILY,2026-07-13
1068272502,3932244,Universal Cabana Bay Beach Resort,Orlando,"If you want the volcano view room it is very misleading. All the pictures show the volcano but checked in a couldn't see the volcano. But have a nice view of a line to a water slide. The staff was friendly but very little spoke English so had to rely on other guest to find anything. Hotel itself isn't bad but I feel misled. When I called, was told you can still see the waterpark. I'm staying disney from now on.",1,en,0.9675845503807068,negative,0,hotel,FAMILY,2026-07-13
1068294640,85029,Intercontinental Miami By IHG,Miami,"Jacqueline provided an exceptional experience. She was incredibly welcoming, attentive, and always willing to help with a genuine smile. Her professionalism, attention to detail, and dedication to making every guest feel valued truly stood out. She made our experience at the InterContinental Miami even more enjoyable. Thank you, Jacqueline, for your outstanding service! 5 stars!",5,en,0.9198915362358093,positive,-1,Unknown,BUSINESS,2026-07-14
1068300584,1308392,Signia By Hilton Orlando - An Official Walt Disney WorldR Hotel,Orlando,"I really want to thank Rob for the AMAZING welcome set up in my room! I sincerely appreciated the note and snacks especially. Rob made sure that my experience would be second to none and it really was just that! I travel weekly for work and for many years I have been loyal and stayed at a competitors properties. However, I decided to start trying out Hiltons and after a crazy late night of travel last night.....the treats, fruit and wonderful glass bottles of water really meant a lot!!. Hiltons are going to be my new stay of choice!. Thank YOU Rob and the Signia by Hilton hotel! I hope other Hiltons can meet the bar you have set as I have already booked my next few weeks of travel at Hilton properties!",5,en,0.9022919535636902,positive,1,service,BUSINESS,2026-07-14
1068387936,6727321,The Vagabond Hotel Miami,Miami,"Stayed for 2 nights at the Vagabond and was truly impressed The hotel is full on retro and done with amazing style. The room, pool and public areas are immaculately clean and have a great vibe The staff are super friendly and helpful The location is super handy for public transport and Uber and there are some great eateries nearby. The Caracas bakery and Doggis Venezuelan restaurant are within a 50 meter walk. Bayside park is 25 minutes away by public bus We’ll definitely stay here when next in Miami",5,en,0.6424584984779358,positive,0,hotel,COUPLES,2026-07-14
1068392824,85029,Intercontinental Miami By IHG,Miami,"I tried the breakfast in the club lounge, the food here is very good. Butler Alberto is a very friendly and provides excellent service. I would to stay at Intercontinental Miami for the next time.",5,en,0.8736045956611633,positive,-1,Unknown,SOLO,2026-07-14
1068409539,3932244,Universal Cabana Bay Beach Resort,Orlando,"I booked 3 rooms, 2 months in advance. 3 family suite, interior entry rooms. At the Continental. We called 7 times prior to arrival over those months to ensure a set of connecting and then an adjoining or at least reasonably located 3rd room. Despite the hotel floor not being full our rooms were 4500, 4502 and 4567 a full over 5 minute walk away. These halls are huge. A CPU program has to be better or a human has to be more intelligent about room placement. This was the biggest disappointment traveling with 4 generations of the family and the difficulty with mobility between the locations. Rooms were clean. The multiple sinks in the bathroom helped with extra people and teeth brushing and getting ready etc. microwaves and fridges. The bus to EPIC was amazing and we never waited more than 15 minutes there or returning and went twice in a day. The walk to Volcano Bay was very convenient. This hotel is huge. The large food area/cafeteria style diner was great. We booked at bowling but never made it and had to cancel. Won't stay here because of the level of disappointment with the amount I spent and the planning I attempted to have such a poor experience on arrival. (rooms not ready or even close, when they were ready we had to return to the desk because the keys didn't work.)",3,en,0.39038097858428955,positive,0,hotel,FAMILY,2026-07-14
1068420506,3932244,Universal Cabana Bay Beach Resort,Orlando,We stayed at this hotel 7/5-7/11 . Very clean and comfortable. Only drawback was with the room cleaning service. We would arrive back at the hotel mid afternoon and the room had not been touched. Spoke with the maid and she said she would come back in an hour. I had to call the front desk 2 hours later. Cleaning lady showed up at 7:30 PM. Another day no room cleaning was done at all. This was the only drawback we experienced. Great location and amenities.,4,en,0.46898478269577026,positive,0,hotel,FAMILY,2026-07-14
1068440372,217397,Homewood Suites by Hilton Miami-Airport/Blue Lagoon,Miami,Yuri was great and very helpful,5,en,0.9698822498321533,positive,2,jorge,FAMILY,2026-07-15
1068447759,1308392,Signia By Hilton Orlando - An Official Walt Disney WorldR Hotel,Orlando,"Luke, Ricardo, and Nela were amazing. The care and attention they gave us was above and beyond any service we have previously experienced at any other restaurant we have been to. The food was great. We had an Antipasta platter, goat cheese and baby beets salad, and a pizza called Fico. La Luce is our favorite Italian restaurant in Disney. No one else comes close.",5,en,0.9472713470458984,positive,1,service,COUPLES,2026-07-15
1068453550,1149365,Kimpton Epic Hotel by IHG,Miami,This was our first time at the Kimpton. The room was nice clean and a great view. Everything about the hotel was top notch. Will definitely visit again. We love Miami.,5,en,0.8079344630241394,positive,0,hotel,COUPLES,2026-07-15
1068514221,85031,Miami Marriott Biscayne Bay,Miami,"Very nice hotel, well located.",5,en,0.9367504715919495,positive,0,hotel,BUSINESS,2026-07-15
1068533232,1149365,Kimpton Epic Hotel by IHG,Miami,Jean Baptiste was great he made sure we were comfortable and even assisted with our crazy amount of luggage lol!,5,en,0.9693877696990967,positive,2,jorge,COUPLES,2026-07-15
1068536983,1149365,Kimpton Epic Hotel by IHG,Miami,"I came with my family to celebrate my wife's birthday, and at the front desk, we were assisted by Domenica—a truly lovely person. She was very attentive from the moment we arrived, helped us with everything she could, and ensured we had a wonderful experience from start to finish. Hotel: 5/5 Domenica at the front desk: 100/5r",5,en,0.9298087358474731,positive,1,service,FAMILY,2026-07-15
1068558040,2253238,Hampton Inn & Suites By Hilton Miami Brickell Downtown,Miami,"This is not our first stay at the Hampton Inn in downtown Brickell and like the many other stays it did not disappoint. The value far exceeds the price and the location is great with so many restaurants within walking distance. We are always greeted by friendly staff doing their best to make our stay perfect. The atmosphere is great. Nice music and scent throughout the common areas. The rooms are quiet, decorated nicely, clean and the beds are very comfortable. The complimentary breakfast in the morning has a variety of food offerings for a great way to start your day. The gym has everything you need to get a workout in and the pool is a great spot to relax. This is always our hotel of choice when we come to visit and highly recommend it.",5,en,0.9492870569229126,positive,0,hotel,FAMILY,2026-07-15
1068561695,217395,Mayfair House Hotel & Garden,Miami,"I grew up going to the Mayfair, but I wanted to see it now. I only just stopped in to take a peak. I can say that now it’s one of the most beautiful buildings in all of Miami’s history, and the restaurant shows it off best. I wasn’t going to stay, but Patricia the hostess was so charming and helpful, I ended up staying for dinner after talking with her. It was really the staff that made it a certainty for me that I may be a regular as a solo patron weekly, not just saving this gorgeous place for large groups. Toni my waitress also took care of me so well inside the stunning atrium of Mayfair. As an original Grove-ite, and can say that with this staff and space, and menu, Mayfair cafe is unmissable.",5,en,0.9459267258644104,positive,0,hotel,SOLO,2026-07-15
1068569809,12451425,Universal Aventura Hotel,Orlando,We stayed for one night as we wanted to visit volcano bay. The location is excellent for the park as you can walk there in 5 mins. Hotel was clean and spaciois,5,en,0.6565211415290833,positive,0,hotel,FAMILY,2026-07-15
1068576395,85029,Intercontinental Miami By IHG,Miami,"Stayed here one night to fly out of Miami. Very good location, super clean and nice for the price.",5,en,0.9618791341781616,positive,0,hotel,FAMILY,2026-07-15
1068582362,288592,"Brickell Arch, A Luxury Collection Hotel, Miami",Miami,"Randomly found this property by incident, but the moment my husband and I stepped out of the elevator on the 25th floor,we were greeted by an elegant, courteous and attentive gentleman; he helped us free the wheels of a piece of luggage that had gotten stuck in the elevator's rollers mechanism and then guided us to the next elevator that leads to the guests rooms. Along the way muy husband lost hist reading glasses, but within minutes, that same gentleman knocked on our door to return them that was when we learned he was the Food and Beverages Manager. The story doesn't end there, thought,the next morning, when we went for breakfast, he welcomed us outside the restaurant, offering us Cuban Coffee and patries.Leandro you will always be very memorable to us, we are also infinitely grateful to you for recommending that we have dinner at Marabu Cuban Restaurant, we loved it.May life multiply blessings upon you forcthe very special way you plase and serve others.",5,en,0.9821320176124573,positive,-1,Unknown,COUPLES,2026-07-16
1068582660,85029,Intercontinental Miami By IHG,Miami,"Great Location within walking distance to Bayside Park and Bayside Marketplace. The Club Lounge is a good value for us because of the daily breakfast, afternoon tea, cocktails & canapés. Thank You to Jacqueline for her attentive service and assistance with all of our snacks and drinks!",5,en,0.9458452463150024,positive,-1,Unknown,FAMILY,2026-07-16
1068582699,85029,Intercontinental Miami By IHG,Miami,"Always a great place to stay, close to everything. I also recommend adding Plunge access, which includes food and drinks twice a day. The staff is amazing, especially Jackeline, who always provides outstanding service!",5,en,0.9183237552642822,positive,-1,Unknown,FRIENDS,2026-07-16
1068586827,85329,Castle Hotel Autograph Collection,Orlando,I ordered a quesadilla and Holden was amazing!,5,en,0.9835505485534668,positive,1,service,SOLO,2026-07-16
1068588493,1308392,Signia By Hilton Orlando - An Official Walt Disney WorldR Hotel,Orlando,Erica was amazing! Her personality made the whole experience the best!,5,en,0.991743266582489,positive,3,jasmine,BUSINESS,2026-07-16
1068588676,25150899,The Elser Hotel Miami,Miami,Beautiful hotel close to everything and Emanuel was so nice and helpful. He bought all our belongings to our room. Definitely worth every penny that we spend. Clean and smells wonderful.,5,en,0.969698965549469,positive,-1,Unknown,FAMILY,2026-07-16
1068645659,85329,Castle Hotel Autograph Collection,Orlando,The team at breakfast were so nice and helpful!,5,en,0.9771645069122314,positive,1,service,BUSINESS,2026-07-16
1068648907,6727321,The Vagabond Hotel Miami,Miami,"We had a great stay at the Vagabond and would absolutely stay again. It's been beautifully restored and the rooms are well kept with huge comfy beds. As previous reviewers have mentioned the staff are lovely. Very helpful and friendly. Special mention to Linda who looked after reception in the evenings. Housekeeping was to a very high standard and the AC was top notch. Essential in the Summer. The pool area was a real bonus and despite being on Biscayne Blvd, you could hardly hear the road. Same went for the rooms which were super quiet at night. We chose this part of town for better value and weren't disappointed. There are lots of places to eat within a 2-3 block walk which is a bonus for a city that is built for the car! It's a lovely low rise part of the city and it's clear that there has been investment in the neighbourhood. Alternatively North Beach is a 13 minute drive for a wider choice of bars and restaurants with nearby parking for $1 an hour.",5,en,0.9471132755279541,positive,0,hotel,FAMILY,2026-07-16
1068662033,217395,Mayfair House Hotel & Garden,Miami,"The staff here is amazing, Fabricio and Patricia are awesome, Super helpful and very kind. Would definitely recommend and go again",5,en,0.9579684734344482,positive,1,service,BUSINESS,2026-07-16
1068664196,85329,Castle Hotel Autograph Collection,Orlando,My daughter and grand daughters occasionally come up from South Florida for volleyball and we being local join them at hotel. This has become their go to hotel as most of their teams also. Jenna and Marisa are always friendly at front desk. We missed Joe at front door this last time as he's a big reason they stay here. He's always talking to girls about volleyball as he's knowledgeable about it and they missed him being here. We love coming over to see them when here and going to Mia's across street.,5,en,0.9622864723205566,positive,-1,Unknown,FAMILY,2026-07-16
1068667524,1149365,Kimpton Epic Hotel by IHG,Miami,"Everything very good, always very friendly.",5,en,0.983707070350647,positive,1,service,FAMILY,2026-07-16
1068670529,217395,Mayfair House Hotel & Garden,Miami,I love this hotel. It’s charming. I love the decor has all the right Miami vibes. The staff is really friendly. We had a hostess at the grill that was super sweet and accommodating. Her name was Patricia. I will definitely recommend this hotel to friends and family.,5,en,0.9562039375305176,positive,-1,Unknown,COUPLES,2026-07-16
1068677763,1149365,Kimpton Epic Hotel by IHG,Miami,Jean bapt was super friendly and the hotel is beautiful 10/10,5,en,0.9712814688682556,positive,2,jorge,FAMILY,2026-07-16
1068681187,120210,The Florida Hotel & Conference Center,Orlando,"I love how kind and helpful the staff is! I had multiple employes help with my overflow of baggage. They couldn't have been happier to do so, despite needing to drop it off in multiple locations. This is one of the few places where service comes before anything else - always so impressive!",5,en,0.9508663415908813,positive,1,service,BUSINESS,2026-07-16
1068685959,1149365,Kimpton Epic Hotel by IHG,Miami,What an Awesome Experience Eduardo the Bellman was amazing. Lots of bags we had and young kids . He sorted us well. Felt like home. Michael was awesome. Sylvia and Yanetsi made sure our Room is always top of line. With young kids this was super helpful The whole team was extremely kind and this is most important aspect especially when you are with young family and from overseas. We will keep on coming back. What an awesome Stay . Thank you & God Bless,5,en,0.9145113825798035,positive,1,service,FAMILY,2026-07-16
1068687951,120210,The Florida Hotel & Conference Center,Orlando,A great team of hospitable and helpful people. Thank you so much for looking after us airline crews!,5,en,0.9639553427696228,positive,-1,Unknown,BUSINESS,2026-07-16
1068690116,120210,The Florida Hotel & Conference Center,Orlando,"From the quick and friendly service at the restaurant downstairs, to the cozy rooms with convenient amenities, this is an excellent spot to book a stay! The pool gets a lot of sunlight throughout the day, and the mall attached has great shopping without having to sit in traffic!",5,en,0.9803094863891602,positive,0,hotel,BUSINESS,2026-07-16
1068725230,1308392,Signia By Hilton Orlando - An Official Walt Disney WorldR Hotel,Orlando,"Our Waiter Stefan was Excellent!!! We give him 10 Stars for accommodating us in every way. We asked him to split our bill and our entree. We also asked Stefan to explain the menu, which he did very accurately!!! We are so pleased with Stefan. We had an appetizer, salad, entree and dessert. All the food was oh so Delicious! Thank you, Dolores and Gretchen. Highschool friends.",5,en,0.920992910861969,positive,-1,Unknown,FRIENDS,2026-07-17
1068725643,120210,The Florida Hotel & Conference Center,Orlando,It was great- rooms were very clean and tidy. And everything is at convenience! Except gum lol I checked both vending machines 🤣,5,en,0.9318547248840332,positive,0,hotel,BUSINESS,2026-07-17
1068733275,85029,Intercontinental Miami By IHG,Miami,"My mom and I stayed at the InterContinental Miami to celebrate my mom’s birthday, and what we experienced was so much more than a hotel stay, it became a memory we will cherish for the rest of our lives. From the moment we arrived, we were welcomed with genuine warmth and kindness. The room was beautifully decorated with balloons, flowers, and thoughtful details that immediately made my mom feel celebrated. She was completely overwhelmed with emotion and actually cried after she walked into the room. Seeing her so happy was priceless and it is a moment our family will never forget. The biggest reason this stay was so extraordinary was Mariana from Room Fairies along side Eduardo Rosello and Mauricio Botero. Mariana poured her heart into every detail. She took the time to learn about my mom, carefully selected beautiful purple flowers and sunflowers, and even left us one of her mother’s poetry books because Puerto Rico held such a special place in her mother’s heart. That incredibly personal and heartfelt gesture touched us beyond words. It wasn’t just customer service it truly was genuine human kindness. Mr Rosello and Mr Mauricio were equally wonderful, helping make everything seamless and making us feel truly cared for throughout our stay. Together, they transformed what could have been a nice birthday into one of the most meaningful celebrations my mom has ever had. Beyond the incredible hospitality, the hotel itself is fantastic. The location is unbeatable, we were able to easily walk to the FIFA Fan Festival for the World Cup festivities, which made the experience even more exciting. Watching the games surrounded by fans from all over the world was unforgettable. The Fourth of July rooftop celebration was another highlight. The views over Biscayne Bay and the fireworks and the drone show were spectacular, the atmosphere was festive, and it was the perfect way to end such a special trip. Everything about the hotel, from the beautiful property, comfortable rooms, cleanliness, and excellent service, was outstanding. But what truly sets the InterContinental Miami apart are the people who work there. They made us feel like family from the moment they open the door for you. We travel often, but very few places leave a lasting imprint on your heart. This one did. If we return to Miami, it will be because of Mariana, Mauricio and Rosello. They reminded us that hospitality isn’t just about a beautiful hotel, it’s about making people feel seen, loved, and cared for. Thank you InterContinental Miami for giving my mom a birthday she’ll remember forever. And from the bottom of our hearts, thank you, Mariana, Eduardo Rosello and Mauricio Botero. You truly made magic happen, and we will never forget your kindness. ❤️🎈🌻💜",5,en,0.40068694949150085,positive,-1,Unknown,FRIENDS,2026-07-17
1068743447,1308392,Signia By Hilton Orlando - An Official Walt Disney WorldR Hotel,Orlando,"We recently stayed at the Signia by Hilton Orlando Bonnet Creek and, once again, had a fantastic experience. The property is beautiful, well-maintained, and consistently delivers outstanding hospitality. One of the biggest reasons we continue to return is Erika at Harvest Bistro. She provides exceptional service every time we visit and always makes us feel genuinely welcome. Erika is warm, attentive, professional, and goes above and beyond to ensure every dining experience is enjoyable. Her positive attitude and sincere care for guests truly set her apart. As a Hilton Team Member, I know how important it is to create memorable guest experiences, and Erika exemplifies the very best of Hilton hospitality. It is especially appreciated to be treated not just as a Team Member, but as a valued guest. Her kindness and consistency never go unnoticed. The Signia Orlando has become our family's favorite place to celebrate birthdays and other special occasions. We always look forward to our visits, knowing we'll enjoy a beautiful property, great amenities, and outstanding service from team members like Erika who make every stay feel special. Thank you, Erika, for always making our celebrations and family getaways so memorable. We look forward to returning again and again! Sasha Merrikh, Hilton Team Member",5,en,0.48245033621788025,positive,1,service,FAMILY,2026-07-17
1068766311,85401,Rosen Inn at Pointe Orlando,Orlando,"If you are looking for the perfect blend of unbeatable convenience, cleanliness, and exceptional value for your next trip, look no further than the Rosen Inn at Pointe Orlando. ​Situated in the heart of the International Drive, the location is truly second to none. It provides effortless access to the area's world-renowned attractions, superb dining options, and fantastic shopping venues, putting everything you could possibly want right at your doorstep. Despite being so centrally located, the property serves as a wonderfully comfortable retreat after a long, busy day of exploring. ​We were particularly impressed by the meticulous attention to detail regarding the upkeep of the property. The rooms and common areas are clean and maintained to a high standard, providing a spotless and welcoming environment to return to each evening. ​Perhaps the most astonishing aspect of our experience was the sheer value for money. When compared to the exorbitant and often inflated prices of the official on-site resort hotels, the accommodations here are very fairly priced. It allows you to maximize your trip budget without having to sacrifice comfort, quality, or convenience. It offers everything you could possibly need for a fantastic holiday at a fraction of the cost. ​Ultimately, our family wouldn't stay anywhere else.",5,en,0.6341384649276733,positive,0,hotel,FAMILY,2026-07-17
1068784386,85329,Castle Hotel Autograph Collection,Orlando,This hotel has one of the best breakfast buffets with top notch made to order omelettes and the best service from Clara & Ernesto!,5,en,0.9788244962692261,positive,-1,Unknown,BUSINESS,2026-07-17
1068785606,120210,The Florida Hotel & Conference Center,Orlando,"The location is excellent. Everything is near. The atmosphere of the place made the trip much more enjoyable. It felt welcoming, relaxed, and friendly, which helped me feel comfortable and able to enjoy the surroundings The rooms are very clean, confortable and the noise level is almost nothing. The number of amenities we have access to is extremely useful.",5,en,0.9397122263908386,positive,0,hotel,BUSINESS,2026-07-17
1068796755,85329,Castle Hotel Autograph Collection,Orlando,Very warm check in experience. Ernesto made breakfast very special.,5,en,0.9935743808746338,positive,-1,Unknown,COUPLES,2026-07-17
1068812847,3932244,Universal Cabana Bay Beach Resort,Orlando,"Excellent support at check in with Connor. He upgraded us to a larger family room for $30 dollars per night. Room was v spacious and had everything we needed located in the Thunderbird section. Two pools are large - one with a slide and one with a lazy river. Lifeguards on duty and pool doesn’t close until 11pm. My only criticism is that some of the sun loungers are very tired and damaged. Parking available and a resort charge per night is also applied. 4/5 places to eat within the resort plus a Star Bucks. We used our VIP $300 on drinks and snacks for the kids. The biggest positive of this resort is its location to the parks and the early access. It is so convenient - we walked to the water park and we got the shuttle buses which leave every 15 mins to the other parks. So convenient. We walked from our hotel to City Walk in about 20 mins and Universal and Island of Adventure are both located there. Loved the early access at 8am for Epic, I of A and the water park. We got lots of rides done before the queues became mad. Overall, we loved this resort and made great memories as a family!",5,en,0.9131313562393188,positive,0,hotel,FAMILY,2026-07-17
1068840585,85031,Miami Marriott Biscayne Bay,Miami,"Our dining experience at the Marriott Miami Biscayne Bay Gold Coast restaurant was outstanding from start to finish.. The food was fresh, beautifully presented, and absolutely delicious, but what truly made our visit exceptional was our server, Aurea. Aurea provided warm, attentive, and genuinely outstanding service.She anticipated our needs, made excellent recommendations, and made us feel welcome throughout the entire meal. Her professionalism, kindness, and positive attitude turned a great dinner into a memorable experience. If you’re dining at the Marriott Miami Biscayne Bay Gold Coast restaurant I highly recommend asking for Aurea. She is a true asset to the restaurant",5,en,0.5611324906349182,positive,-1,Unknown,FAMILY,2026-07-17
1068843683,25150899,The Elser Hotel Miami,Miami,Greatest person I’ve ever met!!!,5,en,0.9597492218017578,positive,1,service,FAMILY,2026-07-17
1068851398,85029,Intercontinental Miami By IHG,Miami,"Beautiful view ,cool vibes & intercontinental touch. Recommend to add on breakfast if not included!",5,en,0.9839869141578674,positive,1,service,FRIENDS,2026-07-17
1068859369,120210,The Florida Hotel & Conference Center,Orlando,"Crickets Bar, and Lounge , has the best atmosphere. Matthew is a phenomenal bartender.",5,en,0.9291377663612366,positive,-1,Unknown,BUSINESS,2026-07-18
1068861164,85029,Intercontinental Miami By IHG,Miami,"What a lovely experience we had at the Hotel from the moment the doormen welcomed us, the girl at the front desk was extremely kind and when we went up to the lounge we loved the treatment from Sorayda (who makes delicious Cosmopolitans accompanied by her smile and was super attentive at all times) and Zeylin who has a special sweetness in her service!!! We definitely loved the hotel and we are definitely coming back!!!! Thanks to the team!!",5,en,0.9735782146453857,positive,-1,Unknown,COUPLES,2026-07-18
1068861608,85029,Intercontinental Miami By IHG,Miami,"We stayed at this hotel both before and after our cruise, and I just wanted to say what a wonderful experience we had. Unfortunately, I don’t remember the names of the front desk team or the bellmen who welcomed us, but they truly deserve to be recognized. From the moment we arrived, everyone was so kind, welcoming, and genuinely happy to help. They were able to get us into our room early, which made such a big difference after traveling. It was such a relief to be able to settle in, relax, and enjoy the hotel instead of waiting around. Coming back after our cruise felt just as nice. It honestly felt like our little escape before heading back home, and the staff made that experience even better. I also have to give a special thank you to Sorayda at the lounge bar. She was so friendly, made amazing drinks, and you could tell she really enjoys what she does. And to Zeylin, who took care of us during the buffet, thank you for your kindness and hospitality. She made us feel so welcome every time we saw her. Thank you to everyone for making our stay so enjoyable. It’s people like you that make guests want to come back, and we definitely will.",5,en,0.9014960527420044,positive,-1,Unknown,FAMILY,2026-07-18
1068864283,3932244,Universal Cabana Bay Beach Resort,Orlando,"I do not recommend it, super disappointing, the service is very bad. I am at the hotel right now; in my reservation, I requested early check-in for my husband's birthday, and the truth is that since I arrived, everything has been the opposite, bad service. They gave me the room at 4:50 in the afternoon after I checked in at 1 pm, and they gave me many excuses. I honestly do not recommend it.",1,en,0.9911729693412781,negative,-1,Unknown,FAMILY,2026-07-18
1068868203,1308392,Signia By Hilton Orlando - An Official Walt Disney WorldR Hotel,Orlando,We went to La Luca during our stay and had the most amazing experience with Joe as our server. He was so wonderful with us and our kids. We highly recommend everything there especially the service.,5,en,0.9511073231697083,positive,-1,Unknown,FAMILY,2026-07-18
1068870523,85029,Intercontinental Miami By IHG,Miami,"They RE-CHARGED us for a breakfast buffet WE DIDN’T HAVE. We flew into Miami on 7/11/26 for a World Cup match and checked out the next morning. We had no complaints about the stay until checkout. The checkout agent said we had a breakfast buffet charge that day, which we did not eat. I assured her all the other charges were correct but neither my wife nor I had breakfast. In fact, we had brunch reservations at Joe’s Stone Crab right after we checked out (so why would we eat a buffet before?). The agent took off the breakfast charge but did remark in a very suspicious and snarky manner, “oh, that is interesting…” which was offensive but I didn’t say anything in reply. I’ve spent a significant chunk of my life in hotels but never had that kind of suspicion directed at me. The real problem started when I found out a couple of days later that the hotel had RE-CHARGED us for the breakfast we never had, the day after we checked out. Of course, I contacted IHG support and disputed the charge again. The management of the hotel replied and said the charge was for the breakfast buffett and that was all. Basically, the hotel is calling us liars/criminals. I contacted IHG again and asked to have them check the security camera footage. We never even went to the buffet restaurant during our one-night stay. Also, I offered to show them the credit card receipt for brunch at Joe’s Stone Crab which we had immediately after checkout. They said they would respond in 24 hours but never been. My wife once had a similar experience at a Marriott where someone accidentally / intentionally charged her room for a breakfast she never had. After a quick investigation, they took off the charge, simple as that. I had been a Hyatt Globalist for a while and have stayed at many hotels in my life and this is the only time I’ve been accused of lying. Their lack of process or controls to ensure that innocent guests don’t get incorrectly charged for food/service they never had is very unsettling. I certainly will not stay at this property again and will have serious reservations about staying at any IHG property in the future.",1,en,0.5546044111251831,negative,0,hotel,COUPLES,2026-07-18
1068873478,85031,Miami Marriott Biscayne Bay,Miami,"I had an amazing experience! Carlos and Frank were my servers and they were phenomenal. I felt so hosted and welcomed. Constantly being checked on, I went to celebrate my friend’s birthday and we had an exceptional time. This was an amazing experience, I recommend you should go!",5,en,0.950910747051239,positive,-1,Unknown,FRIENDS,2026-07-18
1068873496,85031,Miami Marriott Biscayne Bay,Miami,It was such a great experience!! Carlos and Frank were amazing serves. Can’t wait to be back! Loved having my birthday dinner here,5,en,0.8919762969017029,positive,1,service,FRIENDS,2026-07-18
1068873568,85031,Miami Marriott Biscayne Bay,Miami,"What an incredible dining experience from start to finish! The churrasco was absolutely phenomenal, perfectly cooked, flavorful, and easily one of the best I’ve ever had. The atmosphere was vibrant, welcoming, and made the entire evening even more enjoyable. A special thank you to Carlos for the exceptional service and hospitality. He was attentive, friendly, and made us feel genuinely welcomed throughout our visit. It’s rare to find service that elevates an already amazing meal, but Carlos did exactly that. Everything about our visit exceeded expectations. Outstanding food, exceptional service, and an unforgettable atmosphere. We had an amazing time and will definitely be back. Highly recommend!",5,en,0.5215332508087158,positive,1,service,FRIENDS,2026-07-18
1068923230,85329,Castle Hotel Autograph Collection,Orlando,Always great service and food!,5,en,0.9707401394844055,positive,-1,Unknown,COUPLES,2026-07-18
1068928885,85401,Rosen Inn at Pointe Orlando,Orlando,"We are a family of 7 so we had two rooms. The room was spacious and the beds were comfortable. We were in block C 4th floor the view we had was beautiful. Free shuttles to universal which had to be booked in 24hrs in advance, unfortunately we keept forgetting to book after visiting a park. so the day we were going we just had to book or the next day before the shuttle arrived. The drivers were very friendly and helpful. We ate a few times at zebras, the staff behind the bar was awesome very helpful and friendly and the guy who was cleaning up the plates was very friendly also, Both shop staff is great and have a few items we've forgot to bring. This hotel is in the heart of international drive, We definitely cant wait to come back. This was our first time ever visiting orlando and this hotel and you have left an imprint on our hearts. 💜",5,en,0.9464308023452759,positive,0,hotel,FAMILY,2026-07-18
1068933903,85031,Miami Marriott Biscayne Bay,Miami,"We had a very nice experience at the Biscayne Bay hotel. The breakfast buffet was great and Aurea, our server, was amazing. Very helpful, always looking if we need anything at the table and very friendly. The hotel and restaurant was great the staff are very friendly and the rooms are big and cozy. The location is ideal if you are taking a cruise.",5,en,0.862150251865387,positive,-1,Unknown,FAMILY,2026-07-18
1068934062,85329,Castle Hotel Autograph Collection,Orlando,Came to Orlando for the night and stayed at The Castle Hotel. Had breakfast and the privilege of being waited on by Clara. She was top notch and took great care of us. Will come back again.,5,en,0.9215241074562073,positive,1,service,FRIENDS,2026-07-18
1068935432,85029,Intercontinental Miami By IHG,Miami,Fabulous hotel - Amazing view! Comfortable rooms! Incredible breakfast! Delightful club lounge! Terrific staff! Alberto Ferrer in the club lounge was particularly kind and attentive and helped out with my plans to support Spain in beating Argentina at the World Cup final. Vamos España. (I’m English),5,en,0.9246099591255188,positive,-1,Unknown,SOLO,2026-07-18
1068937706,85329,Castle Hotel Autograph Collection,Orlando,I really enjoyed the delicious breakfast! Food was great! Clara was amazing always checking on me. Some other servers were too busy checking their phones to assist me. Clara came to my hunger rescue!,5,en,0.9464588761329651,positive,1,service,SOLO,2026-07-18
1068940845,87115,Sonesta Miami Airport,Miami,"Great renovated property, clean, refreshing and very good service. Rooms and bed excellent and great value. Front desk staff is fantastic and you can clearly notice they are trying hard to satisfy guests, contrary to other airport hotels. In front of hotel, there is an excellent Cuban restaurant called Latin Cafe (best Cuban in MIA).",5,en,0.9664644598960876,positive,-1,Unknown,FAMILY,2026-07-18
1068943323,15089284,Hyde Midtown Miami,Miami,George was super Helpful. Midtown is awesome!,5,en,0.9740198254585266,positive,0,hotel,COUPLES,2026-07-18
1068954031,120210,The Florida Hotel & Conference Center,Orlando,"My husband and I stayed at this hotel for a week and enjoyed a beautiful stay. We were attending a conference which did keep us quite busy, but the rooms, the resteraunts, and the staff as well as ballroom were all outstanding. We have stayed here off and on over 25 years and each stay gets even better.",5,en,0.9113253355026245,positive,-1,Unknown,BUSINESS,2026-07-18
1068994564,1308392,Signia By Hilton Orlando - An Official Walt Disney WorldR Hotel,Orlando,"The staff were excellent and are super responsive to requests and questions. I would stay here for a weekend, but I feel like I could stay here for weeks on end if financially feasible.",5,en,0.8067538738250732,positive,-1,Unknown,COUPLES,2026-07-18
1069010670,1149365,Kimpton Epic Hotel by IHG,Miami,I had a wonderful stayed at Kimpton Epic Hotel downtown Miami. The place is awesome with amazing staffs from valet ramp to front desk. Everyone was doing a great job. Jean Baptiste was approached me with kindness and professional skills. Jean Baptiste went above his duties to make feel comfortable. Jean Baptiste was very friendly and professional. I would like to recommend Kimpton Epic hotel to other people and I will be back soon.,5,en,0.894648015499115,positive,0,hotel,BUSINESS,2026-07-19
1069077717,85329,Castle Hotel Autograph Collection,Orlando,"Great location! Clean, safe and Clara from the morning breakfast was amazing!",5,en,0.9759793877601624,positive,-1,Unknown,SOLO,2026-07-19
1069078301,85329,Castle Hotel Autograph Collection,Orlando,Clean facilities and a good family atmosphere,5,en,0.9827477931976318,positive,0,hotel,FAMILY,2026-07-19
1069087787,1308392,Signia By Hilton Orlando - An Official Walt Disney WorldR Hotel,Orlando,"Erica was very courteous, helpful and professional.",5,en,0.9680893421173096,positive,3,jasmine,FAMILY,2026-07-19
1069088138,1308392,Signia By Hilton Orlando - An Official Walt Disney WorldR Hotel,Orlando,Erica at Harvest Bistro was great!,5,en,0.9828783869743347,positive,3,jasmine,FAMILY,2026-07-19
1069088649,1308392,Signia By Hilton Orlando - An Official Walt Disney WorldR Hotel,Orlando,"Fantastic stay. Great food, calm atmosphere, and a perfect location right on Disney property. Rooms were clean, and the value and amenities were awesome. Erica, our server, was outstanding and made our experience even better. Highly recommended.",5,en,0.946459174156189,positive,-1,Unknown,FAMILY,2026-07-19
1069114724,217395,Mayfair House Hotel & Garden,Miami,"Dear Mr..Mitchell , I met Patricia the student from Madrid at Sip Sip rooftop of the hotel This beautiful human being welcomed me with warmth . You could immediately could she genuinely cares and engaged and loves at what she is doing ! Patricia is a blessing to your hotel and make great contribution. It’s wonderful having her around and hopefully she will be here next time we’re back 🙏🏻 Thanks Ana ❤️",5,en,0.9817591905593872,positive,-1,Unknown,SOLO,2026-07-19
1069119766,85329,Castle Hotel Autograph Collection,Orlando,"I wanted to share the amazing feedback and accolades that we experienced with your staff during our stay and bridal shower. The service, the attention to detail, a wonderful, helpful attitude, and the extra mile that every single one of your employees demonstrated! Macarena is an exemplary leader, helpful, and very sweet. Demonstrates true hospitality. Kyle/ryan both equally helpful, professional, true hospitality driven. The setup and serving staff: thong, maria, Clara provided five point star service, personable, and extremely attentive. Everyone felt as if they were at a Michelin star restaurant. Thank you for everything! Your staff is a true asset to your hotel property. Congratulations. Thank you again Ivette",5,en,0.7903632521629333,positive,1,service,FRIENDS,2026-07-19
1069137171,85031,Miami Marriott Biscayne Bay,Miami,"The food is amazing, also all the personal is really nice and gentle. The attention is great and my family and I had a great experience, cause our server made us feel as home",5,en,0.9453312158584595,positive,-1,Unknown,FAMILY,2026-07-19
1069245159,85031,Miami Marriott Biscayne Bay,Miami,The experience was great! Me and my family went for breakfast and Aurea made sure our juice glasses were full and was very kind and friendly! It was my mom’s birthday and she arranged for the kitchen to sing and gave her birthday waffles! 🥺,5,en,0.9750491976737976,positive,-1,Unknown,FAMILY,2026-07-20
1069298947,1308392,Signia By Hilton Orlando - An Official Walt Disney WorldR Hotel,Orlando,At the pool bar asked for a mojito and got a cup of mint and old lemon that was never even squeezed. The lemon was browned corners and it tasted like a sour lemonade. Went to bar and when I told her so she said lemonade that was not lemonade!!!! Then I asked to change it to a mud slide. It was so much crushed ice that I could not use a straw to drink it. Never seen such a thing. You thing for almost $26 per drink they would be apologetic but no just worried about tips.,1,en,0.9173968434333801,negative,0,hotel,FAMILY,2026-07-20
1069299113,288592,"Brickell Arch, A Luxury Collection Hotel, Miami",Miami,This property gave us an an upgrade and sent some wonderful amenities during our anniversary! The room was clean and the staff was excellent. We will be back. Thank you!,5,en,0.9414482116699219,positive,0,hotel,COUPLES,2026-07-20
1069301718,85029,Intercontinental Miami By IHG,Miami,"The lounge space is wonderful. It is quiet during the day to get work done & the staff is incredibly, specifically Jackie. She was so helpful and was so attentive. They offer snacks from 2-4 and then a light dinner buffet 5-7. Very well done!",5,en,0.9467535018920898,positive,-1,Unknown,BUSINESS,2026-07-20
1069306558,85401,Rosen Inn at Pointe Orlando,Orlando,"Location is great, room was super dirty. Food all over carpets, found other people’s clothes on floor. Blood stains and other odd stains on sheets and worst of all roach egg casings and a giant roach. Will not be returning.",1,en,0.9085410833358765,negative,0,hotel,FAMILY,2026-07-21
1069371015,10673726,Hampton Inn & Suites Miami Wynwood Design District,Miami,"I would like to start out saying Victoria, you were absolutely amazing… and Gladys went above and beyond for us on our vacation. We had a really bad experience at a prior hotel. We came there and they just absolutely made the rest of our time in Miami Amazing. We appreciate you both so much thank you, The Stone family.",5,en,0.9683828353881836,positive,1,service,FAMILY,2026-07-21
1069374658,85029,Intercontinental Miami By IHG,Miami,Excellent room snd hotel. Bonus was to check in early,5,en,0.9886024594306946,positive,0,hotel,SOLO,2026-07-21
1069374663,85329,Castle Hotel Autograph Collection,Orlando,Comfortable accommodations with wonderful friendly staff. Clara and Jairo were great - always prepared with a coffee in the mornings!,5,en,0.9473035335540771,positive,-1,Unknown,BUSINESS,2026-07-21
1069388356,85029,Intercontinental Miami By IHG,Miami,"Muy bonito hotel, excelente ubicación, muy cómodo y todos muy serviciales",5,es,0.9791255593299866,positive,-1,Insufficient Data,FAMILY,2026-07-21
